-- H2 2.3.232; 
;              
CREATE USER IF NOT EXISTS "JCS" SALT 'b8f8e588b9dd8755' HASH 'e837590a604c2fb57c8863fb27b42cd147965a14acc56af656d9659355c319ad' ADMIN;         
CREATE USER IF NOT EXISTS "SA" SALT '378a4c32772bb0ee' HASH '372ebf893d725b4222383f1871307bfbc822a2d01e9e926edc5c0955a8ffb4f8' ADMIN;          
CREATE SCHEMA IF NOT EXISTS "jcs" AUTHORIZATION "JCS";         
DROP TABLE IF EXISTS "jcs"."tiles" CASCADE;    
DROP TABLE IF EXISTS "jcs"."accessories" CASCADE;              
DROP TABLE IF EXISTS "jcs"."blocks" CASCADE;   
DROP TABLE IF EXISTS "jcs"."sensors" CASCADE;  
DROP TABLE IF EXISTS "jcs"."locomotive_functions" CASCADE;     
DROP TABLE IF EXISTS "jcs"."locomotives" CASCADE;              
DROP TABLE IF EXISTS "jcs"."command_stations" CASCADE;         
DROP TABLE IF EXISTS "jcs"."route_elements" CASCADE;           
DROP TABLE IF EXISTS "jcs"."jcs_properties" CASCADE;           
DROP TABLE IF EXISTS "jcs"."jcs_version" CASCADE;              
DROP TABLE IF EXISTS "jcs"."routes" CASCADE;   
CREATE CACHED TABLE "jcs"."tiles"(
    "id" CHARACTER VARYING(255) SELECTIVITY 100 NOT NULL,
    "tile_type" CHARACTER VARYING(255) SELECTIVITY 2 NOT NULL,
    "orientation" CHARACTER VARYING(255) SELECTIVITY 1 NOT NULL,
    "direction" CHARACTER VARYING(255) SELECTIVITY 1 NOT NULL,
    "x" INTEGER SELECTIVITY 7 NOT NULL,
    "y" INTEGER SELECTIVITY 6 NOT NULL,
    "signal_type" CHARACTER VARYING(255) SELECTIVITY 1,
    "accessory_id" CHARACTER VARYING(255) SELECTIVITY 4,
    "sensor_id" INTEGER
);        
ALTER TABLE "jcs"."tiles" ADD CONSTRAINT "jcs"."tile_pk" PRIMARY KEY("id");    
-- 342 +/- SELECT COUNT(*) FROM jcs.tiles;     
INSERT INTO "jcs"."tiles" VALUES
('st-1', 'Straight', 'East', 'Center', 100, 60, NULL, NULL, NULL),
('ct-1', 'Curved', 'East', 'Center', 60, 60, NULL, NULL, NULL),
('st-2', 'Straight', 'South', 'Center', 60, 100, NULL, NULL, NULL),
('st-3', 'Straight', 'South', 'Center', 60, 140, NULL, NULL, NULL),
('st-4', 'Straight', 'South', 'Center', 60, 180, NULL, NULL, NULL),
('st-5', 'Straight', 'South', 'Center', 60, 220, NULL, NULL, NULL),
('st-6', 'Straight', 'West', 'Center', 140, 540, NULL, NULL, NULL),
('bk-1', 'Block', 'East', 'Center', 460, 140, NULL, NULL, NULL),
('bk-2', 'Block', 'West', 'Center', 380, 60, NULL, NULL, NULL),
('bk-3', 'Block', 'South', 'Center', 1060, 380, NULL, NULL, NULL),
('bk-4', 'Block', 'North', 'Center', 100, 220, NULL, NULL, NULL),
('se-1', 'Sensor', 'North', 'Center', 100, 140, NULL, NULL, 2020),
('se-2', 'Sensor', 'North', 'Center', 100, 300, NULL, NULL, 2023),
('ct-2', 'Curved', 'East', 'Center', 100, 100, NULL, NULL, NULL),
('st-7', 'Straight', 'East', 'Center', 140, 100, NULL, NULL, NULL),
('sw-1', 'Switch', 'East', 'Right', 180, 100, 'NONE', '12', NULL),
('sw-2', 'Switch', 'West', 'Right', 180, 60, 'NONE', '14', NULL),
('st-8', 'Straight', 'West', 'Center', 140, 60, NULL, NULL, NULL),
('st-9', 'Straight', 'West', 'Center', 220, 100, NULL, NULL, NULL),
('si-1', 'Signal', 'West', 'Center', 260, 60, 'NONE', NULL, NULL),
('se-3', 'Sensor', 'West', 'Center', 300, 60, NULL, NULL, 2017),
('se-4', 'Sensor', 'West', 'Center', 460, 60, NULL, NULL, 1032),
('st-11', 'Straight', 'West', 'Center', 500, 60, NULL, NULL, NULL),
('st-12', 'Straight', 'West', 'Center', 260, 100, NULL, NULL, NULL),
('st-13', 'Straight', 'West', 'Center', 300, 100, NULL, NULL, NULL),
('st-14', 'Straight', 'West', 'Center', 340, 100, NULL, NULL, NULL),
('st-15', 'Straight', 'West', 'Center', 380, 100, NULL, NULL, NULL),
('st-16', 'Straight', 'West', 'Center', 420, 100, NULL, NULL, NULL),
('st-17', 'Straight', 'West', 'Center', 460, 100, NULL, NULL, NULL),
('st-18', 'Straight', 'West', 'Center', 500, 100, NULL, NULL, NULL),
('sd-1', 'StraightDirection', 'East', 'Center', 540, 100, NULL, NULL, NULL),
('sd-2', 'StraightDirection', 'West', 'Center', 540, 60, NULL, NULL, NULL),
('bk-5', 'Block', 'West', 'Center', 380, 220, NULL, NULL, NULL),
('bk-6', 'Block', 'West', 'Center', 380, 260, NULL, NULL, NULL),
('st-19', 'Straight', 'West', 'Center', 300, 140, NULL, NULL, NULL),
('ct-3', 'Curved', 'East', 'Center', 180, 140, NULL, NULL, NULL),
('st-20', 'Straight', 'South', 'Center', 180, 180, NULL, NULL, NULL),
('st-21', 'Straight', 'South', 'Center', 260, 180, NULL, NULL, NULL),
('ct-4', 'Curved', 'North', 'Center', 180, 260, NULL, NULL, NULL),
('sw-4', 'Switch', 'East', 'Left', 260, 140, 'NONE', '28', NULL),
('ct-5', 'Curved', 'North', 'Center', 260, 220, NULL, NULL, NULL),
('se-5', 'Sensor', 'East', 'Center', 300, 220, NULL, NULL, 2005),
('se-6', 'Sensor', 'East', 'Center', 300, 260, NULL, NULL, 2007),
('se-7', 'Sensor', 'East', 'Center', 460, 220, NULL, NULL, 2024),
('se-8', 'Sensor', 'East', 'Center', 460, 260, NULL, NULL, 2025),
('st-22', 'Straight', 'East', 'Center', 220, 140, NULL, NULL, NULL),
('st-23', 'Straight', 'East', 'Center', 260, 260, NULL, NULL, NULL),
('st-24', 'Straight', 'East', 'Center', 220, 260, NULL, NULL, NULL),
('st-25', 'Straight', 'South', 'Center', 180, 220, NULL, NULL, NULL),
('st-26', 'Straight', 'West', 'Center', 220, 380, NULL, NULL, NULL),
('st-27', 'Straight', 'West', 'Center', 740, 380, NULL, NULL, NULL),
('et-1', 'End', 'East', 'Center', 500, 220, NULL, NULL, NULL),
('et-2', 'End', 'East', 'Center', 500, 260, NULL, NULL, NULL),
('st-28', 'Straight', 'East', 'Center', 340, 140, NULL, NULL, NULL),
('st-29', 'Straight', 'East', 'Center', 180, 540, NULL, NULL, NULL),
('st-30', 'Straight', 'East', 'Center', 380, 580, NULL, NULL, NULL),
('st-31', 'Straight', 'East', 'Center', 300, 460, NULL, NULL, NULL),
('st-32', 'Straight', 'East', 'Center', 660, 580, NULL, NULL, NULL),
('st-33', 'Straight', 'East', 'Center', 700, 580, NULL, NULL, NULL),
('st-35', 'Straight', 'East', 'Center', 620, 140, NULL, NULL, NULL),
('st-36', 'Straight', 'East', 'Center', 780, 380, NULL, NULL, NULL);           
INSERT INTO "jcs"."tiles" VALUES
('st-37', 'Straight', 'East', 'Center', 740, 340, NULL, NULL, NULL),
('st-38', 'Straight', 'East', 'Center', 780, 340, NULL, NULL, NULL),
('st-39', 'Straight', 'East', 'Center', 860, 300, NULL, NULL, NULL),
('sw-5', 'Switch', 'East', 'Left', 820, 300, 'NONE', '24', NULL),
('ct-6', 'Curved', 'West', 'Center', 820, 340, NULL, NULL, NULL),
('bk-7', 'Block', 'West', 'Center', 460, 340, NULL, NULL, NULL),
('bk-8', 'Block', 'West', 'Center', 460, 380, NULL, NULL, NULL),
('bk-9', 'Block', 'North', 'Center', 980, 500, NULL, NULL, NULL),
('se-9', 'Sensor', 'West', 'Center', 380, 340, NULL, NULL, 1028),
('se-10', 'Sensor', 'West', 'Center', 540, 340, NULL, NULL, 1022),
('se-11', 'Sensor', 'West', 'Center', 660, 380, NULL, NULL, 1019),
('se-12', 'Sensor', 'West', 'Center', 380, 380, NULL, NULL, 1027),
('sw-6', 'Switch', 'West', 'Left', 260, 380, 'NONE', '16', NULL),
('ct-7', 'Curved', 'East', 'Center', 260, 340, NULL, NULL, NULL),
('ct-8', 'Curved', 'North', 'Center', 100, 380, NULL, NULL, NULL),
('st-40', 'Straight', 'North', 'Center', 100, 340, NULL, NULL, NULL),
('st-41', 'Straight', 'East', 'Center', 140, 380, NULL, NULL, NULL),
('sd-3', 'StraightDirection', 'West', 'Center', 180, 380, NULL, NULL, NULL),
('se-13', 'Sensor', 'West', 'Center', 300, 340, NULL, NULL, 2002),
('se-14', 'Sensor', 'West', 'Center', 300, 380, NULL, NULL, 2031),
('si-2', 'Signal', 'West', 'Center', 340, 340, 'NONE', NULL, NULL),
('si-3', 'Signal', 'West', 'Center', 340, 380, 'NONE', NULL, NULL),
('se-15', 'Sensor', 'West', 'Center', 700, 460, NULL, NULL, 1030),
('se-16', 'Sensor', 'West', 'Center', 660, 340, NULL, NULL, 1021),
('se-17', 'Sensor', 'West', 'Center', 540, 380, NULL, NULL, 1020),
('st-42', 'Straight', 'West', 'Center', 580, 340, NULL, NULL, NULL),
('sd-4', 'StraightDirection', 'West', 'Center', 620, 340, NULL, NULL, NULL),
('sd-5', 'StraightDirection', 'West', 'Center', 620, 380, NULL, NULL, NULL),
('st-43', 'Straight', 'West', 'Center', 580, 380, NULL, NULL, NULL),
('st-44', 'Straight', 'West', 'Center', 700, 340, NULL, NULL, NULL),
('st-45', 'Straight', 'West', 'Center', 700, 380, NULL, NULL, NULL),
('st-46', 'Straight', 'West', 'Center', 820, 380, NULL, NULL, NULL),
('ct-9', 'Curved', 'North', 'Center', 780, 300, NULL, NULL, NULL),
('ct-10', 'Curved', 'South', 'Center', 780, 260, NULL, NULL, NULL),
('ct-11', 'Curved', 'South', 'Center', 740, 220, NULL, NULL, NULL),
('ct-12', 'Curved', 'North', 'Center', 740, 260, NULL, NULL, NULL),
('ct-13', 'Curved', 'North', 'Center', 700, 220, NULL, NULL, NULL),
('ct-14', 'Curved', 'South', 'Center', 700, 180, NULL, NULL, NULL),
('ct-15', 'Curved', 'North', 'Center', 660, 180, NULL, NULL, NULL),
('ct-16', 'Curved', 'South', 'Center', 660, 140, NULL, NULL, NULL),
('sw-7', 'Switch', 'East', 'Left', 900, 300, 'NONE', '20', NULL),
('ct-17', 'Curved', 'West', 'Center', 900, 340, NULL, NULL, NULL),
('ct-19', 'Curved', 'East', 'Center', 860, 340, NULL, NULL, NULL),
('ct-20', 'Curved', 'West', 'Center', 860, 380, NULL, NULL, NULL),
('st-47', 'Straight', 'West', 'Center', 940, 300, NULL, NULL, NULL),
('bk-10', 'Block', 'East', 'Center', 620, 460, NULL, NULL, NULL),
('bk-11', 'Block', 'East', 'Center', 620, 500, NULL, NULL, NULL),
('bk-12', 'Block', 'South', 'Center', 60, 340, NULL, NULL, NULL),
('se-18', 'Sensor', 'North', 'Center', 1060, 300, NULL, NULL, 2018),
('se-19', 'Sensor', 'North', 'Center', 1060, 460, NULL, NULL, 1018),
('ct-21', 'Curved', 'South', 'Center', 980, 300, NULL, NULL, NULL),
('ct-22', 'Curved', 'South', 'Center', 940, 460, NULL, NULL, NULL),
('si-4', 'Signal', 'East', 'Center', 740, 460, 'NONE', NULL, NULL),
('si-5', 'Signal', 'East', 'Center', 740, 500, 'NONE', NULL, NULL),
('si-6', 'Signal', 'North', 'Center', 980, 380, 'NONE', NULL, NULL),
('se-20', 'Sensor', 'West', 'Center', 380, 140, NULL, NULL, 2004),
('se-21', 'Sensor', 'West', 'Center', 540, 140, NULL, NULL, 2003),
('si-9', 'Signal', 'East', 'Center', 580, 140, 'NONE', NULL, NULL),
('se-22', 'Sensor', 'East', 'Center', 780, 460, NULL, NULL, 2001),
('se-23', 'Sensor', 'East', 'Center', 780, 500, NULL, NULL, 2032);
INSERT INTO "jcs"."tiles" VALUES
('se-24', 'Sensor', 'East', 'Center', 700, 500, NULL, NULL, 1031),
('se-25', 'Sensor', 'East', 'Center', 540, 460, NULL, NULL, 1024),
('se-26', 'Sensor', 'East', 'Center', 540, 500, NULL, NULL, 1026),
('se-27', 'Sensor', 'East', 'Center', 420, 460, NULL, NULL, 1023),
('se-28', 'Sensor', 'East', 'Center', 420, 500, NULL, NULL, 1025),
('sd-6', 'StraightDirection', 'East', 'Center', 460, 460, NULL, NULL, NULL),
('sd-7', 'StraightDirection', 'East', 'Center', 460, 500, NULL, NULL, NULL),
('st-48', 'Straight', 'East', 'Center', 500, 460, NULL, NULL, NULL),
('st-49', 'Straight', 'East', 'Center', 500, 500, NULL, NULL, NULL),
('sw-8', 'Switch', 'East', 'Left', 860, 460, 'NONE', '22', NULL),
('ct-23', 'Curved', 'West', 'Center', 860, 500, NULL, NULL, NULL),
('st-50', 'Straight', 'West', 'Center', 820, 460, NULL, NULL, NULL),
('st-51', 'Straight', 'West', 'Center', 900, 460, NULL, NULL, NULL),
('st-52', 'Straight', 'West', 'Center', 820, 500, NULL, NULL, NULL),
('st-53', 'Straight', 'North', 'Center', 940, 500, NULL, NULL, NULL),
('cr-1', 'Crossing', 'North', 'Center', 940, 700, NULL, NULL, NULL),
('cr-2', 'Crossing', 'North', 'Center', 980, 700, NULL, NULL, NULL),
('cr-3', 'Crossing', 'North', 'Center', 940, 740, NULL, NULL, NULL),
('cr-4', 'Crossing', 'North', 'Center', 980, 740, NULL, NULL, NULL),
('se-29', 'Sensor', 'North', 'Center', 980, 340, NULL, NULL, 1003),
('se-30', 'Sensor', 'North', 'Center', 980, 420, NULL, NULL, 1005),
('se-31', 'Sensor', 'North', 'Center', 980, 580, NULL, NULL, 1002),
('se-36', 'Sensor', 'East', 'Center', 460, 580, NULL, NULL, 1014),
('st-54', 'Straight', 'North', 'Center', 60, 460, NULL, NULL, NULL),
('st-55', 'Straight', 'East', 'Center', 260, 540, NULL, NULL, NULL),
('st-56', 'Straight', 'North', 'Center', 140, 780, NULL, NULL, NULL),
('st-57', 'Straight', 'North', 'Center', 1060, 140, NULL, NULL, NULL),
('st-58', 'Straight', 'East', 'Center', 100, 540, NULL, NULL, NULL),
('st-59', 'Straight', 'East', 'Center', 380, 460, NULL, NULL, NULL),
('st-60', 'Straight', 'East', 'Center', 380, 500, NULL, NULL, NULL),
('st-61', 'Straight', 'East', 'Center', 340, 500, NULL, NULL, NULL),
('st-62', 'Straight', 'East', 'Center', 340, 460, NULL, NULL, NULL),
('sw-9', 'Switch', 'West', 'Left', 300, 540, 'NONE', '26', NULL),
('sw-10', 'Switch', 'West', 'Left', 220, 540, 'NONE', '18', NULL),
('ct-24', 'Curved', 'East', 'Center', 300, 500, NULL, NULL, NULL),
('ct-25', 'Curved', 'East', 'Center', 220, 500, NULL, NULL, NULL),
('ct-26', 'Curved', 'West', 'Center', 260, 500, NULL, NULL, NULL),
('ct-27', 'Curved', 'East', 'Center', 260, 460, NULL, NULL, NULL),
('se-38', 'Sensor', 'North', 'Center', 60, 260, NULL, NULL, 2019),
('se-39', 'Sensor', 'North', 'Center', 60, 420, NULL, NULL, 2021),
('se-40', 'Sensor', 'North', 'Center', 60, 500, NULL, NULL, 2022),
('ct-29', 'Curved', 'North', 'Center', 60, 540, NULL, NULL, NULL),
('ct-30', 'Curved', 'South', 'Center', 340, 540, NULL, NULL, NULL),
('ct-31', 'Curved', 'North', 'Center', 340, 580, NULL, NULL, NULL),
('ct-32', 'Curved', 'North', 'Center', 220, 700, NULL, NULL, NULL),
('ct-34', 'Curved', 'West', 'Center', 1100, 740, NULL, NULL, NULL),
('bk-13', 'Block', 'East', 'Center', 540, 580, NULL, NULL, NULL),
('si-10', 'Signal', 'West', 'Center', 420, 580, 'NONE', NULL, NULL),
('se-41', 'Sensor', 'West', 'Center', 620, 580, NULL, NULL, 1015),
('et-3', 'End', 'East', 'Center', 740, 580, NULL, NULL, NULL),
('st-63', 'Straight', 'East', 'Center', 580, 60, NULL, NULL, NULL),
('st-64', 'Straight', 'East', 'Center', 580, 100, NULL, NULL, NULL),
('st-65', 'Straight', 'East', 'Center', 620, 60, NULL, NULL, NULL),
('st-66', 'Straight', 'East', 'Center', 660, 60, NULL, NULL, NULL),
('st-67', 'Straight', 'East', 'Center', 700, 60, NULL, NULL, NULL),
('st-68', 'Straight', 'East', 'Center', 740, 60, NULL, NULL, NULL),
('st-69', 'Straight', 'East', 'Center', 780, 60, NULL, NULL, NULL),
('st-70', 'Straight', 'East', 'Center', 820, 60, NULL, NULL, NULL),
('st-71', 'Straight', 'East', 'Center', 860, 60, NULL, NULL, NULL),
('st-72', 'Straight', 'East', 'Center', 900, 60, NULL, NULL, NULL);
INSERT INTO "jcs"."tiles" VALUES
('st-73', 'Straight', 'East', 'Center', 940, 60, NULL, NULL, NULL),
('st-74', 'Straight', 'East', 'Center', 620, 100, NULL, NULL, NULL),
('st-75', 'Straight', 'East', 'Center', 700, 100, NULL, NULL, NULL),
('st-76', 'Straight', 'East', 'Center', 860, 100, NULL, NULL, NULL),
('st-77', 'Straight', 'East', 'Center', 660, 100, NULL, NULL, NULL),
('st-78', 'Straight', 'East', 'Center', 940, 100, NULL, NULL, NULL),
('st-79', 'Straight', 'East', 'Center', 1020, 100, NULL, NULL, NULL),
('st-80', 'Straight', 'East', 'Center', 980, 60, NULL, NULL, NULL),
('st-81', 'Straight', 'East', 'Center', 1020, 60, NULL, NULL, NULL),
('st-82', 'Straight', 'East', 'Center', 1060, 60, NULL, NULL, NULL),
('st-83', 'Straight', 'South', 'Center', 1100, 140, NULL, NULL, NULL),
('sw-11', 'Switch', 'West', 'Right', 220, 660, 'NONE', '6', NULL),
('sw-12', 'Switch', 'West', 'Right', 220, 740, 'NONE', '4', NULL),
('sw-13', 'Switch', 'East', 'Left', 780, 740, 'NONE', '10', NULL),
('sw-14', 'Switch', 'East', 'Right', 780, 700, 'NONE', '8', NULL),
('bk-14', 'Block', 'West', 'Center', 420, 660, NULL, NULL, NULL),
('bk-15', 'Block', 'West', 'Center', 420, 700, NULL, NULL, NULL),
('bk-16', 'Block', 'East', 'Center', 620, 740, NULL, NULL, NULL),
('bk-17', 'Block', 'East', 'Center', 620, 780, NULL, NULL, NULL),
('se-42', 'Sensor', 'East', 'Center', 340, 660, NULL, NULL, 2028),
('se-43', 'Sensor', 'East', 'Center', 500, 660, NULL, NULL, 1013),
('se-44', 'Sensor', 'East', 'Center', 300, 660, NULL, NULL, 2030),
('se-45', 'Sensor', 'East', 'Center', 300, 700, NULL, NULL, 2029),
('se-46', 'Sensor', 'East', 'Center', 340, 700, NULL, NULL, 2027),
('se-47', 'Sensor', 'East', 'Center', 500, 700, NULL, NULL, 1012),
('se-48', 'Sensor', 'East', 'Center', 700, 740, NULL, NULL, 1010),
('se-49', 'Sensor', 'East', 'Center', 740, 740, NULL, NULL, 1016),
('se-50', 'Sensor', 'East', 'Center', 740, 780, NULL, NULL, 1017),
('se-51', 'Sensor', 'East', 'Center', 700, 780, NULL, NULL, 1009),
('se-52', 'Sensor', 'East', 'Center', 540, 780, NULL, NULL, 1008),
('se-53', 'Sensor', 'East', 'Center', 540, 740, NULL, NULL, 2026),
('ct-35', 'Curved', 'North', 'Center', 220, 780, NULL, NULL, NULL),
('ct-36', 'Curved', 'South', 'Center', 780, 660, NULL, NULL, NULL),
('ct-37', 'Curved', 'West', 'Center', 780, 780, NULL, NULL, NULL),
('st-84', 'Straight', 'West', 'Center', 540, 660, NULL, NULL, NULL),
('st-85', 'Straight', 'West', 'Center', 580, 660, NULL, NULL, NULL),
('st-86', 'Straight', 'West', 'Center', 540, 700, NULL, NULL, NULL),
('st-87', 'Straight', 'West', 'Center', 580, 700, NULL, NULL, NULL),
('sd-8', 'StraightDirection', 'West', 'Center', 620, 660, NULL, NULL, NULL),
('sd-9', 'StraightDirection', 'West', 'Center', 620, 700, NULL, NULL, NULL),
('sd-10', 'StraightDirection', 'East', 'Center', 380, 740, NULL, NULL, NULL),
('sd-11', 'StraightDirection', 'East', 'Center', 380, 780, NULL, NULL, NULL),
('st-88', 'Straight', 'West', 'Center', 260, 660, NULL, NULL, NULL),
('st-89', 'Straight', 'West', 'Center', 260, 700, NULL, NULL, NULL),
('st-90', 'Straight', 'West', 'Center', 660, 660, NULL, NULL, NULL),
('st-91', 'Straight', 'West', 'Center', 660, 700, NULL, NULL, NULL),
('st-92', 'Straight', 'West', 'Center', 700, 700, NULL, NULL, NULL),
('st-93', 'Straight', 'West', 'Center', 700, 660, NULL, NULL, NULL),
('st-94', 'Straight', 'West', 'Center', 740, 660, NULL, NULL, NULL),
('st-95', 'Straight', 'West', 'Center', 740, 700, NULL, NULL, NULL),
('st-96', 'Straight', 'West', 'Center', 820, 700, NULL, NULL, NULL),
('st-97', 'Straight', 'West', 'Center', 820, 740, NULL, NULL, NULL),
('st-98', 'Straight', 'West', 'Center', 260, 740, NULL, NULL, NULL),
('st-99', 'Straight', 'West', 'Center', 300, 740, NULL, NULL, NULL),
('st-100', 'Straight', 'West', 'Center', 340, 740, NULL, NULL, NULL),
('st-101', 'Straight', 'West', 'Center', 420, 740, NULL, NULL, NULL),
('st-102', 'Straight', 'West', 'Center', 460, 740, NULL, NULL, NULL),
('st-103', 'Straight', 'West', 'Center', 500, 740, NULL, NULL, NULL),
('st-104', 'Straight', 'West', 'Center', 500, 780, NULL, NULL, NULL),
('st-105', 'Straight', 'West', 'Center', 460, 780, NULL, NULL, NULL);          
INSERT INTO "jcs"."tiles" VALUES
('st-106', 'Straight', 'West', 'Center', 420, 780, NULL, NULL, NULL),
('st-107', 'Straight', 'West', 'Center', 340, 780, NULL, NULL, NULL),
('st-108', 'Straight', 'West', 'Center', 300, 780, NULL, NULL, NULL),
('st-109', 'Straight', 'West', 'Center', 260, 780, NULL, NULL, NULL),
('se-54', 'Sensor', 'North', 'Center', 1060, 500, NULL, NULL, 1011),
('st-110', 'Straight', 'East', 'Center', 740, 100, NULL, NULL, NULL),
('st-111', 'Straight', 'North', 'Center', 1060, 260, NULL, NULL, NULL),
('st-112', 'Straight', 'North', 'Center', 1060, 220, NULL, NULL, NULL),
('st-113', 'Straight', 'North', 'Center', 1060, 180, NULL, NULL, NULL),
('st-114', 'Straight', 'North', 'Center', 1060, 540, NULL, NULL, NULL),
('st-115', 'Straight', 'North', 'Center', 1060, 580, NULL, NULL, NULL),
('st-116', 'Straight', 'North', 'Center', 1060, 620, NULL, NULL, NULL),
('st-117', 'Straight', 'North', 'Center', 1060, 660, NULL, NULL, NULL),
('st-118', 'Straight', 'East', 'Center', 780, 100, NULL, NULL, NULL),
('st-119', 'Straight', 'East', 'Center', 820, 100, NULL, NULL, NULL),
('st-120', 'Straight', 'East', 'Center', 900, 100, NULL, NULL, NULL),
('st-121', 'Straight', 'East', 'Center', 980, 100, NULL, NULL, NULL),
('ct-38', 'Curved', 'South', 'Center', 1060, 100, NULL, NULL, NULL),
('ct-39', 'Curved', 'South', 'Center', 1100, 60, NULL, NULL, NULL),
('st-122', 'Straight', 'South', 'Center', 1100, 100, NULL, NULL, NULL),
('st-123', 'Straight', 'South', 'Center', 1100, 180, NULL, NULL, NULL),
('st-124', 'Straight', 'South', 'Center', 1100, 220, NULL, NULL, NULL),
('st-125', 'Straight', 'South', 'Center', 1100, 260, NULL, NULL, NULL),
('st-126', 'Straight', 'South', 'Center', 1100, 300, NULL, NULL, NULL),
('st-127', 'Straight', 'South', 'Center', 1100, 340, NULL, NULL, NULL),
('st-128', 'Straight', 'South', 'Center', 1100, 380, NULL, NULL, NULL),
('st-129', 'Straight', 'South', 'Center', 1100, 420, NULL, NULL, NULL),
('st-130', 'Straight', 'South', 'Center', 1100, 460, NULL, NULL, NULL),
('st-131', 'Straight', 'South', 'Center', 1100, 500, NULL, NULL, NULL),
('st-132', 'Straight', 'South', 'Center', 1100, 540, NULL, NULL, NULL),
('st-133', 'Straight', 'South', 'Center', 1100, 580, NULL, NULL, NULL),
('st-134', 'Straight', 'South', 'Center', 1100, 620, NULL, NULL, NULL),
('st-135', 'Straight', 'South', 'Center', 1100, 660, NULL, NULL, NULL),
('st-136', 'Straight', 'South', 'Center', 1100, 700, NULL, NULL, NULL),
('ct-41', 'Curved', 'West', 'Center', 1060, 700, NULL, NULL, NULL),
('st-137', 'Straight', 'West', 'Center', 1020, 700, NULL, NULL, NULL),
('st-138', 'Straight', 'West', 'Center', 1020, 740, NULL, NULL, NULL),
('st-139', 'Straight', 'West', 'Center', 1060, 740, NULL, NULL, NULL),
('st-140', 'Straight', 'West', 'Center', 900, 700, NULL, NULL, NULL),
('st-141', 'Straight', 'West', 'Center', 860, 700, NULL, NULL, NULL),
('st-142', 'Straight', 'West', 'Center', 860, 740, NULL, NULL, NULL),
('st-143', 'Straight', 'West', 'Center', 900, 740, NULL, NULL, NULL),
('st-144', 'Straight', 'North', 'Center', 940, 540, NULL, NULL, NULL),
('st-145', 'Straight', 'North', 'Center', 940, 580, NULL, NULL, NULL),
('st-146', 'Straight', 'North', 'Center', 940, 620, NULL, NULL, NULL),
('st-147', 'Straight', 'North', 'Center', 940, 660, NULL, NULL, NULL),
('st-148', 'Straight', 'North', 'Center', 980, 660, NULL, NULL, NULL),
('st-149', 'Straight', 'North', 'Center', 940, 780, NULL, NULL, NULL),
('bk-18', 'Block', 'West', 'Center', 420, 820, NULL, NULL, NULL),
('bk-19', 'Block', 'East', 'Center', 460, 860, NULL, NULL, NULL),
('si-11', 'Signal', 'West', 'Center', 300, 820, 'HP01', '30', NULL),
('se-56', 'Sensor', 'West', 'Center', 340, 820, NULL, NULL, 1004),
('se-57', 'Sensor', 'West', 'Center', 500, 820, NULL, NULL, 1001),
('se-58', 'Sensor', 'West', 'Center', 260, 820, NULL, NULL, 1029),
('sd-12', 'StraightDirection', 'West', 'Center', 220, 820, NULL, NULL, NULL),
('sd-13', 'StraightDirection', 'East', 'Center', 220, 860, NULL, NULL, NULL),
('se-59', 'Sensor', 'East', 'Center', 380, 860, NULL, NULL, 1007),
('se-60', 'Sensor', 'East', 'Center', 540, 860, NULL, NULL, 1006);            
INSERT INTO "jcs"."tiles" VALUES
('si-12', 'Signal', 'East', 'Center', 580, 860, 'NONE', NULL, NULL),
('st-151', 'Straight', 'East', 'Center', 540, 820, NULL, NULL, NULL),
('st-152', 'Straight', 'East', 'Center', 340, 860, NULL, NULL, NULL),
('st-153', 'Straight', 'East', 'Center', 300, 860, NULL, NULL, NULL),
('st-154', 'Straight', 'East', 'Center', 260, 860, NULL, NULL, NULL),
('st-156', 'Straight', 'East', 'Center', 620, 820, NULL, NULL, NULL),
('sw-15', 'Switch', 'West', 'Right', 660, 820, 'NONE', '0', NULL),
('sw-16', 'Switch', 'East', 'Right', 660, 860, 'NONE', '2', NULL),
('si-13', 'Signal', 'South', 'Center', 980, 620, 'NONE', NULL, NULL),
('ct-42', 'Curved', 'West', 'Center', 940, 820, NULL, NULL, NULL),
('ct-43', 'Curved', 'North', 'Center', 140, 820, NULL, NULL, NULL),
('ct-44', 'Curved', 'North', 'Center', 100, 860, NULL, NULL, NULL),
('ct-45', 'Curved', 'West', 'Center', 980, 860, NULL, NULL, NULL),
('ct-46', 'Curved', 'East', 'Center', 100, 660, NULL, NULL, NULL),
('st-157', 'Straight', 'East', 'Center', 140, 660, NULL, NULL, NULL),
('st-158', 'Straight', 'East', 'Center', 180, 660, NULL, NULL, NULL),
('st-159', 'Straight', 'South', 'Center', 100, 700, NULL, NULL, NULL),
('st-160', 'Straight', 'South', 'Center', 100, 740, NULL, NULL, NULL),
('st-161', 'Straight', 'South', 'Center', 100, 780, NULL, NULL, NULL),
('st-162', 'Straight', 'South', 'Center', 100, 820, NULL, NULL, NULL),
('st-163', 'Straight', 'West', 'Center', 180, 820, NULL, NULL, NULL),
('ct-47', 'Curved', 'East', 'Center', 140, 740, NULL, NULL, NULL),
('st-164', 'Straight', 'East', 'Center', 180, 740, NULL, NULL, NULL),
('st-165', 'Straight', 'East', 'Center', 140, 860, NULL, NULL, NULL),
('st-166', 'Straight', 'East', 'Center', 180, 860, NULL, NULL, NULL),
('st-167', 'Straight', 'East', 'Center', 700, 820, NULL, NULL, NULL),
('st-168', 'Straight', 'East', 'Center', 740, 820, NULL, NULL, NULL),
('st-169', 'Straight', 'East', 'Center', 780, 820, NULL, NULL, NULL),
('st-170', 'Straight', 'East', 'Center', 820, 820, NULL, NULL, NULL),
('st-171', 'Straight', 'East', 'Center', 860, 820, NULL, NULL, NULL),
('st-172', 'Straight', 'East', 'Center', 900, 820, NULL, NULL, NULL),
('st-173', 'Straight', 'East', 'Center', 700, 860, NULL, NULL, NULL),
('st-174', 'Straight', 'East', 'Center', 740, 860, NULL, NULL, NULL),
('st-175', 'Straight', 'East', 'Center', 780, 860, NULL, NULL, NULL),
('st-176', 'Straight', 'East', 'Center', 820, 860, NULL, NULL, NULL),
('st-177', 'Straight', 'East', 'Center', 860, 860, NULL, NULL, NULL),
('st-178', 'Straight', 'East', 'Center', 900, 860, NULL, NULL, NULL),
('st-179', 'Straight', 'East', 'Center', 940, 860, NULL, NULL, NULL),
('st-180', 'Straight', 'South', 'Center', 980, 820, NULL, NULL, NULL),
('st-181', 'Straight', 'South', 'Center', 980, 780, NULL, NULL, NULL),
('sd-14', 'StraightDirection', 'West', 'Center', 220, 60, NULL, NULL, NULL),
('sd-15', 'StraightDirection', 'East', 'Center', 620, 860, NULL, NULL, NULL),
('sd-16', 'StraightDirection', 'West', 'Center', 580, 820, NULL, NULL, NULL);       
CREATE UNIQUE NULLS DISTINCT INDEX "jcs"."tile_pk_idx" ON "jcs"."tiles"("id" NULLS FIRST);     
CREATE UNIQUE NULLS DISTINCT INDEX "jcs"."tile_x_y_un_idx" ON "jcs"."tiles"("x" NULLS FIRST, "y" NULLS FIRST); 
CREATE CACHED TABLE "jcs"."accessories"(
    "id" CHARACTER VARYING(255) NOT NULL,
    "address" INTEGER NOT NULL,
    "name" CHARACTER VARYING(255) NOT NULL,
    "type" CHARACTER VARYING(255) NOT NULL,
    "state" INTEGER,
    "states" INTEGER,
    "switch_time" INTEGER,
    "protocol" CHARACTER VARYING(255),
    "decoder" CHARACTER VARYING(255),
    "accessory_group" CHARACTER VARYING(255),
    "icon" CHARACTER VARYING(255),
    "icon_file" CHARACTER VARYING(255),
    "imported" CHARACTER VARYING(255),
    "command_station_id" CHARACTER VARYING(255) NOT NULL,
    "synchronize" BOOLEAN DEFAULT FALSE NOT NULL
);    
ALTER TABLE "jcs"."accessories" ADD CONSTRAINT "jcs"."acce_pk" PRIMARY KEY("id");              
-- 35 +/- SELECT COUNT(*) FROM jcs.accessories;
INSERT INTO "jcs"."accessories" VALUES
('0', 1, 'W 1R', 'rechtsweiche', 1, 2, 100, 'mm', 'ein_alt', 'weichen', '005', 'magicon_a_005_01.svg', NULL, 'marklin.cs', FALSE),
('2', 2, 'W 2R', 'rechtsweiche', 1, 2, 100, 'mm', 'ein_alt', 'weichen', '005', 'magicon_a_005_00.svg', NULL, 'marklin.cs', FALSE),
('4', 3, 'W 3R', 'rechtsweiche', 0, 2, 100, 'mm', 'ein_alt', 'weichen', '005', 'magicon_a_005_00.svg', NULL, 'marklin.cs', FALSE),
('6', 4, 'W 4R', 'rechtsweiche', 0, 2, 100, 'mm', 'ein_alt', 'weichen', '005', 'magicon_a_005_00.svg', NULL, 'marklin.cs', FALSE),
('8', 5, 'W 5R', 'rechtsweiche', 0, 2, 100, 'mm', 'ein_alt', 'weichen', '005', 'magicon_a_005_00.svg', NULL, 'marklin.cs', FALSE),
('10', 6, 'W 6R', 'rechtsweiche', 1, 2, 100, 'mm', 'ein_alt', 'weichen', '005', 'magicon_a_005_00.svg', NULL, 'marklin.cs', FALSE),
('12', 7, 'W 7R', 'rechtsweiche', 1, 2, 100, 'mm', 'ein_alt', 'weichen', '005', 'magicon_a_005_00.svg', NULL, 'marklin.cs', FALSE),
('14', 8, 'W 8L', 'linksweiche', 1, 2, 100, 'mm', 'ein_alt', 'weichen', '006', 'magicon_a_006_00.svg', NULL, 'marklin.cs', FALSE),
('16', 9, 'W 9L', 'linksweiche', 1, 2, 100, 'mm', 'ein_alt', 'weichen', '006', 'magicon_a_006_00.svg', NULL, 'marklin.cs', FALSE),
('18', 10, 'W 10L', 'linksweiche', 1, 2, 100, 'mm', 'ein_alt', 'weichen', '006', 'magicon_a_006_00.svg', NULL, 'marklin.cs', FALSE),
('20', 11, 'W 11L', 'linksweiche', 0, 2, 100, 'mm', 'ein_alt', 'weichen', '006', 'magicon_a_006_00.svg', NULL, 'marklin.cs', FALSE),
('22', 12, 'W 12L', 'linksweiche', 0, 2, 100, 'mm', 'ein_alt', 'weichen', '006', 'magicon_a_006_00.svg', NULL, 'marklin.cs', FALSE),
('24', 13, 'W 13L', 'linksweiche', 0, 2, 100, 'mm', 'ein_alt', 'weichen', '006', 'magicon_a_006_00.svg', NULL, 'marklin.cs', FALSE),
('26', 14, 'W 14L', 'linksweiche', 0, 2, 100, 'mm', 'ein_alt', 'weichen', '006', 'magicon_a_006_00.svg', NULL, 'marklin.cs', FALSE),
('28', 15, 'W 15L', 'rechtsweiche', 0, 2, 100, 'mm', 'ein_alt', 'weichen', '005', 'magicon_a_005_00.svg', NULL, 'marklin.cs', FALSE),
('30', 16, 'S 16', 'lichtsignal_HP01', 0, 2, 100, 'mm', 'ein_alt', 'lichtsignale', '015', 'magicon_a_015_00.svg', NULL, 'marklin.cs', FALSE),
('36', 19, 'S 19', 'lichtsignal_HP01', 0, 2, 200, 'mm', 'ein_alt', 'lichtsignale', '015', 'magicon_a_015_00.svg', 'CS', 'marklin.cs', TRUE),
('38', 20, 'S 20', 'lichtsignal_HP01', 0, 2, 200, 'mm', 'ein_alt', 'lichtsignale', '015', 'magicon_a_015_00.svg', 'CS', 'marklin.cs', TRUE),
('40', 21, 'S 21', 'lichtsignal_SH01', 0, 2, 200, 'mm', 'ein_alt', 'lichtsignale', '019', 'magicon_a_019_00.svg', 'CS', 'marklin.cs', TRUE),
('42', 22, 'S 22', 'lichtsignal_SH01', 0, 2, 200, 'mm', 'ein_alt', 'lichtsignale', '019', 'magicon_a_019_00.svg', 'CS', 'marklin.cs', TRUE),
('44', 23, 'S 23', 'lichtsignal_SH01', 0, 2, 200, 'mm', 'ein_alt', 'lichtsignale', '019', 'magicon_a_019_00.svg', 'CS', 'marklin.cs', TRUE),
('46', 24, 'S 24', 'lichtsignal_SH01', 0, 2, 200, 'mm', 'ein_alt', 'lichtsignale', '019', 'magicon_a_019_00.svg', 'CS', 'marklin.cs', TRUE),
('48', 25, 'S 25/26', 'urc_lichtsignal_HP012_SH01', 0, 4, 200, 'mm', 'ein_alt', 'lichtsignale', '027', 'magicon_a_027_00.svg', 'CS', 'marklin.cs', TRUE),
('52', 27, 'S 27/28', 'urc_lichtsignal_HP012_SH01', 0, 4, 200, 'mm', 'ein_alt', 'lichtsignale', '027', 'magicon_a_027_00.svg', 'CS', 'marklin.cs', TRUE),
('56', 29, 'S 29/30', 'urc_lichtsignal_HP012_SH01', 0, 4, 200, 'mm', 'ein_alt', 'lichtsignale', '027', 'magicon_a_027_00.svg', 'CS', 'marklin.cs', TRUE),
('60', 31, 'S 31/32', 'urc_lichtsignal_HP012_SH01', 0, 4, 200, 'mm', 'ein_alt', 'lichtsignale', '027', 'magicon_a_027_00.svg', 'CS', 'marklin.cs', TRUE),
('64', 33, 'S 33', 'lichtsignal_HP01', 1, 2, 200, 'mm', 'ein_alt', 'lichtsignale', '015', 'magicon_a_015_01.svg', 'CS', 'marklin.cs', TRUE),
('68', 35, 'S 35', 'lichtsignal_HP01', 0, 2, 200, 'mm', 'ein_alt', 'lichtsignale', '015', 'magicon_a_015_00.svg', 'CS', 'marklin.cs', TRUE),
('70', 36, 'S 36', 'lichtsignal_HP01', 0, 2, 200, 'mm', 'ein_alt', 'lichtsignale', '015', 'magicon_a_015_00.svg', 'CS', 'marklin.cs', TRUE),
('80', 41, 'S 41', 'urc_lichtsignal_HP012', 0, 3, 200, 'mm', 'ein_alt', 'lichtsignale', '026', 'magicon_a_026_00.svg', 'CS', 'marklin.cs', TRUE);
INSERT INTO "jcs"."accessories" VALUES
('84', 43, 'S 43', 'lichtsignal_HP01', 0, 2, 200, 'mm', 'ein_alt', 'lichtsignale', '015', 'magicon_a_015_00.svg', 'CS', 'marklin.cs', TRUE),
('92', 47, 'S 47', 'lichtsignal_HP01', 0, 2, 200, 'mm', 'ein_alt', 'lichtsignale', '015', 'magicon_a_015_00.svg', 'CS', 'marklin.cs', TRUE),
('96', 49, 'S 49', 'urc_lichtsignal_HP012', 0, 3, 200, 'mm', 'ein_alt', 'lichtsignale', '026', 'magicon_a_026_00.svg', 'CS', 'marklin.cs', TRUE),
('100', 51, 'S 51', 'lichtsignal_HP01', 0, 2, 200, 'mm', 'ein_alt', 'lichtsignale', '015', 'magicon_a_015_00.svg', 'CS', 'marklin.cs', TRUE),
('104', 53, 'S 53', 'lichtsignal_HP01', 0, 2, 200, 'mm', 'ein_alt', 'lichtsignale', '015', 'magicon_a_015_00.svg', 'CS', 'marklin.cs', TRUE); 
CREATE UNIQUE NULLS DISTINCT INDEX "jcs"."acce_address_un_idx" ON "jcs"."accessories"("address" NULLS FIRST, "protocol" NULLS FIRST, "command_station_id" NULLS FIRST);        
CREATE UNIQUE NULLS DISTINCT INDEX "jcs"."acce_pk_idx" ON "jcs"."accessories"("id" NULLS FIRST);               
CREATE CACHED TABLE "jcs"."blocks"(
    "id" CHARACTER VARYING(255) SELECTIVITY 100 NOT NULL,
    "tile_id" CHARACTER VARYING(255) SELECTIVITY 100 NOT NULL,
    "description" CHARACTER VARYING(255) SELECTIVITY 100,
    "plus_sensor_id" INTEGER SELECTIVITY 100,
    "min_sensor_id" INTEGER SELECTIVITY 100,
    "plus_signal_id" CHARACTER VARYING(255) SELECTIVITY 5,
    "min_signal_id" CHARACTER VARYING(255) SELECTIVITY 5,
    "locomotive_id" BIGINT SELECTIVITY 31,
    "allow_non_commuter_only" BOOLEAN DEFAULT FALSE SELECTIVITY 10 NOT NULL,
    "status" CHARACTER VARYING(255) SELECTIVITY 21,
    "incoming_suffix" CHARACTER VARYING(255) SELECTIVITY 10,
    "min_wait_time" INTEGER DEFAULT 10 SELECTIVITY 5 NOT NULL,
    "max_wait_time" INTEGER SELECTIVITY 5,
    "random_wait" BOOLEAN DEFAULT FALSE SELECTIVITY 5 NOT NULL,
    "always_stop" BOOLEAN DEFAULT FALSE SELECTIVITY 10 NOT NULL,
    "allow_commuter_only" BOOLEAN DEFAULT FALSE SELECTIVITY 10 NOT NULL,
    "logical_direction" CHARACTER VARYING(255) SELECTIVITY 15
);           
ALTER TABLE "jcs"."blocks" ADD CONSTRAINT "jcs"."bloc_pk" PRIMARY KEY("id");   
-- 19 +/- SELECT COUNT(*) FROM jcs.blocks;     
INSERT INTO "jcs"."blocks" VALUES
('bk-1', 'bk-1', 'blok 1', 2003, 2004, NULL, NULL, NULL, FALSE, 'Free', NULL, 10, NULL, FALSE, FALSE, TRUE, NULL),
('bk-2', 'bk-2', 'blok 2', 2017, 1032, NULL, NULL, NULL, TRUE, 'Free', NULL, 10, NULL, FALSE, FALSE, TRUE, NULL),
('bk-3', 'bk-3', 'blok 3', 1018, 2018, NULL, NULL, 16397, TRUE, 'Occupied', '-', 10, NULL, FALSE, FALSE, TRUE, 'Forwards'),
('bk-4', 'bk-4', 'blok 4', 2020, 2023, NULL, NULL, 63, TRUE, 'Occupied', '-', 10, NULL, FALSE, FALSE, TRUE, 'Forwards'),
('bk-5', 'bk-5', 'wpk-s5b', 2005, 2024, NULL, NULL, NULL, FALSE, 'Free', NULL, 10, NULL, FALSE, TRUE, TRUE, NULL),
('bk-6', 'bk-6', 'wpk-s5a', 2007, 2025, NULL, NULL, NULL, FALSE, 'Free', NULL, 10, NULL, FALSE, TRUE, TRUE, NULL),
('bk-7', 'bk-7', 'mcs-s4', 1028, 1022, NULL, NULL, 23, TRUE, 'Occupied', '-', 10, NULL, FALSE, TRUE, FALSE, 'Backwards'),
('bk-8', 'bk-8', 'msc-s3', 1027, 1020, NULL, NULL, 49163, TRUE, 'Occupied', '-', 10, NULL, FALSE, TRUE, FALSE, 'Forwards'),
('bk-9', 'bk-9', 'blok 9', 1005, 1002, NULL, NULL, NULL, TRUE, 'Free', NULL, 10, NULL, FALSE, FALSE, TRUE, NULL),
('bk-10', 'bk-10', 'mcs-s2', 1030, 1024, NULL, NULL, NULL, TRUE, 'Free', NULL, 10, NULL, FALSE, TRUE, FALSE, NULL),
('bk-11', 'bk-11', 'mcs-s1', 1031, 1026, NULL, NULL, NULL, TRUE, 'Free', NULL, 10, NULL, FALSE, TRUE, FALSE, NULL),
('bk-12', 'bk-12', 'blok 12', 2021, 2019, NULL, NULL, NULL, TRUE, 'Free', NULL, 10, NULL, FALSE, FALSE, TRUE, NULL),
('bk-13', 'bk-13', 'stw-s1', 1015, 1014, NULL, NULL, NULL, FALSE, 'Free', NULL, 10, NULL, FALSE, TRUE, TRUE, NULL),
('bk-14', 'bk-14', 'schaduw-s4', 2028, 1013, NULL, NULL, NULL, FALSE, 'Free', NULL, 10, NULL, FALSE, TRUE, FALSE, NULL),
('bk-15', 'bk-15', 'schaduw-s3', 2027, 1012, NULL, NULL, 16404, FALSE, 'Occupied', '-', 10, NULL, FALSE, TRUE, FALSE, 'Backwards'),
('bk-16', 'bk-16', 'schaduw-s2', 1010, 2026, NULL, NULL, 12, FALSE, 'Occupied', '-', 10, NULL, FALSE, TRUE, FALSE, 'Backwards'),
('bk-17', 'bk-17', 'schaduw-s1', 1009, 1008, NULL, NULL, 16396, FALSE, 'Occupied', '-', 10, NULL, FALSE, TRUE, FALSE, 'Forwards'),
('bk-18', 'bk-18', 'blok 18', 1004, 1001, NULL, NULL, NULL, FALSE, 'Free', NULL, 10, NULL, FALSE, TRUE, FALSE, NULL),
('bk-19', 'bk-19', 'blok 19', 1006, 1007, NULL, NULL, NULL, TRUE, 'Free', NULL, 10, NULL, FALSE, FALSE, TRUE, NULL);         
CREATE UNIQUE NULLS DISTINCT INDEX "jcs"."bloc_pk_idx" ON "jcs"."blocks"("id" NULLS FIRST);    
CREATE UNIQUE NULLS DISTINCT INDEX "jcs"."bloc_tile_idx" ON "jcs"."blocks"("tile_id" NULLS FIRST);             
CREATE CACHED TABLE "jcs"."sensors"(
    "id" INTEGER NOT NULL,
    "name" CHARACTER VARYING(255) NOT NULL,
    "device_id" INTEGER,
    "contact_id" INTEGER,
    "status" INTEGER,
    "previous_status" INTEGER,
    "millis" INTEGER,
    "last_updated" DATE,
    "node_id" INTEGER,
    "bus_nr" INTEGER DEFAULT 0 NOT NULL,
    "command_station_id" CHARACTER VARYING(255) NOT NULL
); 
ALTER TABLE "jcs"."sensors" ADD CONSTRAINT "jcs"."sens_pk" PRIMARY KEY("id");  
-- 96 +/- SELECT COUNT(*) FROM jcs.sensors;    
INSERT INTO "jcs"."sensors" VALUES
(1, 'B0-M01-C01', 1, 1, 0, 0, NULL, NULL, 65, 0, 'marklin.cs'),
(2, 'B0-M01-C02', 1, 2, 0, 0, NULL, NULL, 65, 0, 'marklin.cs'),
(3, 'B0-M01-C03', 1, 3, 0, 0, NULL, NULL, 65, 0, 'marklin.cs'),
(4, 'B0-M01-C04', 1, 4, 0, 0, NULL, NULL, 65, 0, 'marklin.cs'),
(5, 'B0-M01-C05', 1, 5, 0, 0, NULL, NULL, 65, 0, 'marklin.cs'),
(6, 'B0-M01-C06', 1, 6, 0, 0, NULL, NULL, 65, 0, 'marklin.cs'),
(7, 'B0-M01-C07', 1, 7, 0, 0, NULL, NULL, 65, 0, 'marklin.cs'),
(8, 'B0-M01-C08', 1, 8, 0, 0, NULL, NULL, 65, 0, 'marklin.cs'),
(9, 'B0-M01-C09', 1, 9, 0, 0, NULL, NULL, 65, 0, 'marklin.cs'),
(10, 'B0-M01-C10', 1, 10, 0, 0, NULL, NULL, 65, 0, 'marklin.cs'),
(11, 'B0-M01-C11', 1, 11, 0, 0, NULL, NULL, 65, 0, 'marklin.cs'),
(12, 'B0-M01-C12', 1, 12, 0, 0, NULL, NULL, 65, 0, 'marklin.cs'),
(13, 'B0-M01-C13', 1, 13, 0, 0, NULL, NULL, 65, 0, 'marklin.cs'),
(14, 'B0-M01-C14', 1, 14, 0, 0, NULL, NULL, 65, 0, 'marklin.cs'),
(15, 'B0-M01-C15', 1, 15, 0, 0, NULL, NULL, 65, 0, 'marklin.cs'),
(16, 'B0-M01-C16', 1, 16, 0, 0, NULL, NULL, 65, 0, 'marklin.cs'),
(1001, 'B1-M01-C01', NULL, NULL, 0, 1, 400, DATE '2025-09-03', 65, 1, 'marklin.cs'),
(1002, 'B1-M01-C02', NULL, NULL, 0, 1, 700, DATE '2025-09-11', 65, 1, 'marklin.cs'),
(1003, 'B1-M01-C03', NULL, NULL, 0, 1, 400, DATE '2025-09-11', 65, 1, 'marklin.cs'),
(1004, 'B1-M01-C04', NULL, NULL, 0, 1, 2800, DATE '2025-09-11', 65, 1, 'marklin.cs'),
(1005, 'B1-M01-C05', NULL, NULL, 0, 1, 2000, DATE '2025-09-11', 65, 1, 'marklin.cs'),
(1006, 'B1-M01-C06', NULL, NULL, 0, 1, 59800, DATE '2025-09-11', 65, 1, 'marklin.cs'),
(1007, 'B1-M01-C07', NULL, NULL, 0, 1, 900, DATE '2025-09-11', 65, 1, 'marklin.cs'),
(1008, 'B1-M01-C08', NULL, NULL, 0, 1, 300, DATE '2025-09-11', 65, 1, 'marklin.cs'),
(1009, 'B1-M01-C09', NULL, NULL, 1, 0, 655350, DATE '2025-09-11', 65, 1, 'marklin.cs'),
(1010, 'B1-M01-C10', NULL, NULL, 1, 0, 655350, DATE '2025-09-11', 65, 1, 'marklin.cs'),
(1011, 'B1-M01-C11', NULL, NULL, 0, 1, 300, DATE '2025-09-11', 65, 1, 'marklin.cs'),
(1012, 'B1-M01-C12', NULL, NULL, 0, 1, 400, DATE '2025-09-11', 65, 1, 'marklin.cs'),
(1013, 'B1-M01-C13', NULL, NULL, 0, 1, 300, DATE '2025-09-11', 65, 1, 'marklin.cs'),
(1014, 'B1-M01-C14', NULL, NULL, 0, 1, 1100, DATE '2025-09-11', 65, 1, 'marklin.cs'),
(1015, 'B1-M01-C15', NULL, NULL, 0, 1, 800, DATE '2025-09-11', 65, 1, 'marklin.cs'),
(1016, 'B1-M01-C16', NULL, NULL, 0, 1, 400, DATE '2025-09-03', 65, 1, 'marklin.cs'),
(1017, 'B1-M02-C01', NULL, NULL, 0, 0, 400, DATE '2025-08-02', 65, 1, 'marklin.cs'),
(1018, 'B1-M02-C02', NULL, NULL, 1, 0, 58100, DATE '2025-09-11', 65, 1, 'marklin.cs'),
(1019, 'B1-M02-C03', NULL, NULL, 0, 1, 3600, DATE '2025-09-11', 65, 1, 'marklin.cs'),
(1020, 'B1-M02-C04', NULL, NULL, 0, 1, 10700, DATE '2025-09-11', 65, 1, 'marklin.cs'),
(1021, 'B1-M02-C05', NULL, NULL, 0, 1, 2300, DATE '2025-09-11', 65, 1, 'marklin.cs'),
(1022, 'B1-M02-C06', NULL, NULL, 1, 0, 152900, DATE '2025-09-11', 65, 1, 'marklin.cs'),
(1023, 'B1-M02-C07', NULL, NULL, 0, 1, 4000, DATE '2025-09-03', 65, 1, 'marklin.cs'),
(1024, 'B1-M02-C08', NULL, NULL, 0, 1, 14400, DATE '2025-09-03', 65, 1, 'marklin.cs'),
(1025, 'B1-M02-C09', NULL, NULL, 0, 1, 3500, DATE '2025-09-03', 65, 1, 'marklin.cs'),
(1026, 'B1-M02-C10', NULL, NULL, 0, 1, 16400, DATE '2025-09-03', 65, 1, 'marklin.cs'),
(1027, 'B1-M02-C11', NULL, NULL, 1, 0, 50700, DATE '2025-09-11', 65, 1, 'marklin.cs'),
(1028, 'B1-M02-C12', NULL, NULL, 1, 0, 34600, DATE '2025-09-11', 65, 1, 'marklin.cs'),
(1029, 'B1-M02-C13', NULL, NULL, 0, 1, 700, DATE '2025-09-11', 65, 1, 'marklin.cs'),
(1030, 'B1-M02-C14', NULL, NULL, 0, 1, 700, DATE '2025-09-03', 65, 1, 'marklin.cs'),
(1031, 'B1-M02-C15', NULL, NULL, 0, 1, 16700, DATE '2025-09-03', 65, 1, 'marklin.cs'),
(1032, 'B1-M02-C16', NULL, NULL, 0, 1, 1000, DATE '2025-09-11', 65, 1, 'marklin.cs'),
(2001, 'B2-M01-C01', NULL, NULL, 0, 1, 1600, DATE '2025-09-03', 65, 2, 'marklin.cs'),
(2002, 'B2-M01-C02', NULL, NULL, 0, 1, 600, DATE '2025-09-11', 65, 2, 'marklin.cs'),
(2003, 'B2-M01-C03', 1, 3, 0, 0, NULL, NULL, 65, 2, 'marklin.cs'),
(2004, 'B2-M01-C04', 1, 4, 0, 0, NULL, NULL, 65, 2, 'marklin.cs');             
INSERT INTO "jcs"."sensors" VALUES
(2005, 'B2-M01-C05', 1, 5, 0, 0, NULL, NULL, 65, 2, 'marklin.cs'),
(2006, 'B2-M01-C06', 1, 6, 0, 0, NULL, NULL, 65, 2, 'marklin.cs'),
(2007, 'B2-M01-C07', 1, 7, 0, 0, NULL, NULL, 65, 2, 'marklin.cs'),
(2008, 'B2-M01-C08', 1, 8, 0, 0, NULL, NULL, 65, 2, 'marklin.cs'),
(2009, 'B2-M01-C09', 1, 9, 0, 0, NULL, NULL, 65, 2, 'marklin.cs'),
(2010, 'B2-M01-C10', 1, 10, 0, 0, NULL, NULL, 65, 2, 'marklin.cs'),
(2011, 'B2-M01-C11', 1, 11, 0, 0, NULL, NULL, 65, 2, 'marklin.cs'),
(2012, 'B2-M01-C12', 1, 12, 0, 0, NULL, NULL, 65, 2, 'marklin.cs'),
(2013, 'B2-M01-C13', 1, 13, 0, 0, NULL, NULL, 65, 2, 'marklin.cs'),
(2014, 'B2-M01-C14', 1, 14, 0, 0, NULL, NULL, 65, 2, 'marklin.cs'),
(2015, 'B2-M01-C15', 1, 15, 0, 0, NULL, NULL, 65, 2, 'marklin.cs'),
(2016, 'B2-M01-C16', 1, 16, 0, 0, NULL, NULL, 65, 2, 'marklin.cs'),
(2017, 'B2-M02-C01', NULL, NULL, 0, 1, 1100, DATE '2025-09-11', 65, 2, 'marklin.cs'),
(2018, 'B2-M02-C02', NULL, NULL, 0, 1, 600, DATE '2025-09-11', 65, 2, 'marklin.cs'),
(2019, 'B2-M02-C03', NULL, NULL, 0, 1, 400, DATE '2025-09-11', 65, 2, 'marklin.cs'),
(2020, 'B2-M02-C04', NULL, NULL, 1, 0, 49300, DATE '2025-09-11', 65, 2, 'marklin.cs'),
(2021, 'B2-M02-C05', NULL, NULL, 0, 1, 1300, DATE '2025-09-11', 65, 2, 'marklin.cs'),
(2022, 'B2-M02-C06', NULL, NULL, 0, 1, 400, DATE '2025-09-11', 65, 2, 'marklin.cs'),
(2023, 'B2-M02-C07', NULL, NULL, 0, 1, 1200, DATE '2025-09-11', 65, 2, 'marklin.cs'),
(2024, 'B2-M02-C08', 2, 8, 0, 0, NULL, NULL, 65, 2, 'marklin.cs'),
(2025, 'B2-M02-C09', 2, 9, 0, 0, NULL, NULL, 65, 2, 'marklin.cs'),
(2026, 'B2-M02-C10', NULL, NULL, 0, 1, 300, DATE '2025-09-11', 65, 2, 'marklin.cs'),
(2027, 'B2-M02-C11', NULL, NULL, 1, 0, 300, DATE '2025-09-11', 65, 2, 'marklin.cs'),
(2028, 'B2-M02-C12', NULL, NULL, 0, 1, 140500, DATE '2025-09-11', 65, 2, 'marklin.cs'),
(2029, 'B2-M02-C13', NULL, NULL, 0, 1, 300, DATE '2025-09-11', 65, 2, 'marklin.cs'),
(2030, 'B2-M02-C14', NULL, NULL, 0, 1, 300, DATE '2025-09-11', 65, 2, 'marklin.cs'),
(2031, 'B2-M02-C15', NULL, NULL, 0, 1, 1000, DATE '2025-09-11', 65, 2, 'marklin.cs'),
(2032, 'B2-M02-C16', NULL, NULL, 0, 1, 1500, DATE '2025-09-03', 65, 2, 'marklin.cs'),
(3001, 'B3-M01-C01', 1, 1, 0, 0, NULL, NULL, 65, 3, 'marklin.cs'),
(3002, 'B3-M01-C02', 1, 2, 0, 0, NULL, NULL, 65, 3, 'marklin.cs'),
(3003, 'B3-M01-C03', 1, 3, 0, 0, NULL, NULL, 65, 3, 'marklin.cs'),
(3004, 'B3-M01-C04', 1, 4, 0, 0, NULL, NULL, 65, 3, 'marklin.cs'),
(3005, 'B3-M01-C05', 1, 5, 0, 0, NULL, NULL, 65, 3, 'marklin.cs'),
(3006, 'B3-M01-C06', 1, 6, 0, 0, NULL, NULL, 65, 3, 'marklin.cs'),
(3007, 'B3-M01-C07', 1, 7, 0, 0, NULL, NULL, 65, 3, 'marklin.cs'),
(3008, 'B3-M01-C08', 1, 8, 0, 0, NULL, NULL, 65, 3, 'marklin.cs'),
(3009, 'B3-M01-C09', 1, 9, 0, 0, NULL, NULL, 65, 3, 'marklin.cs'),
(3010, 'B3-M01-C10', 1, 10, 0, 0, NULL, NULL, 65, 3, 'marklin.cs'),
(3011, 'B3-M01-C11', 1, 11, 0, 0, NULL, NULL, 65, 3, 'marklin.cs'),
(3012, 'B3-M01-C12', 1, 12, 0, 0, NULL, NULL, 65, 3, 'marklin.cs'),
(3013, 'B3-M01-C13', 1, 13, 0, 0, NULL, NULL, 65, 3, 'marklin.cs'),
(3014, 'B3-M01-C14', 1, 14, 0, 0, NULL, NULL, 65, 3, 'marklin.cs'),
(3015, 'B3-M01-C15', 1, 15, 0, 0, NULL, NULL, 65, 3, 'marklin.cs'),
(3016, 'B3-M01-C16', 1, 16, 0, 0, NULL, NULL, 65, 3, 'marklin.cs');     
CREATE UNIQUE NULLS DISTINCT INDEX "jcs"."sens_pk_idx" ON "jcs"."sensors"("id" NULLS FIRST);   
CREATE CACHED TABLE "jcs"."locomotive_functions"(
    "id" BIGINT GENERATED BY DEFAULT AS IDENTITY(START WITH 1 RESTART WITH 1690) SELECTIVITY 100 NOT NULL,
    "locomotive_id" BIGINT SELECTIVITY 7 NOT NULL,
    "f_number" INTEGER SELECTIVITY 4 NOT NULL,
    "f_type" INTEGER SELECTIVITY 12 NOT NULL,
    "f_value" INTEGER SELECTIVITY 1,
    "f_icon" CHARACTER VARYING(255) SELECTIVITY 14,
    "momentary" BOOLEAN DEFAULT FALSE SELECTIVITY 1 NOT NULL
);          
ALTER TABLE "jcs"."locomotive_functions" ADD CONSTRAINT "jcs"."lofu_pk" PRIMARY KEY("id");     
-- 645 +/- SELECT COUNT(*) FROM jcs.locomotive_functions;      
INSERT INTO "jcs"."locomotive_functions" VALUES
(1045, 16407, 0, 1, 1, 'fkticon_a_001', FALSE),
(1046, 16407, 1, 48, 0, 'fkticon_i_048', FALSE),
(1047, 16407, 2, 23, 0, 'fkticon_i_023', FALSE),
(1048, 16407, 3, 10, 0, 'fkticon_i_010', FALSE),
(1049, 16407, 4, 48, 0, 'fkticon_i_048', FALSE),
(1050, 16407, 5, 20, 0, 'fkticon_i_020', FALSE),
(1051, 16407, 6, 41, 0, 'fkticon_i_041', FALSE),
(1052, 16407, 7, 10, 0, 'fkticon_i_010', TRUE),
(1053, 16407, 8, 42, 0, 'fkticon_i_042', FALSE),
(1054, 16407, 9, 18, 0, 'fkticon_i_018', FALSE),
(1055, 16407, 10, 108, 0, 'fkticon_i_108', TRUE),
(1056, 16407, 11, 43, 0, 'fkticon_i_043', FALSE),
(1057, 16407, 12, 29, 0, 'fkticon_i_029', FALSE),
(1058, 16407, 13, 92, 0, 'fkticon_i_092', TRUE),
(1059, 16407, 14, 44, 0, 'fkticon_i_044', TRUE),
(1060, 16407, 15, 112, 0, 'fkticon_i_112', FALSE),
(1061, 16407, 16, 5, 0, 'fkticon_i_005', FALSE),
(1062, 16407, 17, 11, 0, 'fkticon_i_011', FALSE),
(1063, 16407, 18, 8, 0, 'fkticon_i_008', FALSE),
(1064, 16407, 19, 118, 0, 'fkticon_i_118', FALSE),
(1065, 16390, 0, 282, 0, 'fkticon_i_282', FALSE),
(1066, 16390, 1, 4, 0, 'fkticon_i_004', FALSE),
(1067, 16390, 2, 23, 0, 'fkticon_i_023', FALSE),
(1068, 16390, 3, 10, 0, 'fkticon_i_010', FALSE),
(1069, 16390, 4, 18, 0, 'fkticon_i_018', FALSE),
(1070, 16390, 5, 20, 0, 'fkticon_i_020', FALSE),
(1071, 16390, 6, 41, 0, 'fkticon_i_041', FALSE),
(1072, 16390, 7, 10, 0, 'fkticon_i_010', FALSE),
(1073, 16390, 8, 42, 0, 'fkticon_i_042', FALSE),
(1074, 16390, 9, 116, 0, 'fkticon_i_116', FALSE),
(1075, 16390, 10, 92, 0, 'fkticon_i_092', TRUE),
(1076, 16390, 11, 25, 0, 'fkticon_i_025', TRUE),
(1077, 16390, 12, 11, 0, 'fkticon_i_011', FALSE),
(1078, 16390, 13, 25, 0, 'fkticon_i_025', TRUE),
(1079, 16390, 14, 112, 0, 'fkticon_i_112', FALSE),
(1080, 16408, 0, 1, 0, 'fkticon_i_001', FALSE),
(1081, 16408, 1, 84, 0, 'fkticon_i_084', FALSE),
(1082, 16408, 2, 23, 0, 'fkticon_i_023', FALSE),
(1083, 16408, 3, 10, 0, 'fkticon_i_010', FALSE),
(1084, 16408, 4, 85, 0, 'fkticon_i_085', FALSE),
(1085, 16408, 5, 18, 0, 'fkticon_i_018', FALSE),
(1086, 16408, 6, 20, 0, 'fkticon_i_020', FALSE),
(1087, 16408, 7, 48, 0, 'fkticon_i_048', FALSE),
(1088, 16408, 8, 41, 0, 'fkticon_i_041', FALSE),
(1089, 16408, 9, 250, 0, 'fkticon_i_250', TRUE),
(1090, 16408, 10, 8, 0, 'fkticon_i_008', FALSE),
(1091, 16408, 11, 42, 0, 'fkticon_i_042', FALSE),
(1092, 16408, 12, 43, 0, 'fkticon_i_043', TRUE),
(1093, 16408, 13, 43, 0, 'fkticon_i_043', TRUE),
(1094, 16408, 14, 29, 0, 'fkticon_i_029', FALSE),
(1095, 16408, 15, 112, 1, 'fkticon_a_112', FALSE),
(1096, 16408, 16, 116, 0, 'fkticon_i_116', FALSE),
(1097, 16408, 17, 92, 0, 'fkticon_i_092', TRUE),
(1098, 16408, 18, 25, 0, 'fkticon_i_025', TRUE),
(1099, 16408, 19, 11, 0, 'fkticon_i_011', TRUE),
(1100, 16408, 20, 118, 0, 'fkticon_i_118', FALSE),
(1101, 16408, 21, 118, 0, 'fkticon_i_118', FALSE),
(1102, 16408, 22, 118, 0, 'fkticon_i_118', FALSE),
(1103, 16408, 23, 146, 0, 'fkticon_i_146', FALSE),
(1104, 16408, 24, 108, 0, 'fkticon_i_108', TRUE),
(1105, 16408, 25, 105, 0, 'fkticon_i_105', FALSE),
(1106, 16408, 26, 3, 0, 'fkticon_i_003', FALSE),
(1107, 16389, 0, 1, 1, 'fkticon_a_001', FALSE),
(1108, 16389, 1, 44, 0, 'fkticon_i_044', TRUE),
(1109, 16389, 2, 23, 0, 'fkticon_i_023', FALSE),
(1110, 16389, 3, 10, 0, 'fkticon_i_010', FALSE),
(1111, 16389, 4, 18, 0, 'fkticon_i_018', FALSE),
(1112, 16389, 5, 20, 0, 'fkticon_i_020', FALSE),
(1113, 16389, 6, 41, 0, 'fkticon_i_041', FALSE),
(1114, 16389, 7, 10, 0, 'fkticon_i_010', FALSE),
(1115, 16389, 8, 42, 0, 'fkticon_i_042', FALSE),
(1116, 16389, 9, 43, 0, 'fkticon_i_043', TRUE),
(1117, 16389, 10, 43, 0, 'fkticon_i_043', TRUE),
(1118, 16389, 11, 29, 0, 'fkticon_i_029', FALSE),
(1119, 16389, 12, 11, 0, 'fkticon_i_011', FALSE),
(1120, 16389, 13, 116, 0, 'fkticon_i_116', FALSE),
(1121, 16389, 14, 92, 0, 'fkticon_i_092', TRUE),
(1122, 16389, 15, 10, 0, 'fkticon_i_010', TRUE),
(1123, 16403, 0, 1, 1, 'fkticon_a_001', FALSE),
(1124, 16403, 1, 48, 0, 'fkticon_i_048', FALSE),
(1125, 16403, 2, 23, 0, 'fkticon_i_023', FALSE),
(1126, 16403, 3, 251, 0, 'fkticon_i_251', FALSE),
(1127, 16403, 4, 18, 0, 'fkticon_i_018', FALSE);  
INSERT INTO "jcs"."locomotive_functions" VALUES
(1128, 16403, 5, 20, 0, 'fkticon_i_020', FALSE),
(1129, 16403, 6, 41, 0, 'fkticon_i_041', FALSE),
(1130, 16403, 7, 251, 0, 'fkticon_i_251', FALSE),
(1131, 16403, 8, 42, 0, 'fkticon_i_042', FALSE),
(1132, 16403, 9, 4, 0, 'fkticon_i_004', FALSE),
(1133, 16403, 10, 118, 0, 'fkticon_i_118', FALSE),
(1134, 16403, 11, 118, 0, 'fkticon_i_118', FALSE),
(1135, 16403, 12, 3, 0, 'fkticon_i_003', FALSE),
(1136, 16403, 13, 47, 0, 'fkticon_i_047', FALSE),
(1137, 16403, 14, 250, 0, 'fkticon_i_250', TRUE),
(1138, 16403, 15, 112, 0, 'fkticon_i_112', FALSE),
(1139, 16403, 16, 8, 0, 'fkticon_i_008', FALSE),
(1140, 16403, 17, 29, 0, 'fkticon_i_029', FALSE),
(1141, 16403, 18, 116, 0, 'fkticon_i_116', FALSE),
(1142, 16403, 19, 92, 0, 'fkticon_i_092', TRUE),
(1143, 16403, 20, 108, 0, 'fkticon_i_108', TRUE),
(1144, 16403, 21, 146, 0, 'fkticon_i_146', FALSE),
(1145, 16403, 22, 244, 0, 'fkticon_i_244', FALSE),
(1146, 16403, 23, 132, 0, 'fkticon_i_132', TRUE),
(1147, 16403, 24, 132, 0, 'fkticon_i_132', TRUE),
(1148, 16403, 25, 118, 0, 'fkticon_i_118', FALSE),
(1149, 16403, 26, 43, 0, 'fkticon_i_043', TRUE),
(1150, 16403, 27, 43, 0, 'fkticon_i_043', TRUE),
(1151, 16421, 0, 1, 1, 'fkticon_a_001', FALSE),
(1152, 16421, 1, 7, 0, 'fkticon_i_007', FALSE),
(1153, 16421, 2, 23, 0, 'fkticon_i_023', FALSE),
(1154, 16421, 3, 251, 0, 'fkticon_i_251', FALSE),
(1155, 16421, 4, 18, 0, 'fkticon_i_018', FALSE),
(1156, 16421, 5, 20, 0, 'fkticon_i_020', FALSE),
(1157, 16421, 6, 41, 0, 'fkticon_i_041', FALSE),
(1158, 16421, 7, 250, 0, 'fkticon_i_250', TRUE),
(1159, 16421, 8, 42, 0, 'fkticon_i_042', FALSE),
(1160, 16421, 9, 48, 0, 'fkticon_i_048', FALSE),
(1161, 16421, 10, 29, 0, 'fkticon_i_029', FALSE),
(1162, 16421, 11, 117, 0, 'fkticon_i_117', FALSE),
(1163, 16421, 12, 116, 0, 'fkticon_i_116', FALSE),
(1164, 16421, 13, 92, 0, 'fkticon_i_092', TRUE),
(1165, 16421, 14, 118, 0, 'fkticon_i_118', FALSE),
(1166, 16421, 15, 112, 0, 'fkticon_i_112', FALSE),
(1167, 16421, 16, 8, 0, 'fkticon_i_008', FALSE),
(1168, 16421, 17, 108, 0, 'fkticon_i_108', TRUE),
(1169, 16421, 18, 251, 0, 'fkticon_i_251', FALSE),
(1170, 16421, 19, 250, 0, 'fkticon_i_250', TRUE),
(1171, 16421, 20, 8, 0, 'fkticon_i_008', FALSE),
(1172, 16421, 21, 43, 0, 'fkticon_i_043', TRUE),
(1173, 16421, 22, 228, 0, 'fkticon_i_228', FALSE),
(1174, 16421, 23, 43, 0, 'fkticon_i_043', TRUE),
(1175, 16421, 24, 132, 0, 'fkticon_i_132', FALSE),
(1176, 16421, 25, 132, 0, 'fkticon_i_132', FALSE),
(1177, 16421, 26, 146, 0, 'fkticon_i_146', FALSE),
(1178, 16394, 0, 282, 1, 'fkticon_a_282', FALSE),
(1179, 16394, 1, 7, 0, 'fkticon_i_007', FALSE),
(1180, 16394, 2, 23, 0, 'fkticon_i_023', FALSE),
(1181, 16394, 3, 10, 0, 'fkticon_i_010', FALSE),
(1182, 16394, 4, 18, 0, 'fkticon_i_018', FALSE),
(1183, 16394, 5, 20, 0, 'fkticon_i_020', FALSE),
(1184, 16394, 6, 41, 0, 'fkticon_i_041', FALSE),
(1185, 16394, 7, 10, 0, 'fkticon_i_010', TRUE),
(1186, 16394, 8, 42, 0, 'fkticon_i_042', FALSE),
(1187, 16394, 9, 48, 0, 'fkticon_i_048', FALSE),
(1188, 16394, 10, 29, 0, 'fkticon_i_029', FALSE),
(1189, 16394, 11, 117, 1, 'fkticon_a_117', FALSE),
(1190, 16394, 12, 116, 0, 'fkticon_i_116', FALSE),
(1191, 16394, 13, 118, 0, 'fkticon_i_118', FALSE),
(1192, 16394, 14, 118, 0, 'fkticon_i_118', FALSE),
(1193, 16394, 15, 112, 0, 'fkticon_i_112', FALSE),
(1194, 16394, 16, 10, 0, 'fkticon_i_010', FALSE),
(1195, 16394, 17, 10, 0, 'fkticon_i_010', TRUE),
(1196, 16394, 18, 8, 0, 'fkticon_i_008', FALSE),
(1197, 16394, 19, 92, 0, 'fkticon_i_092', TRUE),
(1198, 16394, 20, 108, 0, 'fkticon_i_108', TRUE),
(1199, 16394, 21, 43, 0, 'fkticon_i_043', TRUE),
(1200, 16394, 22, 5, 0, 'fkticon_i_005', FALSE),
(1201, 16394, 23, 43, 0, 'fkticon_i_043', TRUE),
(1202, 16394, 24, 132, 0, 'fkticon_i_132', FALSE),
(1203, 16394, 25, 132, 0, 'fkticon_i_132', FALSE),
(1204, 16394, 26, 28, 0, 'fkticon_i_028', FALSE),
(1205, 16422, 0, 282, 1, 'fkticon_a_282', FALSE),
(1206, 16422, 1, 27, 0, 'fkticon_i_027', TRUE),
(1207, 16422, 2, 23, 0, 'fkticon_i_023', FALSE),
(1208, 16422, 3, 27, 0, 'fkticon_i_027', TRUE),
(1209, 16422, 4, 18, 0, 'fkticon_i_018', FALSE);      
INSERT INTO "jcs"."locomotive_functions" VALUES
(1210, 16422, 5, 27, 0, 'fkticon_i_027', TRUE),
(1211, 16422, 6, 2, 1, 'fkticon_a_002', FALSE),
(1212, 16422, 7, 27, 0, 'fkticon_i_027', TRUE),
(1213, 16422, 8, 25, 0, 'fkticon_i_025', TRUE),
(1214, 16422, 9, 20, 0, 'fkticon_i_020', FALSE),
(1215, 16422, 10, 10, 0, 'fkticon_i_010', FALSE),
(1216, 16422, 11, 41, 0, 'fkticon_i_041', FALSE),
(1217, 16422, 12, 11, 0, 'fkticon_i_011', FALSE),
(1218, 16422, 13, 42, 0, 'fkticon_i_042', FALSE),
(1219, 16422, 14, 3, 0, 'fkticon_i_003', FALSE),
(1220, 33, 0, 1, 0, 'fkticon_i_001', FALSE),
(1221, 33, 3, 8, 0, 'fkticon_i_008', FALSE),
(1222, 33, 4, 18, 0, 'fkticon_i_018', FALSE),
(1223, 16401, 0, 1, 1, 'fkticon_a_001', FALSE),
(1224, 16401, 1, 7, 0, 'fkticon_i_007', FALSE),
(1225, 16401, 2, 23, 0, 'fkticon_i_023', FALSE),
(1226, 16401, 3, 12, 0, 'fkticon_i_012', FALSE),
(1227, 16401, 4, 18, 0, 'fkticon_i_018', FALSE),
(1228, 16401, 5, 20, 0, 'fkticon_i_020', FALSE),
(1229, 16401, 6, 136, 0, 'fkticon_i_136', FALSE),
(1230, 16401, 7, 31, 1, 'fkticon_a_031', FALSE),
(1231, 16401, 8, 106, 0, 'fkticon_i_106', FALSE),
(1232, 16401, 9, 91, 0, 'fkticon_i_091', TRUE),
(1233, 16401, 10, 26, 0, 'fkticon_i_026', FALSE),
(1234, 16401, 11, 36, 0, 'fkticon_i_036', FALSE),
(1235, 16401, 12, 111, 0, 'fkticon_i_111', FALSE),
(1236, 16401, 13, 49, 0, 'fkticon_i_049', FALSE),
(1237, 16401, 14, 12, 0, 'fkticon_i_012', TRUE),
(1238, 16401, 15, 112, 0, 'fkticon_i_112', FALSE),
(1239, 16401, 16, 42, 0, 'fkticon_i_042', FALSE),
(1240, 16401, 17, 41, 0, 'fkticon_i_041', FALSE),
(1241, 16401, 18, 13, 0, 'fkticon_i_013', FALSE),
(1242, 16401, 19, 108, 0, 'fkticon_i_108', TRUE),
(1243, 16401, 20, 47, 0, 'fkticon_i_047', FALSE),
(1244, 16401, 21, 8, 0, 'fkticon_i_008', FALSE),
(1245, 16401, 22, 22, 0, 'fkticon_i_022', FALSE),
(1246, 16401, 23, 25, 0, 'fkticon_i_025', TRUE),
(1247, 16401, 24, 37, 0, 'fkticon_i_037', FALSE),
(1248, 16401, 25, 123, 0, 'fkticon_i_123', FALSE),
(1249, 16401, 26, 43, 0, 'fkticon_i_043', TRUE),
(1250, 16401, 27, 43, 0, 'fkticon_i_043', TRUE),
(1251, 16401, 28, 11, 0, 'fkticon_i_011', FALSE),
(1252, 3, 0, 1, 1, 'fkticon_a_001', FALSE),
(1253, 3, 1, 32, 1, 'fkticon_a_032', FALSE),
(1254, 3, 2, 32, 1, 'fkticon_a_032', FALSE),
(1255, 3, 3, 8, 1, 'fkticon_a_008', FALSE),
(1256, 3, 4, 18, 0, 'fkticon_i_018', FALSE),
(1257, 23, 0, 1, 1, 'fkticon_a_001', FALSE),
(1258, 23, 2, 4, 0, 'fkticon_i_004', FALSE),
(1259, 23, 3, 8, 0, 'fkticon_i_008', FALSE),
(1260, 23, 4, 18, 0, 'fkticon_i_018', FALSE),
(1261, 12, 0, 1, 1, 'fkticon_a_001', FALSE),
(1262, 12, 3, 8, 0, 'fkticon_i_008', FALSE),
(1263, 12, 4, 18, 0, 'fkticon_i_018', FALSE),
(1264, 16396, 0, 282, 1, 'fkticon_a_282', FALSE),
(1265, 16396, 3, 8, 0, 'fkticon_i_008', FALSE),
(1266, 16396, 4, 18, 0, 'fkticon_i_018', FALSE),
(1267, 16418, 0, 1, 1, 'fkticon_a_001', FALSE),
(1268, 16418, 3, 8, 0, 'fkticon_i_008', FALSE),
(1269, 16418, 4, 18, 0, 'fkticon_i_018', FALSE),
(1270, 16418, 5, 42, 0, 'fkticon_i_042', FALSE),
(1271, 16418, 6, 41, 0, 'fkticon_i_041', FALSE),
(1272, 16418, 7, 3, 0, 'fkticon_i_003', FALSE),
(1273, 16418, 8, 105, 0, 'fkticon_i_105', FALSE),
(1274, 16409, 0, 1, 1, 'fkticon_a_001', FALSE),
(1275, 16409, 1, 83, 0, 'fkticon_i_083', FALSE),
(1276, 16409, 2, 82, 0, 'fkticon_i_082', FALSE),
(1277, 16409, 3, 8, 0, 'fkticon_i_008', FALSE),
(1278, 16409, 4, 18, 0, 'fkticon_i_018', FALSE),
(1279, 16409, 5, 118, 0, 'fkticon_i_118', FALSE),
(1280, 16392, 0, 1, 1, 'fkticon_a_001', FALSE),
(1281, 16392, 1, 7, 0, 'fkticon_i_007', FALSE),
(1282, 16392, 2, 23, 0, 'fkticon_i_023', FALSE),
(1283, 16392, 3, 12, 0, 'fkticon_i_012', FALSE),
(1284, 16392, 4, 18, 0, 'fkticon_i_018', FALSE),
(1285, 16392, 5, 20, 0, 'fkticon_i_020', FALSE),
(1286, 16392, 6, 82, 0, 'fkticon_i_082', FALSE),
(1287, 16392, 7, 12, 0, 'fkticon_i_012', TRUE),
(1288, 16392, 8, 31, 0, 'fkticon_i_031', FALSE),
(1289, 16392, 9, 106, 0, 'fkticon_i_106', FALSE),
(1290, 16392, 10, 91, 0, 'fkticon_i_091', TRUE),
(1291, 16392, 11, 26, 0, 'fkticon_i_026', FALSE),
(1292, 16392, 12, 36, 0, 'fkticon_i_036', FALSE),
(1293, 16392, 13, 111, 0, 'fkticon_i_111', FALSE);        
INSERT INTO "jcs"."locomotive_functions" VALUES
(1294, 16392, 14, 49, 0, 'fkticon_i_049', FALSE),
(1295, 16392, 16, 5, 0, 'fkticon_i_005', FALSE),
(1296, 16392, 17, 5, 0, 'fkticon_i_005', FALSE),
(1297, 16392, 18, 5, 0, 'fkticon_i_005', FALSE),
(1298, 16392, 19, 108, 0, 'fkticon_i_108', TRUE),
(1299, 16392, 20, 43, 0, 'fkticon_i_043', FALSE),
(1300, 16392, 21, 8, 0, 'fkticon_i_008', FALSE),
(1301, 16392, 22, 22, 0, 'fkticon_i_022', FALSE),
(1302, 16392, 24, 31, 0, 'fkticon_i_031', FALSE),
(1303, 16392, 25, 37, 0, 'fkticon_i_037', FALSE),
(1304, 16392, 26, 123, 0, 'fkticon_i_123', TRUE),
(1305, 61, 0, 1, 1, 'fkticon_a_001', FALSE),
(1306, 61, 3, 8, 0, 'fkticon_i_008', FALSE),
(1307, 61, 4, 18, 0, 'fkticon_i_018', FALSE),
(1308, 16411, 0, 1, 0, 'fkticon_i_001', FALSE),
(1309, 16411, 1, 48, 0, 'fkticon_i_048', FALSE),
(1310, 16411, 2, 48, 0, 'fkticon_i_048', FALSE),
(1311, 16411, 3, 8, 0, 'fkticon_i_008', FALSE),
(1312, 16411, 4, 18, 0, 'fkticon_i_018', FALSE),
(1313, 2, 0, 1, 1, 'fkticon_a_001', FALSE),
(1314, 2, 3, 8, 0, 'fkticon_i_008', FALSE),
(1315, 2, 4, 18, 0, 'fkticon_i_018', FALSE),
(1316, 16399, 0, 1, 1, 'fkticon_a_001', FALSE),
(1317, 16399, 1, 4, 1, 'fkticon_a_004', FALSE),
(1318, 16399, 2, 32, 1, 'fkticon_a_032', FALSE),
(1319, 16399, 3, 48, 0, 'fkticon_i_048', FALSE),
(1320, 16399, 4, 32, 1, 'fkticon_a_032', FALSE),
(1321, 16391, 0, 282, 1, 'fkticon_a_282', FALSE),
(1322, 16391, 2, 23, 0, 'fkticon_i_023', FALSE),
(1323, 16391, 3, 10, 0, 'fkticon_i_010', TRUE),
(1324, 16391, 4, 18, 0, 'fkticon_i_018', FALSE),
(1325, 16406, 0, 1, 1, 'fkticon_a_001', FALSE),
(1326, 16406, 1, 47, 0, 'fkticon_i_047', FALSE),
(1327, 16406, 2, 118, 0, 'fkticon_i_118', FALSE),
(1328, 16406, 3, 8, 0, 'fkticon_i_008', FALSE),
(1329, 16406, 4, 18, 0, 'fkticon_i_018', FALSE),
(1330, 16406, 5, 42, 0, 'fkticon_i_042', FALSE),
(1331, 16406, 6, 41, 0, 'fkticon_i_041', FALSE),
(1332, 16395, 0, 1, 1, 'fkticon_a_001', FALSE),
(1333, 16395, 1, 44, 0, 'fkticon_i_044', TRUE),
(1334, 16395, 2, 23, 0, 'fkticon_i_023', FALSE),
(1335, 16395, 3, 10, 0, 'fkticon_i_010', FALSE),
(1336, 16395, 4, 18, 0, 'fkticon_i_018', FALSE),
(1337, 16395, 5, 20, 0, 'fkticon_i_020', FALSE),
(1338, 16395, 6, 41, 0, 'fkticon_i_041', FALSE),
(1339, 16395, 7, 10, 0, 'fkticon_i_010', TRUE),
(1340, 16395, 8, 42, 0, 'fkticon_i_042', FALSE),
(1341, 16395, 9, 43, 0, 'fkticon_i_043', TRUE),
(1342, 16395, 10, 43, 0, 'fkticon_i_043', TRUE),
(1343, 16395, 11, 92, 0, 'fkticon_i_092', TRUE),
(1344, 16395, 12, 29, 0, 'fkticon_i_029', FALSE),
(1345, 16395, 13, 11, 0, 'fkticon_i_011', FALSE),
(1346, 16395, 14, 37, 0, 'fkticon_i_037', FALSE),
(1347, 16413, 0, 1, 1, 'fkticon_a_001', FALSE),
(1348, 16413, 1, 1, 1, 'fkticon_a_001', FALSE),
(1349, 16413, 2, 48, 1, 'fkticon_a_048', FALSE),
(1350, 16413, 3, 5, 0, 'fkticon_i_005', FALSE),
(1351, 16413, 4, 10, 0, 'fkticon_i_010', TRUE),
(1352, 16413, 5, 10, 0, 'fkticon_i_010', TRUE),
(1353, 16413, 6, 8, 0, 'fkticon_i_008', FALSE),
(1354, 16413, 7, 5, 0, 'fkticon_i_005', TRUE),
(1355, 16413, 8, 28, 0, 'fkticon_i_028', FALSE),
(1356, 16413, 9, 103, 0, 'fkticon_i_103', TRUE),
(1357, 16413, 10, 10, 0, 'fkticon_i_010', TRUE),
(1358, 16413, 11, 23, 0, 'fkticon_i_023', FALSE),
(1359, 16413, 12, 28, 0, 'fkticon_i_028', FALSE),
(1360, 16413, 13, 5, 0, 'fkticon_i_005', TRUE),
(1361, 16413, 14, 45, 0, 'fkticon_i_045', TRUE),
(1362, 16413, 15, 28, 0, 'fkticon_i_028', FALSE),
(1363, 16413, 16, 28, 0, 'fkticon_i_028', FALSE),
(1364, 16413, 17, 11, 0, 'fkticon_i_011', TRUE),
(1365, 16413, 18, 129, 0, 'fkticon_i_129', FALSE),
(1366, 16413, 19, 89, 0, 'fkticon_i_089', FALSE),
(1367, 16413, 20, 28, 0, 'fkticon_i_028', FALSE),
(1368, 16413, 21, 37, 0, 'fkticon_i_037', FALSE),
(1369, 16413, 22, 5, 0, 'fkticon_i_005', FALSE),
(1370, 16413, 23, 28, 0, 'fkticon_i_028', FALSE),
(1371, 16413, 24, 23, 0, 'fkticon_i_023', FALSE),
(1372, 16413, 25, 20, 0, 'fkticon_i_020', FALSE),
(1373, 16413, 26, 13, 0, 'fkticon_i_013', TRUE),
(1374, 16414, 0, 1, 1, 'fkticon_a_001', FALSE),
(1375, 16414, 2, 4, 1, 'fkticon_a_004', FALSE),
(1376, 16414, 3, 8, 0, 'fkticon_i_008', FALSE),
(1377, 16414, 4, 18, 0, 'fkticon_i_018', FALSE);    
INSERT INTO "jcs"."locomotive_functions" VALUES
(1378, 15, 0, 1, 1, 'fkticon_a_001', FALSE),
(1379, 15, 3, 18, 0, 'fkticon_i_018', FALSE),
(1380, 15, 4, 18, 0, 'fkticon_i_018', FALSE),
(1381, 16397, 0, 1, 1, 'fkticon_a_001', FALSE),
(1382, 16397, 1, 48, 0, 'fkticon_i_048', FALSE),
(1383, 16397, 2, 48, 0, 'fkticon_i_048', FALSE),
(1384, 16397, 3, 8, 0, 'fkticon_i_008', FALSE),
(1385, 16397, 4, 18, 0, 'fkticon_i_018', FALSE),
(1386, 16397, 5, 42, 0, 'fkticon_i_042', FALSE),
(1387, 16397, 6, 41, 0, 'fkticon_i_041', FALSE),
(1388, 16397, 7, 118, 0, 'fkticon_i_118', FALSE),
(1389, 49163, 0, 1, 1, 'fkticon_a_001', FALSE),
(1390, 49163, 1, 118, 0, 'fkticon_i_118', FALSE),
(1391, 49163, 2, 47, 0, 'fkticon_i_047', FALSE),
(1392, 49163, 3, 8, 0, 'fkticon_i_008', FALSE),
(1393, 49163, 4, 18, 0, 'fkticon_i_018', FALSE),
(1394, 49163, 5, 41, 0, 'fkticon_i_041', FALSE),
(1395, 49163, 6, 42, 0, 'fkticon_i_042', FALSE),
(1396, 68, 0, 1, 1, 'fkticon_a_001', FALSE),
(1397, 68, 3, 8, 0, 'fkticon_i_008', FALSE),
(1398, 68, 4, 18, 0, 'fkticon_i_018', FALSE),
(1399, 39, 0, 1, 1, 'fkticon_a_001', FALSE),
(1400, 39, 3, 8, 0, 'fkticon_i_008', FALSE),
(1401, 39, 4, 18, 0, 'fkticon_i_018', FALSE),
(1402, 49189, 0, 1, 1, 'fkticon_a_001', FALSE),
(1403, 49189, 1, 118, 0, 'fkticon_i_118', FALSE),
(1404, 49189, 2, 52, 0, 'fkticon_i_052', FALSE),
(1405, 49189, 3, 8, 0, 'fkticon_i_008', FALSE),
(1406, 49189, 4, 102, 0, 'fkticon_i_102', FALSE),
(1407, 49189, 5, 42, 0, 'fkticon_i_042', FALSE),
(1408, 49189, 6, 41, 0, 'fkticon_i_041', FALSE),
(1409, 49189, 7, 47, 0, 'fkticon_i_047', FALSE),
(1410, 16412, 0, 1, 1, 'fkticon_a_001', FALSE),
(1411, 16412, 1, 118, 0, 'fkticon_i_118', FALSE),
(1412, 16412, 3, 8, 0, 'fkticon_i_008', FALSE),
(1413, 16412, 4, 18, 0, 'fkticon_i_018', FALSE),
(1414, 16412, 5, 42, 0, 'fkticon_i_042', FALSE),
(1415, 16412, 6, 42, 0, 'fkticon_i_042', FALSE),
(1416, 16412, 7, 47, 0, 'fkticon_i_047', FALSE),
(1417, 16412, 8, 199, 0, 'fkticon_i_199', FALSE),
(1418, 16404, 0, 1, 1, 'fkticon_a_001', FALSE),
(1419, 16404, 1, 48, 0, 'fkticon_i_048', FALSE),
(1420, 16404, 2, 23, 0, 'fkticon_i_023', FALSE),
(1421, 16404, 3, 8, 0, 'fkticon_i_008', FALSE),
(1422, 16404, 4, 18, 0, 'fkticon_i_018', FALSE),
(1423, 16404, 5, 42, 0, 'fkticon_i_042', FALSE),
(1424, 16404, 6, 41, 0, 'fkticon_i_041', FALSE),
(1425, 16404, 7, 10, 0, 'fkticon_i_010', FALSE),
(1426, 16404, 8, 10, 0, 'fkticon_i_010', FALSE),
(1427, 16404, 9, 29, 0, 'fkticon_i_029', FALSE),
(1428, 16404, 10, 116, 0, 'fkticon_i_116', FALSE),
(1429, 16404, 11, 49, 0, 'fkticon_i_049', TRUE),
(1430, 16404, 12, 10, 0, 'fkticon_i_010', TRUE),
(1431, 16404, 13, 10, 0, 'fkticon_i_010', TRUE),
(1432, 16404, 14, 11, 0, 'fkticon_i_011', FALSE),
(1433, 16404, 15, 28, 0, 'fkticon_i_028', TRUE),
(1434, 16404, 16, 43, 0, 'fkticon_i_043', TRUE),
(1435, 16404, 17, 5, 0, 'fkticon_i_005', TRUE),
(1436, 16404, 18, 20, 0, 'fkticon_i_020', FALSE),
(1437, 16404, 19, 37, 1, 'fkticon_a_037', FALSE),
(1438, 16404, 20, 129, 1, 'fkticon_a_129', FALSE),
(1439, 16404, 22, 125, 0, 'fkticon_i_125', FALSE),
(1440, 16404, 24, 108, 0, 'fkticon_i_108', TRUE),
(1441, 16404, 31, 5, 1, 'fkticon_a_005', FALSE),
(1442, 16405, 0, 1, 1, 'fkticon_a_001', FALSE),
(1443, 16405, 1, 212, 1, 'fkticon_a_212', FALSE),
(1444, 16405, 2, 118, 0, 'fkticon_i_118', FALSE),
(1445, 16405, 3, 8, 0, 'fkticon_i_008', FALSE),
(1446, 16405, 4, 18, 0, 'fkticon_i_018', FALSE),
(1447, 16405, 5, 42, 0, 'fkticon_i_042', FALSE),
(1448, 16405, 6, 41, 0, 'fkticon_i_041', FALSE),
(1449, 63, 0, 1, 1, 'fkticon_a_001', FALSE),
(1450, 63, 3, 8, 0, 'fkticon_a_008', FALSE),
(1451, 63, 4, 18, 0, 'fkticon_i_018', FALSE),
(1452, 49159, 0, 282, 0, 'fkticon_i_282', FALSE),
(1453, 49159, 1, 48, 0, 'fkticon_i_048', FALSE),
(1454, 49159, 2, 48, 0, 'fkticon_i_048', FALSE),
(1455, 49159, 3, 18, 0, 'fkticon_i_018', FALSE),
(1456, 49159, 4, 18, 0, 'fkticon_i_018', FALSE),
(1457, 49156, 0, 1, 1, 'fkticon_a_001', FALSE),
(1458, 49156, 1, 2, 1, 'fkticon_a_002', FALSE),
(1459, 49156, 2, 2, 1, 'fkticon_a_002', FALSE),
(1460, 49156, 3, 8, 0, 'fkticon_i_008', FALSE),
(1461, 49156, 4, 18, 0, 'fkticon_i_018', FALSE);     
INSERT INTO "jcs"."locomotive_functions" VALUES
(1462, 16419, 0, 1, 0, 'fkticon_i_001', FALSE),
(1463, 16419, 1, 32, 0, 'fkticon_i_032', FALSE),
(1464, 16419, 2, 23, 0, 'fkticon_i_023', FALSE),
(1465, 16419, 3, 251, 0, 'fkticon_i_251', FALSE),
(1466, 16419, 4, 18, 0, 'fkticon_i_018', FALSE),
(1467, 16419, 5, 20, 0, 'fkticon_i_020', FALSE),
(1468, 16419, 6, 48, 0, 'fkticon_i_048', FALSE),
(1469, 16419, 7, 251, 0, 'fkticon_i_251', FALSE),
(1470, 16419, 8, 48, 0, 'fkticon_i_048', FALSE),
(1471, 16419, 9, 125, 0, 'fkticon_i_125', FALSE),
(1472, 16419, 10, 29, 0, 'fkticon_i_029', FALSE),
(1473, 16419, 11, 13, 0, 'fkticon_i_013', FALSE),
(1474, 16419, 12, 38, 1, 'fkticon_a_038', FALSE),
(1475, 16419, 13, 126, 1, 'fkticon_a_126', FALSE),
(1476, 16419, 14, 224, 1, 'fkticon_a_224', FALSE),
(1477, 16419, 15, 112, 0, 'fkticon_i_112', FALSE),
(1478, 16419, 16, 228, 0, 'fkticon_i_228', FALSE),
(1479, 16419, 17, 108, 0, 'fkticon_i_108', TRUE),
(1480, 16419, 18, 11, 0, 'fkticon_i_011', FALSE),
(1481, 16419, 19, 28, 0, 'fkticon_i_028', TRUE),
(1482, 16419, 20, 105, 0, 'fkticon_i_105', TRUE),
(1483, 16419, 21, 105, 0, 'fkticon_i_105', TRUE),
(1484, 16419, 22, 116, 0, 'fkticon_i_116', FALSE),
(1485, 16419, 23, 92, 0, 'fkticon_i_092', TRUE),
(1486, 16419, 24, 250, 0, 'fkticon_i_250', TRUE),
(1487, 16419, 25, 250, 0, 'fkticon_i_250', TRUE),
(1488, 16419, 26, 22, 0, 'fkticon_i_022', FALSE),
(1489, 16419, 27, 37, 0, 'fkticon_i_037', FALSE),
(1490, 16419, 28, 8, 0, 'fkticon_i_008', FALSE),
(1491, 16419, 29, 25, 0, 'fkticon_i_025', TRUE),
(1492, 16419, 30, 206, 0, 'fkticon_i_206', TRUE),
(1493, 16415, 0, 1, 1, 'fkticon_a_001', FALSE),
(1494, 16415, 1, 32, 1, 'fkticon_a_032', FALSE),
(1495, 16415, 2, 23, 0, 'fkticon_i_023', FALSE),
(1496, 16415, 3, 10, 0, 'fkticon_i_010', FALSE),
(1497, 16415, 4, 18, 0, 'fkticon_i_018', FALSE),
(1498, 16415, 5, 20, 0, 'fkticon_i_020', FALSE),
(1499, 16415, 6, 48, 0, 'fkticon_i_048', FALSE),
(1500, 16415, 7, 10, 0, 'fkticon_i_010', FALSE),
(1501, 16415, 8, 48, 1, 'fkticon_a_048', FALSE),
(1502, 16415, 9, 125, 0, 'fkticon_i_125', FALSE),
(1503, 16415, 10, 29, 0, 'fkticon_i_029', FALSE),
(1504, 16415, 11, 34, 0, 'fkticon_i_034', FALSE),
(1505, 16415, 12, 126, 0, 'fkticon_i_126', FALSE),
(1506, 16415, 13, 2, 0, 'fkticon_i_002', FALSE),
(1507, 16415, 14, 5, 0, 'fkticon_i_005', FALSE),
(1508, 16415, 15, 112, 0, 'fkticon_i_112', FALSE),
(1509, 16415, 16, 108, 0, 'fkticon_i_108', TRUE),
(1510, 16415, 17, 11, 0, 'fkticon_i_011', FALSE),
(1511, 16415, 18, 28, 0, 'fkticon_i_028', TRUE),
(1512, 16415, 19, 116, 0, 'fkticon_i_116', FALSE),
(1513, 16415, 20, 92, 0, 'fkticon_i_092', TRUE),
(1514, 16415, 21, 10, 0, 'fkticon_i_010', TRUE),
(1515, 16415, 22, 10, 0, 'fkticon_i_010', TRUE),
(1516, 16415, 23, 25, 0, 'fkticon_i_025', TRUE),
(1517, 16415, 24, 37, 0, 'fkticon_i_037', FALSE),
(1518, 16415, 25, 8, 0, 'fkticon_i_008', FALSE),
(1519, 16415, 26, 25, 0, 'fkticon_i_025', TRUE),
(1520, 16415, 27, 45, 0, 'fkticon_i_045', TRUE),
(1521, 16410, 0, 1, 1, 'fkticon_a_001', FALSE),
(1522, 16410, 1, 233, 0, 'fkticon_i_233', FALSE),
(1523, 16410, 3, 8, 0, 'fkticon_i_008', FALSE),
(1524, 16410, 4, 18, 0, 'fkticon_i_018', FALSE),
(1525, 16410, 5, 42, 0, 'fkticon_i_042', FALSE),
(1526, 16410, 6, 41, 0, 'fkticon_i_041', FALSE),
(1527, 16393, 0, 1, 0, 'fkticon_i_001', FALSE),
(1528, 16393, 1, 7, 0, 'fkticon_i_007', FALSE),
(1529, 16393, 2, 23, 0, 'fkticon_i_023', FALSE),
(1530, 16393, 3, 8, 0, 'fkticon_i_008', FALSE),
(1531, 16393, 4, 18, 0, 'fkticon_i_018', FALSE),
(1532, 16393, 5, 37, 0, 'fkticon_i_037', FALSE),
(1533, 16393, 6, 12, 0, 'fkticon_i_012', FALSE),
(1534, 16393, 7, 26, 0, 'fkticon_i_026', FALSE),
(1535, 16393, 8, 201, 0, 'fkticon_i_201', FALSE),
(1536, 16393, 9, 13, 0, 'fkticon_i_013', FALSE),
(1537, 16393, 10, 111, 0, 'fkticon_i_111', FALSE),
(1538, 16393, 11, 36, 0, 'fkticon_i_036', FALSE),
(1539, 16393, 12, 45, 0, 'fkticon_i_045', TRUE),
(1540, 16393, 13, 45, 0, 'fkticon_i_045', TRUE),
(1541, 16393, 14, 122, 0, 'fkticon_i_122', TRUE),
(1542, 16393, 15, 37, 0, 'fkticon_i_037', FALSE),
(1543, 16398, 0, 1, 1, 'fkticon_a_001', FALSE);          
INSERT INTO "jcs"."locomotive_functions" VALUES
(1544, 16398, 1, 7, 0, 'fkticon_i_007', FALSE),
(1545, 16398, 2, 23, 0, 'fkticon_i_023', FALSE),
(1546, 16398, 3, 8, 0, 'fkticon_i_008', FALSE),
(1547, 16398, 4, 18, 0, 'fkticon_i_018', FALSE),
(1548, 16398, 5, 12, 0, 'fkticon_i_012', TRUE),
(1549, 16398, 6, 12, 0, 'fkticon_i_012', FALSE),
(1550, 16398, 7, 26, 0, 'fkticon_i_026', FALSE),
(1551, 16398, 8, 201, 0, 'fkticon_i_201', FALSE),
(1552, 16398, 9, 13, 0, 'fkticon_i_013', FALSE),
(1553, 16398, 10, 111, 0, 'fkticon_i_111', FALSE),
(1554, 16398, 11, 36, 0, 'fkticon_i_036', FALSE),
(1555, 16398, 12, 45, 0, 'fkticon_i_045', TRUE),
(1556, 16398, 13, 45, 0, 'fkticon_i_045', TRUE),
(1557, 16398, 14, 122, 0, 'fkticon_i_122', TRUE),
(1558, 16398, 15, 37, 0, 'fkticon_i_037', FALSE),
(1559, 16402, 0, 1, 1, 'fkticon_a_001', FALSE),
(1560, 16402, 1, 12, 0, 'fkticon_i_012', TRUE),
(1561, 16402, 2, 23, 0, 'fkticon_i_023', FALSE),
(1562, 16402, 3, 8, 0, 'fkticon_i_008', FALSE),
(1563, 16402, 4, 18, 0, 'fkticon_i_018', FALSE),
(1564, 16402, 5, 41, 0, 'fkticon_i_041', FALSE),
(1565, 16402, 6, 42, 0, 'fkticon_i_042', FALSE),
(1566, 16402, 7, 12, 0, 'fkticon_i_012', FALSE),
(1567, 16402, 8, 141, 0, 'fkticon_i_141', FALSE),
(1568, 16402, 9, 20, 0, 'fkticon_i_020', FALSE),
(1569, 16402, 10, 112, 0, 'fkticon_i_112', FALSE),
(1570, 16402, 11, 134, 0, 'fkticon_i_134', TRUE),
(1571, 16402, 12, 25, 0, 'fkticon_i_025', TRUE),
(1572, 16402, 13, 29, 0, 'fkticon_i_029', FALSE),
(1573, 16402, 14, 101, 0, 'fkticon_i_101', FALSE),
(1574, 16402, 15, 129, 0, 'fkticon_i_129', FALSE),
(1575, 16402, 16, 108, 0, 'fkticon_i_108', TRUE),
(1576, 16402, 17, 37, 0, 'fkticon_i_037', FALSE),
(1577, 16402, 18, 92, 0, 'fkticon_i_092', TRUE),
(1578, 16402, 19, 242, 0, 'fkticon_i_242', FALSE),
(1579, 16402, 20, 89, 0, 'fkticon_i_089', FALSE),
(1580, 16402, 21, 11, 0, 'fkticon_i_011', TRUE),
(1581, 16402, 22, 6, 0, 'fkticon_i_006', FALSE),
(1582, 16402, 23, 5, 0, 'fkticon_i_005', FALSE),
(1583, 16402, 24, 28, 0, 'fkticon_i_028', FALSE),
(1584, 16416, 0, 1, 1, 'fkticon_a_001', FALSE),
(1585, 16416, 1, 12, 0, 'fkticon_i_012', TRUE),
(1586, 16416, 2, 5, 0, 'fkticon_i_005', FALSE),
(1587, 16416, 3, 8, 0, 'fkticon_i_008', FALSE),
(1588, 16416, 4, 18, 0, 'fkticon_i_018', FALSE),
(1589, 16416, 5, 118, 0, 'fkticon_i_118', FALSE),
(1590, 16416, 6, 4, 0, 'fkticon_i_004', FALSE),
(1591, 16416, 7, 2, 0, 'fkticon_i_002', FALSE),
(1592, 16416, 8, 252, 0, 'fkticon_i_252', TRUE),
(1593, 16416, 9, 252, 0, 'fkticon_i_252', TRUE),
(1594, 16416, 10, 29, 0, 'fkticon_i_029', FALSE),
(1595, 16416, 11, 116, 0, 'fkticon_i_116', FALSE),
(1596, 16416, 12, 129, 0, 'fkticon_i_129', FALSE),
(1597, 16416, 13, 108, 0, 'fkticon_i_108', FALSE),
(1598, 16416, 14, 11, 0, 'fkticon_i_011', TRUE),
(1599, 16416, 15, 43, 0, 'fkticon_i_043', TRUE),
(1600, 16416, 16, 25, 0, 'fkticon_i_025', FALSE),
(1601, 16416, 17, 45, 0, 'fkticon_i_045', FALSE),
(1602, 16416, 18, 20, 1, 'fkticon_a_020', FALSE),
(1603, 16416, 19, 28, 0, 'fkticon_i_028', FALSE),
(1604, 16416, 20, 5, 0, 'fkticon_i_005', TRUE),
(1605, 16416, 21, 6, 0, 'fkticon_i_006', FALSE),
(1606, 16416, 22, 103, 0, 'fkticon_i_103', FALSE),
(1607, 16416, 23, 37, 0, 'fkticon_i_037', FALSE),
(1608, 16416, 25, 42, 0, 'fkticon_i_042', FALSE),
(1609, 16416, 26, 41, 0, 'fkticon_i_041', FALSE),
(1610, 16416, 27, 103, 0, 'fkticon_i_103', FALSE),
(1611, 16416, 28, 103, 0, 'fkticon_i_103', FALSE),
(1612, 16416, 29, 103, 0, 'fkticon_i_103', FALSE),
(1613, 16417, 0, 1, 1, 'fkticon_a_001', FALSE),
(1614, 16417, 1, 5, 0, 'fkticon_i_005', FALSE),
(1615, 16417, 2, 10, 0, 'fkticon_i_010', TRUE),
(1616, 16417, 3, 10, 0, 'fkticon_i_010', TRUE),
(1617, 16417, 4, 6, 0, 'fkticon_i_006', FALSE),
(1618, 16417, 5, 48, 0, 'fkticon_i_048', FALSE),
(1619, 16417, 6, 8, 0, 'fkticon_i_008', FALSE),
(1620, 16417, 7, 2, 0, 'fkticon_i_002', FALSE),
(1621, 16417, 8, 3, 0, 'fkticon_i_003', FALSE),
(1622, 16417, 9, 1, 0, 'fkticon_i_001', FALSE),
(1623, 16417, 10, 5, 0, 'fkticon_i_005', FALSE),
(1624, 16417, 11, 43, 0, 'fkticon_i_043', FALSE),
(1625, 16417, 12, 5, 0, 'fkticon_i_005', FALSE),
(1626, 16417, 13, 11, 0, 'fkticon_i_011', TRUE);      
INSERT INTO "jcs"."locomotive_functions" VALUES
(1627, 16417, 14, 45, 0, 'fkticon_i_045', TRUE),
(1628, 16417, 15, 29, 0, 'fkticon_i_029', FALSE),
(1629, 16417, 16, 28, 0, 'fkticon_i_028', FALSE),
(1630, 16417, 17, 5, 0, 'fkticon_i_005', FALSE),
(1631, 16417, 18, 45, 0, 'fkticon_i_045', TRUE),
(1632, 16417, 19, 5, 0, 'fkticon_i_005', TRUE),
(1633, 16417, 20, 129, 0, 'fkticon_i_129', FALSE),
(1634, 16417, 21, 23, 0, 'fkticon_i_023', TRUE),
(1635, 16417, 22, 45, 0, 'fkticon_i_045', TRUE),
(1636, 16417, 23, 103, 0, 'fkticon_i_103', TRUE),
(1637, 16417, 24, 116, 0, 'fkticon_i_116', FALSE),
(1638, 16417, 25, 108, 0, 'fkticon_i_108', TRUE),
(1639, 16417, 26, 109, 0, 'fkticon_i_109', FALSE),
(1640, 16417, 27, 20, 0, 'fkticon_i_020', FALSE),
(1641, 16417, 28, 5, 0, 'fkticon_i_005', FALSE),
(1642, 16417, 29, 103, 0, 'fkticon_i_103', TRUE),
(1643, 16417, 30, 103, 0, 'fkticon_i_103', TRUE),
(1644, 16417, 31, 37, 0, 'fkticon_i_037', FALSE),
(1645, 16400, 0, 282, 0, 'fkticon_i_282', FALSE),
(1646, 16400, 1, 23, 0, 'fkticon_i_023', FALSE),
(1647, 16400, 2, 251, 0, 'fkticon_i_251', TRUE),
(1648, 16400, 3, 37, 0, 'fkticon_i_037', FALSE),
(1649, 16400, 4, 28, 0, 'fkticon_i_028', TRUE),
(1650, 16400, 5, 2, 1, 'fkticon_a_002', FALSE),
(1651, 16400, 6, 8, 0, 'fkticon_i_008', FALSE),
(1652, 16400, 7, 11, 0, 'fkticon_i_011', TRUE),
(1653, 16400, 8, 25, 0, 'fkticon_i_025', TRUE),
(1654, 16400, 9, 125, 0, 'fkticon_i_125', FALSE),
(1655, 16400, 10, 5, 0, 'fkticon_i_005', TRUE),
(1656, 16400, 11, 48, 0, 'fkticon_i_048', FALSE),
(1657, 16400, 12, 18, 0, 'fkticon_i_018', FALSE),
(1658, 16400, 13, 10, 0, 'fkticon_i_010', TRUE),
(1659, 16400, 14, 5, 0, 'fkticon_i_005', TRUE),
(1660, 41, 0, 1, 1, 'fkticon_a_001', FALSE),
(1661, 41, 1, 30, 0, 'fkticon_i_030', FALSE),
(1662, 41, 3, 8, 0, 'fkticon_i_008', FALSE),
(1663, 41, 4, 18, 0, 'fkticon_i_018', FALSE),
(1664, 16420, 0, 1, 1, 'fkticon_a_001', FALSE),
(1665, 16420, 1, 126, 0, 'fkticon_i_126', FALSE),
(1666, 16420, 2, 23, 0, 'fkticon_i_023', FALSE),
(1667, 16420, 3, 10, 0, 'fkticon_i_010', FALSE),
(1668, 16420, 4, 18, 0, 'fkticon_i_018', FALSE),
(1669, 16420, 5, 48, 0, 'fkticon_i_048', FALSE),
(1670, 16420, 6, 41, 0, 'fkticon_i_041', FALSE),
(1671, 16420, 7, 10, 0, 'fkticon_i_010', TRUE),
(1672, 16420, 8, 42, 0, 'fkticon_i_042', FALSE),
(1673, 16420, 9, 20, 0, 'fkticon_i_020', FALSE),
(1674, 16420, 10, 29, 0, 'fkticon_i_029', FALSE),
(1675, 16420, 11, 11, 0, 'fkticon_i_011', FALSE),
(1676, 16420, 12, 116, 0, 'fkticon_i_116', FALSE),
(1677, 16420, 13, 92, 0, 'fkticon_i_092', TRUE),
(1678, 16420, 14, 8, 0, 'fkticon_i_008', FALSE),
(1679, 16420, 15, 112, 0, 'fkticon_i_112', FALSE),
(1680, 16420, 16, 108, 0, 'fkticon_i_108', TRUE),
(1681, 16420, 17, 5, 0, 'fkticon_i_005', FALSE),
(1682, 49166, 0, 1, 1, 'fkticon_a_001', FALSE),
(1683, 49166, 1, 42, 0, 'fkticon_i_042', FALSE),
(1684, 49166, 2, 41, 0, 'fkticon_i_041', FALSE),
(1685, 49166, 3, 8, 0, 'fkticon_i_008', FALSE),
(1686, 49166, 4, 18, 0, 'fkticon_i_018', FALSE),
(1687, 49166, 5, 47, 0, 'fkticon_i_047', FALSE),
(1688, 49166, 6, 56, 0, 'fkticon_i_056', FALSE),
(1689, 49166, 7, 57, 0, 'fkticon_i_057', FALSE); 
CREATE UNIQUE NULLS DISTINCT INDEX "jcs"."lofu_pk_idx" ON "jcs"."locomotive_functions"("id" NULLS FIRST);      
CREATE UNIQUE NULLS DISTINCT INDEX "jcs"."lofu_loid_fnum_un_idx" ON "jcs"."locomotive_functions"("locomotive_id" NULLS FIRST, "f_number" NULLS FIRST);         
CREATE CACHED TABLE "jcs"."locomotives"(
    "id" BIGINT NOT NULL,
    "name" CHARACTER VARYING(255) NOT NULL,
    "uid" BIGINT,
    "address" INTEGER NOT NULL,
    "icon" CHARACTER VARYING(255),
    "decoder_type" CHARACTER VARYING(255) NOT NULL,
    "tacho_max" INTEGER,
    "v_min" INTEGER,
    "velocity" INTEGER,
    "synchronize" BOOLEAN DEFAULT FALSE NOT NULL,
    "imported" CHARACTER VARYING(255),
    "commuter" BOOLEAN DEFAULT FALSE NOT NULL,
    "show" BOOLEAN DEFAULT TRUE NOT NULL,
    "command_station_id" CHARACTER VARYING(255) NOT NULL,
    "dispatcher_direction" CHARACTER VARYING(255),
    "locomotive_direction" CHARACTER VARYING(255),
    "speed_1" INTEGER,
    "speed_2" INTEGER,
    "speed_3" INTEGER,
    "speed_4" INTEGER
);  
ALTER TABLE "jcs"."locomotives" ADD CONSTRAINT "jcs"."loco_pk" PRIMARY KEY("id");              
-- 50 +/- SELECT COUNT(*) FROM jcs.locomotives;
INSERT INTO "jcs"."locomotives" VALUES
(2, 'BR 81 002', 2, 2, '/home/frans/jcs/cache/cs/db br 81 008.png', 'mm', 80, 1, 0, TRUE, 'Manual Updated', FALSE, FALSE, 'marklin.cs', NULL, 'FORWARDS', NULL, NULL, NULL, NULL),
(3, 'DB bzf 761', 3, 3, 'DB bzf 761', 'mm', 120, 0, 0, TRUE, 'Manual Updated', FALSE, FALSE, 'marklin.cs', NULL, 'FORWARDS', NULL, NULL, NULL, NULL),
(12, 'BR 141 015-08', 12, 12, '/home/frans/jcs/cache/cs/db br 141 136-2.png', 'mm', 120, 0, 0, TRUE, 'CS', FALSE, TRUE, 'marklin.cs', NULL, 'BACKWARDS', NULL, NULL, NULL, NULL),
(15, 'MOTORPOST', 15, 15, '/home/frans/jcs/cache/cs/ns 3020 ptt post.png', 'mm', 120, 0, 0, TRUE, 'Manual Updated', FALSE, FALSE, 'marklin.cs', NULL, 'FORWARDS', NULL, NULL, NULL, NULL),
(23, 'BR 101 003-2', 23, 23, '/home/frans/jcs/cache/cs/db br 101 109-7.png', 'mm', 200, 0, 0, TRUE, 'CS', FALSE, TRUE, 'marklin.cs', NULL, 'BACKWARDS', NULL, NULL, NULL, NULL),
(33, 'BR 003 131-0', 33, 33, '/home/frans/jcs/cache/cs/db br 003 268-0.png', 'mm', 120, 0, 0, TRUE, 'Manual Updated', FALSE, FALSE, 'marklin.cs', NULL, 'FORWARDS', NULL, NULL, NULL, NULL),
(39, 'NS 1631', 39, 39, '/home/frans/jcs/cache/cs/ns 1652.png', 'mm', 120, 0, 0, TRUE, 'Manual Updated', FALSE, FALSE, 'marklin.cs', NULL, 'FORWARDS', NULL, NULL, NULL, NULL),
(41, 'Stofzuiger', 41, 41, 'lux_reinigingswagen', 'mm', 120, 0, 0, TRUE, 'Manual Updated', FALSE, FALSE, 'marklin.cs', NULL, 'FORWARDS', NULL, NULL, NULL, NULL),
(61, 'BR 610', 61, 61, '/home/frans/jcs/cache/cs/db br 610 015-0.png', 'mm', 120, 0, 0, TRUE, 'Manual Updated', FALSE, FALSE, 'marklin.cs', NULL, 'FORWARDS', NULL, NULL, NULL, NULL),
(63, 'NS 6513', 63, 63, '/home/frans/jcs/cache/cs/ns 6513.png', 'mm', 120, 0, 0, TRUE, 'Manual Updated', FALSE, TRUE, 'marklin.cs', NULL, 'FORWARDS', 25, 55, 75, 90),
(68, 'NS 1309', 68, 68, 'NS 1309', 'mm', 120, 0, 0, TRUE, 'Manual Updated', FALSE, FALSE, 'marklin.cs', NULL, 'FORWARDS', NULL, NULL, NULL, NULL),
(16389, '193 304-3 DB AG', 16389, 5, '/home/frans/jcs/cache/cs/db br 193 304-3.png', 'mfx', 160, 5, 0, TRUE, 'CS', FALSE, FALSE, 'marklin.cs', NULL, 'FORWARDS', NULL, NULL, NULL, NULL),
(16390, '152 119-4 DBAG', 16390, 6, '/home/frans/jcs/cache/cs/db br 152 119-4.png', 'mfx+', 140, 4, 65, TRUE, 'CS', FALSE, FALSE, 'marklin.cs', NULL, 'FORWARDS', NULL, NULL, NULL, NULL),
(16391, 'DB 640 017-9', 16391, 7, '/home/frans/jcs/cache/cs/db br 640 017-9.png', 'mfx', 100, 8, 0, TRUE, 'CS', TRUE, FALSE, 'marklin.cs', NULL, 'FORWARDS', NULL, NULL, NULL, NULL),
(16392, 'BR 44 690', 16392, 8, '/home/frans/jcs/cache/cs/db br 44 100.png', 'mfx', 80, 5, 0, TRUE, 'CS', FALSE, FALSE, 'marklin.cs', NULL, 'FORWARDS', NULL, NULL, NULL, NULL),
(16393, 'Rheingold 1', 16393, 9, '/home/frans/jcs/cache/cs/db br 18 537.png', 'mfx', 81, 4, 0, TRUE, 'CS', FALSE, FALSE, 'marklin.cs', NULL, 'FORWARDS', NULL, NULL, NULL, NULL),
(16394, '561-05 RRF', 16394, 10, '56-05 RRF', 'mfx+', 120, 5, 0, TRUE, 'CS', FALSE, FALSE, 'marklin.cs', NULL, 'FORWARDS', NULL, NULL, NULL, NULL),
(16395, 'E 186 007-8 NS', 16395, 11, '/home/frans/jcs/cache/cs/ns 186 012-8.png', 'mfx', 140, 5, 0, TRUE, 'CS', FALSE, FALSE, 'marklin.cs', NULL, 'FORWARDS', NULL, NULL, NULL, NULL),
(16396, 'BR 216 059-6', 16396, 12, '/home/frans/jcs/cache/cs/db br 216 059-6.png', 'mfx', 120, 5, 0, TRUE, 'CS', FALSE, TRUE, 'marklin.cs', NULL, 'FORWARDS', NULL, NULL, NULL, NULL),
(16397, 'NS 1139', 13, 13, '/home/frans/jcs/cache/cs/ns 1136.png', 'mfx', 140, 6, 0, TRUE, 'Manual Updated', FALSE, TRUE, 'marklin.cs', NULL, 'FORWARDS', 25, 55, 80, 90),
(16398, 'Rheingold 2', 16398, 14, '/home/frans/jcs/cache/cs/db br 18 473.png', 'mfx', 81, 4, 0, TRUE, 'CS', FALSE, FALSE, 'marklin.cs', NULL, 'FORWARDS', NULL, NULL, NULL, NULL),
(16399, 'Bpmbdzf 107-5', 16399, 15, '/home/frans/jcs/cache/cs/db bpmbdzf 296.1.png', 'mfx', 121, 4, 0, TRUE, 'CS', FALSE, FALSE, 'marklin.cs', NULL, 'FORWARDS', NULL, NULL, NULL, NULL),
(16400, 'SVT 137', 16400, 16, '/home/frans/jcs/cache/cs/drg svt 137 150.png', 'mfx', 100, 3, 0, TRUE, 'CS', FALSE, FALSE, 'marklin.cs', NULL, 'FORWARDS', NULL, NULL, NULL, NULL),
(16401, 'BR 01-097', 16401, 17, '/home/frans/jcs/cache/cs/db br 01 047.png', 'mfx', 120, 4, 0, TRUE, 'CS', FALSE, FALSE, 'marklin.cs', NULL, 'FORWARDS', NULL, NULL, NULL, NULL);      
INSERT INTO "jcs"."locomotives" VALUES
(16402, 'SBB Ce 6/8 14305', 16402, 18, '/home/frans/jcs/cache/cs/sbb ce 6_8 14305 hist.png', 'mfx', 75, 4, 0, TRUE, 'CS', FALSE, FALSE, 'marklin.cs', NULL, 'FORWARDS', NULL, NULL, NULL, NULL),
(16403, '193 733-3 NS', 16403, 19, '/home/frans/jcs/cache/cs/ns 193 733-3.png', 'mfx+', 160, 4, 0, TRUE, 'CS', FALSE, FALSE, 'marklin.cs', NULL, 'FORWARDS', NULL, NULL, NULL, NULL),
(16404, 'NS 6503', 20, 20, '/home/frans/jcs/cache/cs/ns 6409.png', 'mfx', 120, 3, 0, TRUE, 'Manual Updated', TRUE, TRUE, 'marklin.cs', NULL, 'BACKWARDS', 30, 50, 80, 90),
(16405, 'NS 6505', 16405, 21, '/home/frans/jcs/cache/cs/ns dhg 6505.png', 'mfx', 80, 3, 0, TRUE, 'CS', FALSE, FALSE, 'marklin.cs', NULL, 'FORWARDS', NULL, NULL, NULL, NULL),
(16406, 'DHG 700 VW', 16406, 22, '/home/frans/jcs/cache/cs/dhg 700 vw.png', 'mfx', 100, 3, 0, TRUE, 'CS', FALSE, FALSE, 'marklin.cs', NULL, 'FORWARDS', NULL, NULL, NULL, NULL),
(16407, '1102 RRF G2000', 16407, 23, '/home/frans/jcs/cache/cs/rrf 272 001-9.png', 'mfx+', 140, 5, 0, TRUE, 'CS', FALSE, FALSE, 'marklin.cs', NULL, 'FORWARDS', NULL, NULL, NULL, NULL),
(16408, '1707 NS', 16408, 24, '/home/frans/jcs/cache/cs/ns 1707.png', 'mfx+', 140, 4, 0, TRUE, 'CS', FALSE, FALSE, 'marklin.cs', NULL, 'FORWARDS', NULL, NULL, NULL, NULL),
(16409, 'BR 260 471-1', 16409, 25, '/home/frans/jcs/cache/cs/db br 260 423-9.png', 'mfx', 100, 3, 0, TRUE, 'CS', FALSE, FALSE, 'marklin.cs', NULL, 'FORWARDS', NULL, NULL, NULL, NULL),
(16410, 'RE 460 004-5', 16410, 26, '/home/frans/jcs/cache/cs/sbb re 460 006-0.png', 'mfx', 160, 3, 0, TRUE, 'CS', FALSE, FALSE, 'marklin.cs', NULL, 'FORWARDS', NULL, NULL, NULL, NULL),
(16411, 'BR 610 514-2', 16411, 27, 'DB BR 610 514-2', 'mfx', 100, 3, 0, TRUE, 'CS', FALSE, FALSE, 'marklin.cs', NULL, 'FORWARDS', NULL, NULL, NULL, NULL),
(16412, 'NS 1855', 16412, 28, '/home/frans/jcs/cache/cs/ns 1855.png', 'mfx', 100, 3, 0, TRUE, 'CS', FALSE, FALSE, 'marklin.cs', NULL, 'FORWARDS', NULL, NULL, NULL, NULL),
(16413, 'Hondekop 4', 16413, 29, 'hondekop-4', 'mfx', 100, 3, 0, TRUE, 'CS', FALSE, FALSE, 'marklin.cs', NULL, 'FORWARDS', NULL, NULL, NULL, NULL),
(16414, 'ICE 406 353-3', 16414, 30, '/home/frans/jcs/cache/cs/db br 403 005-2 ice3.png', 'mfx', 100, 3, 0, TRUE, 'CS', FALSE, FALSE, 'marklin.cs', NULL, 'FORWARDS', NULL, NULL, NULL, NULL),
(16415, 'RAm TEE 501 SBB', 16415, 31, '/home/frans/jcs/cache/cs/sbb ram edelweiss.png', 'mfx+', 140, 6, 0, TRUE, 'CS', FALSE, FALSE, 'marklin.cs', NULL, 'FORWARDS', NULL, NULL, NULL, NULL),
(16416, 'SBB Re 4/4 II', 16416, 32, '/home/frans/jcs/cache/cs/sbb re 420 227-1.png', 'mfx', 100, 3, 0, TRUE, 'CS', FALSE, FALSE, 'marklin.cs', NULL, 'FORWARDS', NULL, NULL, NULL, NULL),
(16417, 'SNCB/NMBS HLE 27', 16417, 33, 'SNCB 1186', 'mfx', 100, 2, 0, TRUE, 'CS', FALSE, FALSE, 'marklin.cs', NULL, 'FORWARDS', NULL, NULL, NULL, NULL),
(16418, 'BR 221 104-3', 34, 34, '/home/frans/jcs/cache/cs/db br 221 120-9.png', 'mfx', 100, 3, 0, TRUE, 'Manual Updated', FALSE, FALSE, 'marklin.cs', NULL, 'FORWARDS', NULL, NULL, NULL, NULL),
(16419, 'Northlander ONR', 16419, 35, '/home/frans/jcs/cache/cs/onr nothlander.png', 'mfx+', 140, 6, 0, TRUE, 'CS', FALSE, FALSE, 'marklin.cs', NULL, 'FORWARDS', NULL, NULL, NULL, NULL),
(16420, 'V 200 027 DB', 16420, 36, '/home/frans/jcs/cache/cs/db v200 002.png', 'mfx', 140, 4, 0, TRUE, 'CS', FALSE, FALSE, 'marklin.cs', NULL, 'FORWARDS', NULL, NULL, NULL, NULL),
(16421, '247 047-4 DB', 37, 37, '/home/frans/jcs/cache/cs/247 047-4 DB.png', 'mfxp', 120, 5, 0, TRUE, 'Manual Updated', FALSE, FALSE, 'marklin.cs', NULL, 'FORWARDS', NULL, NULL, NULL, NULL),
(16422, '648 266-4 DB AG', 38, 38, '/home/frans/jcs/cache/cs/db br 648 766-3.png', 'mfx', 100, 17, 0, TRUE, 'Manual Updated', FALSE, FALSE, 'marklin.cs', NULL, 'FORWARDS', NULL, NULL, NULL, NULL),
(49156, 'NS Plan Y', 49156, 4, 'NS Plan Y', 'dcc', 120, 0, 0, TRUE, 'CS', FALSE, FALSE, 'marklin.cs', NULL, 'FORWARDS', NULL, NULL, NULL, NULL),
(49159, 'NS Plan V', 49159, 7, 'NS Plan V', 'dcc', 120, 0, 0, TRUE, 'CS', FALSE, FALSE, 'marklin.cs', NULL, 'FORWARDS', NULL, NULL, NULL, NULL),
(49163, 'NS 1205', 11, 11, '/home/frans/jcs/cache/cs/ns 1211.png', 'dcc', 120, 0, 0, TRUE, 'Manual Updated', FALSE, TRUE, 'marklin.cs', NULL, 'FORWARDS', 25, 50, 65, 90);        
INSERT INTO "jcs"."locomotives" VALUES
(49166, 'V36 236 002', 49166, 14, '/home/frans/jcs/cache/cs/fs d.236.002.png', 'dcc', 80, 0, 0, TRUE, 'CS', FALSE, FALSE, 'marklin.cs', NULL, 'FORWARDS', NULL, NULL, NULL, NULL),
(49189, 'NS 1720', 49189, 37, '/home/frans/jcs/cache/cs/ns 1714.png', 'dcc', 120, 0, 0, TRUE, 'CS', FALSE, FALSE, 'marklin.cs', NULL, 'FORWARDS', NULL, NULL, NULL, NULL);           
CREATE UNIQUE NULLS DISTINCT INDEX "jcs"."loco_pk_idx" ON "jcs"."locomotives"("id" NULLS FIRST);               
CREATE CACHED TABLE "jcs"."command_stations"(
    "id" CHARACTER VARYING(255) NOT NULL,
    "description" CHARACTER VARYING(255) NOT NULL,
    "short_name" CHARACTER VARYING(255) NOT NULL,
    "class_name" CHARACTER VARYING(255) NOT NULL,
    "connect_via" CHARACTER VARYING(255) NOT NULL,
    "serial_port" CHARACTER VARYING(255),
    "ip_address" CHARACTER VARYING(255),
    "network_port" INTEGER,
    "ip_auto_conf" BOOLEAN DEFAULT FALSE NOT NULL,
    "supports_decoder_control" BOOLEAN DEFAULT TRUE NOT NULL,
    "supports_accessory_control" BOOLEAN DEFAULT TRUE NOT NULL,
    "supports_feedback" BOOLEAN DEFAULT TRUE NOT NULL,
    "supports_loco_synch" BOOLEAN DEFAULT FALSE NOT NULL,
    "supports_accessory_synch" BOOLEAN DEFAULT FALSE NOT NULL,
    "supports_loco_image_synch" BOOLEAN DEFAULT FALSE NOT NULL,
    "supports_loco_function_synch" BOOLEAN DEFAULT FALSE NOT NULL,
    "protocols" CHARACTER VARYING(255) DEFAULT 'DCC' NOT NULL,
    "default_cs" BOOLEAN DEFAULT FALSE NOT NULL,
    "enabled" BOOLEAN DEFAULT FALSE NOT NULL,
    "last_used_serial" CHARACTER VARYING(255),
    "sup_conn_types" CHARACTER VARYING(255) NOT NULL,
    "feedback_module_id" CHARACTER VARYING(255),
    "feedback_bus_count" INTEGER,
    "feedback_bus_0_module_count" INTEGER,
    "feedback_bus_1_module_count" INTEGER,
    "feedback_bus_2_module_count" INTEGER,
    "feedback_bus_3_module_count" INTEGER,
    "virtual" BOOLEAN DEFAULT FALSE NOT NULL
);         
ALTER TABLE "jcs"."command_stations" ADD CONSTRAINT "jcs"."command_station_pk" PRIMARY KEY("id");              
-- 5 +/- SELECT COUNT(*) FROM jcs.command_stations;            
INSERT INTO "jcs"."command_stations" VALUES
('marklin.cs', 'Marklin Central Station 2/3', 'CS', 'jcs.commandStation.marklin.cs.MarklinCentralStationImpl', 'NETWORK', NULL, '192.168.1.180', 15731, TRUE, TRUE, TRUE, TRUE, TRUE, TRUE, TRUE, TRUE, 'DCC,MFX,MM', TRUE, TRUE, NULL, 'NETWORK', NULL, NULL, NULL, NULL, NULL, NULL, FALSE),
('dcc-ex', 'DCC-EX', 'dcc-ex', 'jcs.commandStation.dccex.DccExCommandStationImpl', 'NETWORK', NULL, '192.168.178.73', 2560, FALSE, TRUE, TRUE, FALSE, FALSE, FALSE, FALSE, FALSE, 'DCC', FALSE, FALSE, NULL, 'NETWORK,SERIAL', NULL, NULL, NULL, NULL, NULL, NULL, FALSE),
('hsi-s88', 'HSI S88', 'HSI', 'jcs.commandStation.hsis88.HSIImpl', 'SERIAL', NULL, NULL, 0, FALSE, FALSE, FALSE, TRUE, FALSE, FALSE, FALSE, FALSE, '', FALSE, FALSE, NULL, 'SERIAL', '0', 1, 6, 0, 0, 0, FALSE),
('virtual', 'Virtual CS', 'VIR', 'jcs.commandStation.virtual.VirtualCommandStationImpl', 'NETWORK', NULL, '127.0.0.1', 0, FALSE, TRUE, TRUE, TRUE, FALSE, FALSE, FALSE, FALSE, 'dcc', FALSE, FALSE, '1', 'NETWORK', '0', 1, 1, 0, 0, 0, TRUE),
('esu-ecos', 'ESU ECoS', 'ECoS', 'jcs.commandStation.esu.ecos.EsuEcosCommandStationImpl', 'NETWORK', NULL, '192.168.1.110', 15471, TRUE, TRUE, TRUE, TRUE, TRUE, TRUE, TRUE, TRUE, 'DCC,MFX,MM', FALSE, FALSE, '1', 'NETWORK', '0', 0, 0, 0, 0, 0, FALSE);               
CREATE UNIQUE NULLS DISTINCT INDEX "jcs"."command_station_pk_idx" ON "jcs"."command_stations"("id" NULLS FIRST);               
CREATE CACHED TABLE "jcs"."route_elements"(
    "id" BIGINT GENERATED BY DEFAULT AS IDENTITY(START WITH 1 RESTART WITH 14237) SELECTIVITY 100 NOT NULL,
    "route_id" CHARACTER VARYING(255) SELECTIVITY 4 NOT NULL,
    "node_id" CHARACTER VARYING(255) SELECTIVITY 55 NOT NULL,
    "tile_id" CHARACTER VARYING(255) SELECTIVITY 50 NOT NULL,
    "accessory_value" CHARACTER VARYING(255) SELECTIVITY 1,
    "order_seq" INTEGER DEFAULT 0 SELECTIVITY 7 NOT NULL,
    "incoming_side" CHARACTER VARYING(255) SELECTIVITY 1
);            
ALTER TABLE "jcs"."route_elements" ADD CONSTRAINT "jcs"."roel_pk" PRIMARY KEY("id");           
-- 665 +/- SELECT COUNT(*) FROM jcs.route_elements;            
INSERT INTO "jcs"."route_elements" VALUES
(3985, '[bk-6+]->[bk-1-]', 'bk-6', 'bk-6', NULL, 0, NULL),
(3986, '[bk-6+]->[bk-1-]', 'bk-6+', 'bk-6', NULL, 1, NULL),
(3987, '[bk-6+]->[bk-1-]', 'se-6', 'se-6', NULL, 2, 'East'),
(3988, '[bk-6+]->[bk-1-]', 'st-23', 'st-23', NULL, 3, 'East'),
(3989, '[bk-6+]->[bk-1-]', 'st-24', 'st-24', NULL, 4, 'East'),
(3990, '[bk-6+]->[bk-1-]', 'ct-4', 'ct-4', NULL, 5, 'East'),
(3991, '[bk-6+]->[bk-1-]', 'st-25', 'st-25', NULL, 6, 'South'),
(3992, '[bk-6+]->[bk-1-]', 'st-20', 'st-20', NULL, 7, 'South'),
(3993, '[bk-6+]->[bk-1-]', 'ct-3', 'ct-3', NULL, 8, 'South'),
(3994, '[bk-6+]->[bk-1-]', 'st-22', 'st-22', NULL, 9, 'West'),
(3995, '[bk-6+]->[bk-1-]', 'sw-4', 'sw-4', 'G', 10, 'West'),
(3996, '[bk-6+]->[bk-1-]', 'st-19', 'st-19', NULL, 11, 'West'),
(3997, '[bk-6+]->[bk-1-]', 'st-28', 'st-28', NULL, 12, 'West'),
(3998, '[bk-6+]->[bk-1-]', 'se-20', 'se-20', NULL, 13, 'West'),
(3999, '[bk-6+]->[bk-1-]', 'bk-1-', 'bk-1', NULL, 14, 'West'),
(4294, '[bk-1-]->[bk-5+]', 'bk-1', 'bk-1', NULL, 0, NULL),
(4295, '[bk-1-]->[bk-5+]', 'bk-1-', 'bk-1', NULL, 1, NULL),
(4296, '[bk-1-]->[bk-5+]', 'se-20', 'se-20', NULL, 2, 'East'),
(4297, '[bk-1-]->[bk-5+]', 'st-28', 'st-28', NULL, 3, 'East'),
(4298, '[bk-1-]->[bk-5+]', 'st-19', 'st-19', NULL, 4, 'East'),
(4299, '[bk-1-]->[bk-5+]', 'sw-4', 'sw-4', 'R', 5, 'East'),
(4300, '[bk-1-]->[bk-5+]', 'st-21', 'st-21', NULL, 6, 'North'),
(4301, '[bk-1-]->[bk-5+]', 'ct-5', 'ct-5', NULL, 7, 'North'),
(4302, '[bk-1-]->[bk-5+]', 'se-5', 'se-5', NULL, 8, 'West'),
(4303, '[bk-1-]->[bk-5+]', 'bk-5+', 'bk-5', NULL, 9, 'West'),
(4304, '[bk-9-]->[bk-18-]', 'bk-9', 'bk-9', NULL, 0, NULL),
(4305, '[bk-9-]->[bk-18-]', 'bk-9-', 'bk-9', NULL, 1, NULL),
(4306, '[bk-9-]->[bk-18-]', 'se-31', 'se-31', NULL, 2, 'North'),
(4307, '[bk-9-]->[bk-18-]', 'si-13', 'si-13', NULL, 3, 'North'),
(4308, '[bk-9-]->[bk-18-]', 'st-148', 'st-148', NULL, 4, 'North'),
(4309, '[bk-9-]->[bk-18-]', 'cr-2', 'cr-2', NULL, 5, 'North'),
(4310, '[bk-9-]->[bk-18-]', 'cr-4', 'cr-4', NULL, 6, 'North'),
(4311, '[bk-9-]->[bk-18-]', 'st-181', 'st-181', NULL, 7, 'North'),
(4312, '[bk-9-]->[bk-18-]', 'st-180', 'st-180', NULL, 8, 'North'),
(4313, '[bk-9-]->[bk-18-]', 'ct-45', 'ct-45', NULL, 9, 'North'),
(4314, '[bk-9-]->[bk-18-]', 'st-179', 'st-179', NULL, 10, 'East'),
(4315, '[bk-9-]->[bk-18-]', 'st-178', 'st-178', NULL, 11, 'East'),
(4316, '[bk-9-]->[bk-18-]', 'st-177', 'st-177', NULL, 12, 'East'),
(4317, '[bk-9-]->[bk-18-]', 'st-176', 'st-176', NULL, 13, 'East'),
(4318, '[bk-9-]->[bk-18-]', 'st-175', 'st-175', NULL, 14, 'East'),
(4319, '[bk-9-]->[bk-18-]', 'st-174', 'st-174', NULL, 15, 'East'),
(4320, '[bk-9-]->[bk-18-]', 'st-173', 'st-173', NULL, 16, 'East'),
(4321, '[bk-9-]->[bk-18-]', 'sw-16', 'sw-16', 'R', 17, 'East'),
(4322, '[bk-9-]->[bk-18-]', 'sw-15', 'sw-15', 'R', 18, 'South'),
(4323, '[bk-9-]->[bk-18-]', 'st-156', 'st-156', NULL, 19, 'East'),
(4324, '[bk-9-]->[bk-18-]', 'sd-16', 'sd-16', NULL, 20, 'East'),
(4325, '[bk-9-]->[bk-18-]', 'st-151', 'st-151', NULL, 21, 'East'),
(4326, '[bk-9-]->[bk-18-]', 'se-57', 'se-57', NULL, 22, 'East'),
(4327, '[bk-9-]->[bk-18-]', 'bk-18-', 'bk-18', NULL, 23, 'East'),
(4328, '[bk-1-]->[bk-6+]', 'bk-1', 'bk-1', NULL, 0, NULL),
(4329, '[bk-1-]->[bk-6+]', 'bk-1-', 'bk-1', NULL, 1, NULL),
(4330, '[bk-1-]->[bk-6+]', 'se-20', 'se-20', NULL, 2, 'East'),
(4331, '[bk-1-]->[bk-6+]', 'st-28', 'st-28', NULL, 3, 'East'),
(4332, '[bk-1-]->[bk-6+]', 'st-19', 'st-19', NULL, 4, 'East'),
(4333, '[bk-1-]->[bk-6+]', 'sw-4', 'sw-4', 'G', 5, 'East'),
(4334, '[bk-1-]->[bk-6+]', 'st-22', 'st-22', NULL, 6, 'East'),
(4335, '[bk-1-]->[bk-6+]', 'ct-3', 'ct-3', NULL, 7, 'East'),
(4336, '[bk-1-]->[bk-6+]', 'st-20', 'st-20', NULL, 8, 'North'),
(4337, '[bk-1-]->[bk-6+]', 'st-25', 'st-25', NULL, 9, 'North'),
(4338, '[bk-1-]->[bk-6+]', 'ct-4', 'ct-4', NULL, 10, 'North'),
(4339, '[bk-1-]->[bk-6+]', 'st-24', 'st-24', NULL, 11, 'West'),
(4340, '[bk-1-]->[bk-6+]', 'st-23', 'st-23', NULL, 12, 'West'),
(4341, '[bk-1-]->[bk-6+]', 'se-6', 'se-6', NULL, 13, 'West'),
(4342, '[bk-1-]->[bk-6+]', 'bk-6+', 'bk-6', NULL, 14, 'West');          
INSERT INTO "jcs"."route_elements" VALUES
(4343, '[bk-5+]->[bk-1-]', 'bk-5', 'bk-5', NULL, 0, NULL),
(4344, '[bk-5+]->[bk-1-]', 'bk-5+', 'bk-5', NULL, 1, NULL),
(4345, '[bk-5+]->[bk-1-]', 'se-5', 'se-5', NULL, 2, 'East'),
(4346, '[bk-5+]->[bk-1-]', 'ct-5', 'ct-5', NULL, 3, 'East'),
(4347, '[bk-5+]->[bk-1-]', 'st-21', 'st-21', NULL, 4, 'South'),
(4348, '[bk-5+]->[bk-1-]', 'sw-4', 'sw-4', 'R', 5, 'South'),
(4349, '[bk-5+]->[bk-1-]', 'st-19', 'st-19', NULL, 6, 'West'),
(4350, '[bk-5+]->[bk-1-]', 'st-28', 'st-28', NULL, 7, 'West'),
(4351, '[bk-5+]->[bk-1-]', 'se-20', 'se-20', NULL, 8, 'West'),
(4352, '[bk-5+]->[bk-1-]', 'bk-1-', 'bk-1', NULL, 9, 'West'),
(4406, '[bk-9+]->[bk-1+]', 'bk-9', 'bk-9', NULL, 0, NULL),
(4407, '[bk-9+]->[bk-1+]', 'bk-9+', 'bk-9', NULL, 1, NULL),
(4408, '[bk-9+]->[bk-1+]', 'se-30', 'se-30', NULL, 2, 'South'),
(4409, '[bk-9+]->[bk-1+]', 'si-6', 'si-6', NULL, 3, 'South'),
(4410, '[bk-9+]->[bk-1+]', 'se-29', 'se-29', NULL, 4, 'South'),
(4411, '[bk-9+]->[bk-1+]', 'ct-21', 'ct-21', NULL, 5, 'South'),
(4412, '[bk-9+]->[bk-1+]', 'st-47', 'st-47', NULL, 6, 'East'),
(4413, '[bk-9+]->[bk-1+]', 'sw-7', 'sw-7', 'G', 7, 'East'),
(4414, '[bk-9+]->[bk-1+]', 'st-39', 'st-39', NULL, 8, 'East'),
(4415, '[bk-9+]->[bk-1+]', 'sw-5', 'sw-5', 'G', 9, 'East'),
(4416, '[bk-9+]->[bk-1+]', 'ct-9', 'ct-9', NULL, 10, 'East'),
(4417, '[bk-9+]->[bk-1+]', 'ct-10', 'ct-10', NULL, 11, 'South'),
(4418, '[bk-9+]->[bk-1+]', 'ct-12', 'ct-12', NULL, 12, 'East'),
(4419, '[bk-9+]->[bk-1+]', 'ct-11', 'ct-11', NULL, 13, 'South'),
(4420, '[bk-9+]->[bk-1+]', 'ct-13', 'ct-13', NULL, 14, 'East'),
(4421, '[bk-9+]->[bk-1+]', 'ct-14', 'ct-14', NULL, 15, 'South'),
(4422, '[bk-9+]->[bk-1+]', 'ct-15', 'ct-15', NULL, 16, 'East'),
(4423, '[bk-9+]->[bk-1+]', 'ct-16', 'ct-16', NULL, 17, 'South'),
(4424, '[bk-9+]->[bk-1+]', 'st-35', 'st-35', NULL, 18, 'East'),
(4425, '[bk-9+]->[bk-1+]', 'si-9', 'si-9', NULL, 19, 'East'),
(4426, '[bk-9+]->[bk-1+]', 'se-21', 'se-21', NULL, 20, 'East'),
(4427, '[bk-9+]->[bk-1+]', 'bk-1+', 'bk-1', NULL, 21, 'East'),
(4506, '[bk-17+]->[bk-2-]', 'bk-17', 'bk-17', NULL, 0, NULL),
(4507, '[bk-17+]->[bk-2-]', 'bk-17+', 'bk-17', NULL, 1, NULL),
(4508, '[bk-17+]->[bk-2-]', 'se-51', 'se-51', NULL, 2, 'West'),
(4509, '[bk-17+]->[bk-2-]', 'se-50', 'se-50', NULL, 3, 'West'),
(4510, '[bk-17+]->[bk-2-]', 'ct-37', 'ct-37', NULL, 4, 'West'),
(4511, '[bk-17+]->[bk-2-]', 'sw-13', 'sw-13', 'R', 5, 'South'),
(4512, '[bk-17+]->[bk-2-]', 'st-97', 'st-97', NULL, 6, 'West'),
(4513, '[bk-17+]->[bk-2-]', 'st-142', 'st-142', NULL, 7, 'West'),
(4514, '[bk-17+]->[bk-2-]', 'st-143', 'st-143', NULL, 8, 'West'),
(4515, '[bk-17+]->[bk-2-]', 'cr-3', 'cr-3', NULL, 9, 'West'),
(4516, '[bk-17+]->[bk-2-]', 'cr-4', 'cr-4', NULL, 10, 'West'),
(4517, '[bk-17+]->[bk-2-]', 'st-138', 'st-138', NULL, 11, 'West'),
(4518, '[bk-17+]->[bk-2-]', 'st-139', 'st-139', NULL, 12, 'West'),
(4519, '[bk-17+]->[bk-2-]', 'ct-34', 'ct-34', NULL, 13, 'West'),
(4520, '[bk-17+]->[bk-2-]', 'st-136', 'st-136', NULL, 14, 'South'),
(4521, '[bk-17+]->[bk-2-]', 'st-135', 'st-135', NULL, 15, 'South'),
(4522, '[bk-17+]->[bk-2-]', 'st-134', 'st-134', NULL, 16, 'South'),
(4523, '[bk-17+]->[bk-2-]', 'st-133', 'st-133', NULL, 17, 'South'),
(4524, '[bk-17+]->[bk-2-]', 'st-132', 'st-132', NULL, 18, 'South'),
(4525, '[bk-17+]->[bk-2-]', 'st-131', 'st-131', NULL, 19, 'South'),
(4526, '[bk-17+]->[bk-2-]', 'st-130', 'st-130', NULL, 20, 'South'),
(4527, '[bk-17+]->[bk-2-]', 'st-129', 'st-129', NULL, 21, 'South'),
(4528, '[bk-17+]->[bk-2-]', 'st-128', 'st-128', NULL, 22, 'South'),
(4529, '[bk-17+]->[bk-2-]', 'st-127', 'st-127', NULL, 23, 'South'),
(4530, '[bk-17+]->[bk-2-]', 'st-126', 'st-126', NULL, 24, 'South'),
(4531, '[bk-17+]->[bk-2-]', 'st-125', 'st-125', NULL, 25, 'South'),
(4532, '[bk-17+]->[bk-2-]', 'st-124', 'st-124', NULL, 26, 'South'),
(4533, '[bk-17+]->[bk-2-]', 'st-123', 'st-123', NULL, 27, 'South'),
(4534, '[bk-17+]->[bk-2-]', 'st-83', 'st-83', NULL, 28, 'South'),
(4535, '[bk-17+]->[bk-2-]', 'st-122', 'st-122', NULL, 29, 'South'),
(4536, '[bk-17+]->[bk-2-]', 'ct-39', 'ct-39', NULL, 30, 'South'),
(4537, '[bk-17+]->[bk-2-]', 'st-82', 'st-82', NULL, 31, 'East');             
INSERT INTO "jcs"."route_elements" VALUES
(4538, '[bk-17+]->[bk-2-]', 'st-81', 'st-81', NULL, 32, 'East'),
(4539, '[bk-17+]->[bk-2-]', 'st-80', 'st-80', NULL, 33, 'East'),
(4540, '[bk-17+]->[bk-2-]', 'st-73', 'st-73', NULL, 34, 'East'),
(4541, '[bk-17+]->[bk-2-]', 'st-72', 'st-72', NULL, 35, 'East'),
(4542, '[bk-17+]->[bk-2-]', 'st-71', 'st-71', NULL, 36, 'East'),
(4543, '[bk-17+]->[bk-2-]', 'st-70', 'st-70', NULL, 37, 'East'),
(4544, '[bk-17+]->[bk-2-]', 'st-69', 'st-69', NULL, 38, 'East'),
(4545, '[bk-17+]->[bk-2-]', 'st-68', 'st-68', NULL, 39, 'East'),
(4546, '[bk-17+]->[bk-2-]', 'st-67', 'st-67', NULL, 40, 'East'),
(4547, '[bk-17+]->[bk-2-]', 'st-66', 'st-66', NULL, 41, 'East'),
(4548, '[bk-17+]->[bk-2-]', 'st-65', 'st-65', NULL, 42, 'East'),
(4549, '[bk-17+]->[bk-2-]', 'st-63', 'st-63', NULL, 43, 'East'),
(4550, '[bk-17+]->[bk-2-]', 'sd-2', 'sd-2', NULL, 44, 'East'),
(4551, '[bk-17+]->[bk-2-]', 'st-11', 'st-11', NULL, 45, 'East'),
(4552, '[bk-17+]->[bk-2-]', 'se-4', 'se-4', NULL, 46, 'East'),
(4553, '[bk-17+]->[bk-2-]', 'bk-2-', 'bk-2', NULL, 47, 'East'),
(4573, '[bk-1+]->[bk-9+]', 'bk-1', 'bk-1', NULL, 0, NULL),
(4574, '[bk-1+]->[bk-9+]', 'bk-1+', 'bk-1', NULL, 1, NULL),
(4575, '[bk-1+]->[bk-9+]', 'se-21', 'se-21', NULL, 2, 'West'),
(4576, '[bk-1+]->[bk-9+]', 'si-9', 'si-9', NULL, 3, 'West'),
(4577, '[bk-1+]->[bk-9+]', 'st-35', 'st-35', NULL, 4, 'West'),
(4578, '[bk-1+]->[bk-9+]', 'ct-16', 'ct-16', NULL, 5, 'West'),
(4579, '[bk-1+]->[bk-9+]', 'ct-15', 'ct-15', NULL, 6, 'North'),
(4580, '[bk-1+]->[bk-9+]', 'ct-14', 'ct-14', NULL, 7, 'West'),
(4581, '[bk-1+]->[bk-9+]', 'ct-13', 'ct-13', NULL, 8, 'North'),
(4582, '[bk-1+]->[bk-9+]', 'ct-11', 'ct-11', NULL, 9, 'West'),
(4583, '[bk-1+]->[bk-9+]', 'ct-12', 'ct-12', NULL, 10, 'North'),
(4584, '[bk-1+]->[bk-9+]', 'ct-10', 'ct-10', NULL, 11, 'West'),
(4585, '[bk-1+]->[bk-9+]', 'ct-9', 'ct-9', NULL, 12, 'North'),
(4586, '[bk-1+]->[bk-9+]', 'sw-5', 'sw-5', 'G', 13, 'West'),
(4587, '[bk-1+]->[bk-9+]', 'st-39', 'st-39', NULL, 14, 'West'),
(4588, '[bk-1+]->[bk-9+]', 'sw-7', 'sw-7', 'G', 15, 'West'),
(4589, '[bk-1+]->[bk-9+]', 'st-47', 'st-47', NULL, 16, 'West'),
(4590, '[bk-1+]->[bk-9+]', 'ct-21', 'ct-21', NULL, 17, 'West'),
(4591, '[bk-1+]->[bk-9+]', 'se-29', 'se-29', NULL, 18, 'North'),
(4592, '[bk-1+]->[bk-9+]', 'si-6', 'si-6', NULL, 19, 'North'),
(4593, '[bk-1+]->[bk-9+]', 'se-30', 'se-30', NULL, 20, 'North'),
(4594, '[bk-1+]->[bk-9+]', 'bk-9+', 'bk-9', NULL, 21, 'North'),
(10796, '[bk-12+]->[bk-10-]', 'bk-12', 'bk-12', NULL, 0, NULL),
(10797, '[bk-12+]->[bk-10-]', 'bk-12+', 'bk-12', NULL, 1, NULL),
(10798, '[bk-12+]->[bk-10-]', 'se-39', 'se-39', NULL, 2, 'North'),
(10799, '[bk-12+]->[bk-10-]', 'st-54', 'st-54', NULL, 3, 'North'),
(10800, '[bk-12+]->[bk-10-]', 'se-40', 'se-40', NULL, 4, 'North'),
(10801, '[bk-12+]->[bk-10-]', 'ct-29', 'ct-29', NULL, 5, 'North'),
(10802, '[bk-12+]->[bk-10-]', 'st-58', 'st-58', NULL, 6, 'West'),
(10803, '[bk-12+]->[bk-10-]', 'st-6', 'st-6', NULL, 7, 'West'),
(10804, '[bk-12+]->[bk-10-]', 'st-29', 'st-29', NULL, 8, 'West'),
(10805, '[bk-12+]->[bk-10-]', 'sw-10', 'sw-10', 'R', 9, 'West'),
(10806, '[bk-12+]->[bk-10-]', 'ct-25', 'ct-25', NULL, 10, 'South'),
(10807, '[bk-12+]->[bk-10-]', 'ct-26', 'ct-26', NULL, 11, 'West'),
(10808, '[bk-12+]->[bk-10-]', 'ct-27', 'ct-27', NULL, 12, 'South'),
(10809, '[bk-12+]->[bk-10-]', 'st-31', 'st-31', NULL, 13, 'West'),
(10810, '[bk-12+]->[bk-10-]', 'st-62', 'st-62', NULL, 14, 'West'),
(10811, '[bk-12+]->[bk-10-]', 'st-59', 'st-59', NULL, 15, 'West'),
(10812, '[bk-12+]->[bk-10-]', 'se-27', 'se-27', NULL, 16, 'West'),
(10813, '[bk-12+]->[bk-10-]', 'sd-6', 'sd-6', NULL, 17, 'West'),
(10814, '[bk-12+]->[bk-10-]', 'st-48', 'st-48', NULL, 18, 'West'),
(10815, '[bk-12+]->[bk-10-]', 'se-25', 'se-25', NULL, 19, 'West'),
(10816, '[bk-12+]->[bk-10-]', 'bk-10-', 'bk-10', NULL, 20, 'West'),
(10847, '[bk-10+]->[bk-18-]', 'bk-10', 'bk-10', NULL, 0, NULL),
(10848, '[bk-10+]->[bk-18-]', 'bk-10+', 'bk-10', NULL, 1, NULL),
(10849, '[bk-10+]->[bk-18-]', 'se-15', 'se-15', NULL, 2, 'West'),
(10850, '[bk-10+]->[bk-18-]', 'si-4', 'si-4', NULL, 3, 'West');          
INSERT INTO "jcs"."route_elements" VALUES
(10851, '[bk-10+]->[bk-18-]', 'se-22', 'se-22', NULL, 4, 'West'),
(10852, '[bk-10+]->[bk-18-]', 'st-50', 'st-50', NULL, 5, 'West'),
(10853, '[bk-10+]->[bk-18-]', 'sw-8', 'sw-8', 'G', 6, 'West'),
(10854, '[bk-10+]->[bk-18-]', 'st-51', 'st-51', NULL, 7, 'West'),
(10855, '[bk-10+]->[bk-18-]', 'ct-22', 'ct-22', NULL, 8, 'West'),
(10856, '[bk-10+]->[bk-18-]', 'st-53', 'st-53', NULL, 9, 'North'),
(10857, '[bk-10+]->[bk-18-]', 'st-144', 'st-144', NULL, 10, 'North'),
(10858, '[bk-10+]->[bk-18-]', 'st-145', 'st-145', NULL, 11, 'North'),
(10859, '[bk-10+]->[bk-18-]', 'st-146', 'st-146', NULL, 12, 'North'),
(10860, '[bk-10+]->[bk-18-]', 'st-147', 'st-147', NULL, 13, 'North'),
(10861, '[bk-10+]->[bk-18-]', 'cr-1', 'cr-1', NULL, 14, 'North'),
(10862, '[bk-10+]->[bk-18-]', 'cr-3', 'cr-3', NULL, 15, 'North'),
(10863, '[bk-10+]->[bk-18-]', 'st-149', 'st-149', NULL, 16, 'North'),
(10864, '[bk-10+]->[bk-18-]', 'ct-42', 'ct-42', NULL, 17, 'North'),
(10865, '[bk-10+]->[bk-18-]', 'st-172', 'st-172', NULL, 18, 'East'),
(10866, '[bk-10+]->[bk-18-]', 'st-171', 'st-171', NULL, 19, 'East'),
(10867, '[bk-10+]->[bk-18-]', 'st-170', 'st-170', NULL, 20, 'East'),
(10868, '[bk-10+]->[bk-18-]', 'st-169', 'st-169', NULL, 21, 'East'),
(10869, '[bk-10+]->[bk-18-]', 'st-168', 'st-168', NULL, 22, 'East'),
(10870, '[bk-10+]->[bk-18-]', 'st-167', 'st-167', NULL, 23, 'East'),
(10871, '[bk-10+]->[bk-18-]', 'sw-15', 'sw-15', 'G', 24, 'East'),
(10872, '[bk-10+]->[bk-18-]', 'st-156', 'st-156', NULL, 25, 'East'),
(10873, '[bk-10+]->[bk-18-]', 'sd-16', 'sd-16', NULL, 26, 'East'),
(10874, '[bk-10+]->[bk-18-]', 'st-151', 'st-151', NULL, 27, 'East'),
(10875, '[bk-10+]->[bk-18-]', 'se-57', 'se-57', NULL, 28, 'East'),
(10876, '[bk-10+]->[bk-18-]', 'bk-18-', 'bk-18', NULL, 29, 'East'),
(11824, '[bk-16+]->[bk-2-]', 'bk-16', 'bk-16', NULL, 0, NULL),
(11825, '[bk-16+]->[bk-2-]', 'bk-16+', 'bk-16', NULL, 1, NULL),
(11826, '[bk-16+]->[bk-2-]', 'se-48', 'se-48', NULL, 2, 'West'),
(11827, '[bk-16+]->[bk-2-]', 'se-49', 'se-49', NULL, 3, 'West'),
(11828, '[bk-16+]->[bk-2-]', 'sw-13', 'sw-13', 'G', 4, 'West'),
(11829, '[bk-16+]->[bk-2-]', 'st-97', 'st-97', NULL, 5, 'West'),
(11830, '[bk-16+]->[bk-2-]', 'st-142', 'st-142', NULL, 6, 'West'),
(11831, '[bk-16+]->[bk-2-]', 'st-143', 'st-143', NULL, 7, 'West'),
(11832, '[bk-16+]->[bk-2-]', 'cr-3', 'cr-3', NULL, 8, 'West'),
(11833, '[bk-16+]->[bk-2-]', 'cr-4', 'cr-4', NULL, 9, 'West'),
(11834, '[bk-16+]->[bk-2-]', 'st-138', 'st-138', NULL, 10, 'West'),
(11835, '[bk-16+]->[bk-2-]', 'st-139', 'st-139', NULL, 11, 'West'),
(11836, '[bk-16+]->[bk-2-]', 'ct-34', 'ct-34', NULL, 12, 'West'),
(11837, '[bk-16+]->[bk-2-]', 'st-136', 'st-136', NULL, 13, 'South'),
(11838, '[bk-16+]->[bk-2-]', 'st-135', 'st-135', NULL, 14, 'South'),
(11839, '[bk-16+]->[bk-2-]', 'st-134', 'st-134', NULL, 15, 'South'),
(11840, '[bk-16+]->[bk-2-]', 'st-133', 'st-133', NULL, 16, 'South'),
(11841, '[bk-16+]->[bk-2-]', 'st-132', 'st-132', NULL, 17, 'South'),
(11842, '[bk-16+]->[bk-2-]', 'st-131', 'st-131', NULL, 18, 'South'),
(11843, '[bk-16+]->[bk-2-]', 'st-130', 'st-130', NULL, 19, 'South'),
(11844, '[bk-16+]->[bk-2-]', 'st-129', 'st-129', NULL, 20, 'South'),
(11845, '[bk-16+]->[bk-2-]', 'st-128', 'st-128', NULL, 21, 'South'),
(11846, '[bk-16+]->[bk-2-]', 'st-127', 'st-127', NULL, 22, 'South'),
(11847, '[bk-16+]->[bk-2-]', 'st-126', 'st-126', NULL, 23, 'South'),
(11848, '[bk-16+]->[bk-2-]', 'st-125', 'st-125', NULL, 24, 'South'),
(11849, '[bk-16+]->[bk-2-]', 'st-124', 'st-124', NULL, 25, 'South'),
(11850, '[bk-16+]->[bk-2-]', 'st-123', 'st-123', NULL, 26, 'South'),
(11851, '[bk-16+]->[bk-2-]', 'st-83', 'st-83', NULL, 27, 'South'),
(11852, '[bk-16+]->[bk-2-]', 'st-122', 'st-122', NULL, 28, 'South'),
(11853, '[bk-16+]->[bk-2-]', 'ct-39', 'ct-39', NULL, 29, 'South'),
(11854, '[bk-16+]->[bk-2-]', 'st-82', 'st-82', NULL, 30, 'East'),
(11855, '[bk-16+]->[bk-2-]', 'st-81', 'st-81', NULL, 31, 'East'),
(11856, '[bk-16+]->[bk-2-]', 'st-80', 'st-80', NULL, 32, 'East'),
(11857, '[bk-16+]->[bk-2-]', 'st-73', 'st-73', NULL, 33, 'East'),
(11858, '[bk-16+]->[bk-2-]', 'st-72', 'st-72', NULL, 34, 'East');       
INSERT INTO "jcs"."route_elements" VALUES
(11859, '[bk-16+]->[bk-2-]', 'st-71', 'st-71', NULL, 35, 'East'),
(11860, '[bk-16+]->[bk-2-]', 'st-70', 'st-70', NULL, 36, 'East'),
(11861, '[bk-16+]->[bk-2-]', 'st-69', 'st-69', NULL, 37, 'East'),
(11862, '[bk-16+]->[bk-2-]', 'st-68', 'st-68', NULL, 38, 'East'),
(11863, '[bk-16+]->[bk-2-]', 'st-67', 'st-67', NULL, 39, 'East'),
(11864, '[bk-16+]->[bk-2-]', 'st-66', 'st-66', NULL, 40, 'East'),
(11865, '[bk-16+]->[bk-2-]', 'st-65', 'st-65', NULL, 41, 'East'),
(11866, '[bk-16+]->[bk-2-]', 'st-63', 'st-63', NULL, 42, 'East'),
(11867, '[bk-16+]->[bk-2-]', 'sd-2', 'sd-2', NULL, 43, 'East'),
(11868, '[bk-16+]->[bk-2-]', 'st-11', 'st-11', NULL, 44, 'East'),
(11869, '[bk-16+]->[bk-2-]', 'se-4', 'se-4', NULL, 45, 'East'),
(11870, '[bk-16+]->[bk-2-]', 'bk-2-', 'bk-2', NULL, 46, 'East'),
(12065, '[bk-12+]->[bk-11-]', 'bk-12', 'bk-12', NULL, 0, NULL),
(12066, '[bk-12+]->[bk-11-]', 'bk-12+', 'bk-12', NULL, 1, NULL),
(12067, '[bk-12+]->[bk-11-]', 'se-39', 'se-39', NULL, 2, 'North'),
(12068, '[bk-12+]->[bk-11-]', 'st-54', 'st-54', NULL, 3, 'North'),
(12069, '[bk-12+]->[bk-11-]', 'se-40', 'se-40', NULL, 4, 'North'),
(12070, '[bk-12+]->[bk-11-]', 'ct-29', 'ct-29', NULL, 5, 'North'),
(12071, '[bk-12+]->[bk-11-]', 'st-58', 'st-58', NULL, 6, 'West'),
(12072, '[bk-12+]->[bk-11-]', 'st-6', 'st-6', NULL, 7, 'West'),
(12073, '[bk-12+]->[bk-11-]', 'st-29', 'st-29', NULL, 8, 'West'),
(12074, '[bk-12+]->[bk-11-]', 'sw-10', 'sw-10', 'G', 9, 'West'),
(12075, '[bk-12+]->[bk-11-]', 'st-55', 'st-55', NULL, 10, 'West'),
(12076, '[bk-12+]->[bk-11-]', 'sw-9', 'sw-9', 'R', 11, 'West'),
(12077, '[bk-12+]->[bk-11-]', 'ct-24', 'ct-24', NULL, 12, 'South'),
(12078, '[bk-12+]->[bk-11-]', 'st-61', 'st-61', NULL, 13, 'West'),
(12079, '[bk-12+]->[bk-11-]', 'st-60', 'st-60', NULL, 14, 'West'),
(12080, '[bk-12+]->[bk-11-]', 'se-28', 'se-28', NULL, 15, 'West'),
(12081, '[bk-12+]->[bk-11-]', 'sd-7', 'sd-7', NULL, 16, 'West'),
(12082, '[bk-12+]->[bk-11-]', 'st-49', 'st-49', NULL, 17, 'West'),
(12083, '[bk-12+]->[bk-11-]', 'se-26', 'se-26', NULL, 18, 'West'),
(12084, '[bk-12+]->[bk-11-]', 'bk-11-', 'bk-11', NULL, 19, 'West'),
(12226, '[bk-11+]->[bk-18-]', 'bk-11', 'bk-11', NULL, 0, NULL),
(12227, '[bk-11+]->[bk-18-]', 'bk-11+', 'bk-11', NULL, 1, NULL),
(12228, '[bk-11+]->[bk-18-]', 'se-24', 'se-24', NULL, 2, 'West'),
(12229, '[bk-11+]->[bk-18-]', 'si-5', 'si-5', NULL, 3, 'West'),
(12230, '[bk-11+]->[bk-18-]', 'se-23', 'se-23', NULL, 4, 'West'),
(12231, '[bk-11+]->[bk-18-]', 'st-52', 'st-52', NULL, 5, 'West'),
(12232, '[bk-11+]->[bk-18-]', 'ct-23', 'ct-23', NULL, 6, 'West'),
(12233, '[bk-11+]->[bk-18-]', 'sw-8', 'sw-8', 'R', 7, 'South'),
(12234, '[bk-11+]->[bk-18-]', 'st-51', 'st-51', NULL, 8, 'West'),
(12235, '[bk-11+]->[bk-18-]', 'ct-22', 'ct-22', NULL, 9, 'West'),
(12236, '[bk-11+]->[bk-18-]', 'st-53', 'st-53', NULL, 10, 'North'),
(12237, '[bk-11+]->[bk-18-]', 'st-144', 'st-144', NULL, 11, 'North'),
(12238, '[bk-11+]->[bk-18-]', 'st-145', 'st-145', NULL, 12, 'North'),
(12239, '[bk-11+]->[bk-18-]', 'st-146', 'st-146', NULL, 13, 'North'),
(12240, '[bk-11+]->[bk-18-]', 'st-147', 'st-147', NULL, 14, 'North'),
(12241, '[bk-11+]->[bk-18-]', 'cr-1', 'cr-1', NULL, 15, 'North'),
(12242, '[bk-11+]->[bk-18-]', 'cr-3', 'cr-3', NULL, 16, 'North'),
(12243, '[bk-11+]->[bk-18-]', 'st-149', 'st-149', NULL, 17, 'North'),
(12244, '[bk-11+]->[bk-18-]', 'ct-42', 'ct-42', NULL, 18, 'North'),
(12245, '[bk-11+]->[bk-18-]', 'st-172', 'st-172', NULL, 19, 'East'),
(12246, '[bk-11+]->[bk-18-]', 'st-171', 'st-171', NULL, 20, 'East'),
(12247, '[bk-11+]->[bk-18-]', 'st-170', 'st-170', NULL, 21, 'East'),
(12248, '[bk-11+]->[bk-18-]', 'st-169', 'st-169', NULL, 22, 'East'),
(12249, '[bk-11+]->[bk-18-]', 'st-168', 'st-168', NULL, 23, 'East'),
(12250, '[bk-11+]->[bk-18-]', 'st-167', 'st-167', NULL, 24, 'East'),
(12251, '[bk-11+]->[bk-18-]', 'sw-15', 'sw-15', 'G', 25, 'East'),
(12252, '[bk-11+]->[bk-18-]', 'st-156', 'st-156', NULL, 26, 'East'),
(12253, '[bk-11+]->[bk-18-]', 'sd-16', 'sd-16', NULL, 27, 'East'),
(12254, '[bk-11+]->[bk-18-]', 'st-151', 'st-151', NULL, 28, 'East');  
INSERT INTO "jcs"."route_elements" VALUES
(12255, '[bk-11+]->[bk-18-]', 'se-57', 'se-57', NULL, 29, 'East'),
(12256, '[bk-11+]->[bk-18-]', 'bk-18-', 'bk-18', NULL, 30, 'East'),
(12708, '[bk-2+]->[bk-12-]', 'bk-2', 'bk-2', NULL, 0, NULL),
(12709, '[bk-2+]->[bk-12-]', 'bk-2+', 'bk-2', NULL, 1, NULL),
(12710, '[bk-2+]->[bk-12-]', 'se-3', 'se-3', NULL, 2, 'East'),
(12711, '[bk-2+]->[bk-12-]', 'si-1', 'si-1', NULL, 3, 'East'),
(12712, '[bk-2+]->[bk-12-]', 'sd-14', 'sd-14', NULL, 4, 'East'),
(12713, '[bk-2+]->[bk-12-]', 'sw-2', 'sw-2', 'G', 5, 'East'),
(12714, '[bk-2+]->[bk-12-]', 'st-8', 'st-8', NULL, 6, 'East'),
(12715, '[bk-2+]->[bk-12-]', 'st-1', 'st-1', NULL, 7, 'East'),
(12716, '[bk-2+]->[bk-12-]', 'ct-1', 'ct-1', NULL, 8, 'East'),
(12717, '[bk-2+]->[bk-12-]', 'st-2', 'st-2', NULL, 9, 'North'),
(12718, '[bk-2+]->[bk-12-]', 'st-3', 'st-3', NULL, 10, 'North'),
(12719, '[bk-2+]->[bk-12-]', 'st-4', 'st-4', NULL, 11, 'North'),
(12720, '[bk-2+]->[bk-12-]', 'st-5', 'st-5', NULL, 12, 'North'),
(12721, '[bk-2+]->[bk-12-]', 'se-38', 'se-38', NULL, 13, 'North'),
(12722, '[bk-2+]->[bk-12-]', 'bk-12-', 'bk-12', NULL, 14, 'North'),
(13213, '[bk-12+]->[bk-13-]', 'bk-12', 'bk-12', NULL, 0, NULL),
(13214, '[bk-12+]->[bk-13-]', 'bk-12+', 'bk-12', NULL, 1, NULL),
(13215, '[bk-12+]->[bk-13-]', 'se-39', 'se-39', NULL, 2, 'North'),
(13216, '[bk-12+]->[bk-13-]', 'st-54', 'st-54', NULL, 3, 'North'),
(13217, '[bk-12+]->[bk-13-]', 'se-40', 'se-40', NULL, 4, 'North'),
(13218, '[bk-12+]->[bk-13-]', 'ct-29', 'ct-29', NULL, 5, 'North'),
(13219, '[bk-12+]->[bk-13-]', 'st-58', 'st-58', NULL, 6, 'West'),
(13220, '[bk-12+]->[bk-13-]', 'st-6', 'st-6', NULL, 7, 'West'),
(13221, '[bk-12+]->[bk-13-]', 'st-29', 'st-29', NULL, 8, 'West'),
(13222, '[bk-12+]->[bk-13-]', 'sw-10', 'sw-10', 'G', 9, 'West'),
(13223, '[bk-12+]->[bk-13-]', 'st-55', 'st-55', NULL, 10, 'West'),
(13224, '[bk-12+]->[bk-13-]', 'sw-9', 'sw-9', 'G', 11, 'West'),
(13225, '[bk-12+]->[bk-13-]', 'ct-30', 'ct-30', NULL, 12, 'West'),
(13226, '[bk-12+]->[bk-13-]', 'ct-31', 'ct-31', NULL, 13, 'North'),
(13227, '[bk-12+]->[bk-13-]', 'st-30', 'st-30', NULL, 14, 'West'),
(13228, '[bk-12+]->[bk-13-]', 'si-10', 'si-10', NULL, 15, 'West'),
(13229, '[bk-12+]->[bk-13-]', 'se-36', 'se-36', NULL, 16, 'West'),
(13230, '[bk-12+]->[bk-13-]', 'bk-13-', 'bk-13', NULL, 17, 'West'),
(13475, '[bk-13-]->[bk-12+]', 'bk-13', 'bk-13', NULL, 0, NULL),
(13476, '[bk-13-]->[bk-12+]', 'bk-13-', 'bk-13', NULL, 1, NULL),
(13477, '[bk-13-]->[bk-12+]', 'se-36', 'se-36', NULL, 2, 'East'),
(13478, '[bk-13-]->[bk-12+]', 'si-10', 'si-10', NULL, 3, 'East'),
(13479, '[bk-13-]->[bk-12+]', 'st-30', 'st-30', NULL, 4, 'East'),
(13480, '[bk-13-]->[bk-12+]', 'ct-31', 'ct-31', NULL, 5, 'East'),
(13481, '[bk-13-]->[bk-12+]', 'ct-30', 'ct-30', NULL, 6, 'South'),
(13482, '[bk-13-]->[bk-12+]', 'sw-9', 'sw-9', 'G', 7, 'East'),
(13483, '[bk-13-]->[bk-12+]', 'st-55', 'st-55', NULL, 8, 'East'),
(13484, '[bk-13-]->[bk-12+]', 'sw-10', 'sw-10', 'G', 9, 'East'),
(13485, '[bk-13-]->[bk-12+]', 'st-29', 'st-29', NULL, 10, 'East'),
(13486, '[bk-13-]->[bk-12+]', 'st-6', 'st-6', NULL, 11, 'East'),
(13487, '[bk-13-]->[bk-12+]', 'st-58', 'st-58', NULL, 12, 'East'),
(13488, '[bk-13-]->[bk-12+]', 'ct-29', 'ct-29', NULL, 13, 'East'),
(13489, '[bk-13-]->[bk-12+]', 'se-40', 'se-40', NULL, 14, 'South'),
(13490, '[bk-13-]->[bk-12+]', 'st-54', 'st-54', NULL, 15, 'South'),
(13491, '[bk-13-]->[bk-12+]', 'se-39', 'se-39', NULL, 16, 'South'),
(13492, '[bk-13-]->[bk-12+]', 'bk-12+', 'bk-12', NULL, 17, 'South'),
(13493, '[bk-15+]->[bk-19-]', 'bk-15', 'bk-15', NULL, 0, NULL),
(13494, '[bk-15+]->[bk-19-]', 'bk-15+', 'bk-15', NULL, 1, NULL),
(13495, '[bk-15+]->[bk-19-]', 'se-46', 'se-46', NULL, 2, 'East'),
(13496, '[bk-15+]->[bk-19-]', 'se-45', 'se-45', NULL, 3, 'East'),
(13497, '[bk-15+]->[bk-19-]', 'st-89', 'st-89', NULL, 4, 'East'),
(13498, '[bk-15+]->[bk-19-]', 'ct-32', 'ct-32', NULL, 5, 'East'),
(13499, '[bk-15+]->[bk-19-]', 'sw-11', 'sw-11', 'R', 6, 'South'),
(13500, '[bk-15+]->[bk-19-]', 'st-158', 'st-158', NULL, 7, 'East'),
(13501, '[bk-15+]->[bk-19-]', 'st-157', 'st-157', NULL, 8, 'East');           
INSERT INTO "jcs"."route_elements" VALUES
(13502, '[bk-15+]->[bk-19-]', 'ct-46', 'ct-46', NULL, 9, 'East'),
(13503, '[bk-15+]->[bk-19-]', 'st-159', 'st-159', NULL, 10, 'North'),
(13504, '[bk-15+]->[bk-19-]', 'st-160', 'st-160', NULL, 11, 'North'),
(13505, '[bk-15+]->[bk-19-]', 'st-161', 'st-161', NULL, 12, 'North'),
(13506, '[bk-15+]->[bk-19-]', 'st-162', 'st-162', NULL, 13, 'North'),
(13507, '[bk-15+]->[bk-19-]', 'ct-44', 'ct-44', NULL, 14, 'North'),
(13508, '[bk-15+]->[bk-19-]', 'st-165', 'st-165', NULL, 15, 'West'),
(13509, '[bk-15+]->[bk-19-]', 'st-166', 'st-166', NULL, 16, 'West'),
(13510, '[bk-15+]->[bk-19-]', 'sd-13', 'sd-13', NULL, 17, 'West'),
(13511, '[bk-15+]->[bk-19-]', 'st-154', 'st-154', NULL, 18, 'West'),
(13512, '[bk-15+]->[bk-19-]', 'st-153', 'st-153', NULL, 19, 'West'),
(13513, '[bk-15+]->[bk-19-]', 'st-152', 'st-152', NULL, 20, 'West'),
(13514, '[bk-15+]->[bk-19-]', 'se-59', 'se-59', NULL, 21, 'West'),
(13515, '[bk-15+]->[bk-19-]', 'bk-19-', 'bk-19', NULL, 22, 'West'),
(13573, '[bk-12-]->[bk-3-]', 'bk-12', 'bk-12', NULL, 0, NULL),
(13574, '[bk-12-]->[bk-3-]', 'bk-12-', 'bk-12', NULL, 1, NULL),
(13575, '[bk-12-]->[bk-3-]', 'se-38', 'se-38', NULL, 2, 'South'),
(13576, '[bk-12-]->[bk-3-]', 'st-5', 'st-5', NULL, 3, 'South'),
(13577, '[bk-12-]->[bk-3-]', 'st-4', 'st-4', NULL, 4, 'South'),
(13578, '[bk-12-]->[bk-3-]', 'st-3', 'st-3', NULL, 5, 'South'),
(13579, '[bk-12-]->[bk-3-]', 'st-2', 'st-2', NULL, 6, 'South'),
(13580, '[bk-12-]->[bk-3-]', 'ct-1', 'ct-1', NULL, 7, 'South'),
(13581, '[bk-12-]->[bk-3-]', 'st-1', 'st-1', NULL, 8, 'West'),
(13582, '[bk-12-]->[bk-3-]', 'st-8', 'st-8', NULL, 9, 'West'),
(13583, '[bk-12-]->[bk-3-]', 'sw-2', 'sw-2', 'R', 10, 'West'),
(13584, '[bk-12-]->[bk-3-]', 'sw-1', 'sw-1', 'R', 11, 'North'),
(13585, '[bk-12-]->[bk-3-]', 'st-9', 'st-9', NULL, 12, 'West'),
(13586, '[bk-12-]->[bk-3-]', 'st-12', 'st-12', NULL, 13, 'West'),
(13587, '[bk-12-]->[bk-3-]', 'st-13', 'st-13', NULL, 14, 'West'),
(13588, '[bk-12-]->[bk-3-]', 'st-14', 'st-14', NULL, 15, 'West'),
(13589, '[bk-12-]->[bk-3-]', 'st-15', 'st-15', NULL, 16, 'West'),
(13590, '[bk-12-]->[bk-3-]', 'st-16', 'st-16', NULL, 17, 'West'),
(13591, '[bk-12-]->[bk-3-]', 'st-17', 'st-17', NULL, 18, 'West'),
(13592, '[bk-12-]->[bk-3-]', 'st-18', 'st-18', NULL, 19, 'West'),
(13593, '[bk-12-]->[bk-3-]', 'sd-1', 'sd-1', NULL, 20, 'West'),
(13594, '[bk-12-]->[bk-3-]', 'st-64', 'st-64', NULL, 21, 'West'),
(13595, '[bk-12-]->[bk-3-]', 'st-74', 'st-74', NULL, 22, 'West'),
(13596, '[bk-12-]->[bk-3-]', 'st-77', 'st-77', NULL, 23, 'West'),
(13597, '[bk-12-]->[bk-3-]', 'st-75', 'st-75', NULL, 24, 'West'),
(13598, '[bk-12-]->[bk-3-]', 'st-110', 'st-110', NULL, 25, 'West'),
(13599, '[bk-12-]->[bk-3-]', 'st-118', 'st-118', NULL, 26, 'West'),
(13600, '[bk-12-]->[bk-3-]', 'st-119', 'st-119', NULL, 27, 'West'),
(13601, '[bk-12-]->[bk-3-]', 'st-76', 'st-76', NULL, 28, 'West'),
(13602, '[bk-12-]->[bk-3-]', 'st-120', 'st-120', NULL, 29, 'West'),
(13603, '[bk-12-]->[bk-3-]', 'st-78', 'st-78', NULL, 30, 'West'),
(13604, '[bk-12-]->[bk-3-]', 'st-121', 'st-121', NULL, 31, 'West'),
(13605, '[bk-12-]->[bk-3-]', 'st-79', 'st-79', NULL, 32, 'West'),
(13606, '[bk-12-]->[bk-3-]', 'ct-38', 'ct-38', NULL, 33, 'West'),
(13607, '[bk-12-]->[bk-3-]', 'st-57', 'st-57', NULL, 34, 'North'),
(13608, '[bk-12-]->[bk-3-]', 'st-113', 'st-113', NULL, 35, 'North'),
(13609, '[bk-12-]->[bk-3-]', 'st-112', 'st-112', NULL, 36, 'North'),
(13610, '[bk-12-]->[bk-3-]', 'st-111', 'st-111', NULL, 37, 'North'),
(13611, '[bk-12-]->[bk-3-]', 'se-18', 'se-18', NULL, 38, 'North'),
(13612, '[bk-12-]->[bk-3-]', 'bk-3-', 'bk-3', NULL, 39, 'North'),
(13699, '[bk-3+]->[bk-15-]', 'bk-3', 'bk-3', NULL, 0, NULL),
(13700, '[bk-3+]->[bk-15-]', 'bk-3+', 'bk-3', NULL, 1, NULL),
(13701, '[bk-3+]->[bk-15-]', 'se-19', 'se-19', NULL, 2, 'North'),
(13702, '[bk-3+]->[bk-15-]', 'se-54', 'se-54', NULL, 3, 'North'),
(13703, '[bk-3+]->[bk-15-]', 'st-114', 'st-114', NULL, 4, 'North'),
(13704, '[bk-3+]->[bk-15-]', 'st-115', 'st-115', NULL, 5, 'North'),
(13705, '[bk-3+]->[bk-15-]', 'st-116', 'st-116', NULL, 6, 'North'),
(13706, '[bk-3+]->[bk-15-]', 'st-117', 'st-117', NULL, 7, 'North');               
INSERT INTO "jcs"."route_elements" VALUES
(13707, '[bk-3+]->[bk-15-]', 'ct-41', 'ct-41', NULL, 8, 'North'),
(13708, '[bk-3+]->[bk-15-]', 'st-137', 'st-137', NULL, 9, 'East'),
(13709, '[bk-3+]->[bk-15-]', 'cr-2', 'cr-2', NULL, 10, 'East'),
(13710, '[bk-3+]->[bk-15-]', 'cr-1', 'cr-1', NULL, 11, 'East'),
(13711, '[bk-3+]->[bk-15-]', 'st-140', 'st-140', NULL, 12, 'East'),
(13712, '[bk-3+]->[bk-15-]', 'st-141', 'st-141', NULL, 13, 'East'),
(13713, '[bk-3+]->[bk-15-]', 'st-96', 'st-96', NULL, 14, 'East'),
(13714, '[bk-3+]->[bk-15-]', 'sw-14', 'sw-14', 'G', 15, 'East'),
(13715, '[bk-3+]->[bk-15-]', 'st-95', 'st-95', NULL, 16, 'East'),
(13716, '[bk-3+]->[bk-15-]', 'st-92', 'st-92', NULL, 17, 'East'),
(13717, '[bk-3+]->[bk-15-]', 'st-91', 'st-91', NULL, 18, 'East'),
(13718, '[bk-3+]->[bk-15-]', 'sd-9', 'sd-9', NULL, 19, 'East'),
(13719, '[bk-3+]->[bk-15-]', 'st-87', 'st-87', NULL, 20, 'East'),
(13720, '[bk-3+]->[bk-15-]', 'st-86', 'st-86', NULL, 21, 'East'),
(13721, '[bk-3+]->[bk-15-]', 'se-47', 'se-47', NULL, 22, 'East'),
(13722, '[bk-3+]->[bk-15-]', 'bk-15-', 'bk-15', NULL, 23, 'East'),
(13852, '[bk-7+]->[bk-4-]', 'bk-7', 'bk-7', NULL, 0, NULL),
(13853, '[bk-7+]->[bk-4-]', 'bk-7+', 'bk-7', NULL, 1, NULL),
(13854, '[bk-7+]->[bk-4-]', 'se-9', 'se-9', NULL, 2, 'East'),
(13855, '[bk-7+]->[bk-4-]', 'si-2', 'si-2', NULL, 3, 'East'),
(13856, '[bk-7+]->[bk-4-]', 'se-13', 'se-13', NULL, 4, 'East'),
(13857, '[bk-7+]->[bk-4-]', 'ct-7', 'ct-7', NULL, 5, 'East'),
(13858, '[bk-7+]->[bk-4-]', 'sw-6', 'sw-6', 'R', 6, 'North'),
(13859, '[bk-7+]->[bk-4-]', 'st-26', 'st-26', NULL, 7, 'East'),
(13860, '[bk-7+]->[bk-4-]', 'sd-3', 'sd-3', NULL, 8, 'East'),
(13861, '[bk-7+]->[bk-4-]', 'st-41', 'st-41', NULL, 9, 'East'),
(13862, '[bk-7+]->[bk-4-]', 'ct-8', 'ct-8', NULL, 10, 'East'),
(13863, '[bk-7+]->[bk-4-]', 'st-40', 'st-40', NULL, 11, 'South'),
(13864, '[bk-7+]->[bk-4-]', 'se-2', 'se-2', NULL, 12, 'South'),
(13865, '[bk-7+]->[bk-4-]', 'bk-4-', 'bk-4', NULL, 13, 'South'),
(13885, '[bk-3+]->[bk-14-]', 'bk-3', 'bk-3', NULL, 0, NULL),
(13886, '[bk-3+]->[bk-14-]', 'bk-3+', 'bk-3', NULL, 1, NULL),
(13887, '[bk-3+]->[bk-14-]', 'se-19', 'se-19', NULL, 2, 'North'),
(13888, '[bk-3+]->[bk-14-]', 'se-54', 'se-54', NULL, 3, 'North'),
(13889, '[bk-3+]->[bk-14-]', 'st-114', 'st-114', NULL, 4, 'North'),
(13890, '[bk-3+]->[bk-14-]', 'st-115', 'st-115', NULL, 5, 'North'),
(13891, '[bk-3+]->[bk-14-]', 'st-116', 'st-116', NULL, 6, 'North'),
(13892, '[bk-3+]->[bk-14-]', 'st-117', 'st-117', NULL, 7, 'North'),
(13893, '[bk-3+]->[bk-14-]', 'ct-41', 'ct-41', NULL, 8, 'North'),
(13894, '[bk-3+]->[bk-14-]', 'st-137', 'st-137', NULL, 9, 'East'),
(13895, '[bk-3+]->[bk-14-]', 'cr-2', 'cr-2', NULL, 10, 'East'),
(13896, '[bk-3+]->[bk-14-]', 'cr-1', 'cr-1', NULL, 11, 'East'),
(13897, '[bk-3+]->[bk-14-]', 'st-140', 'st-140', NULL, 12, 'East'),
(13898, '[bk-3+]->[bk-14-]', 'st-141', 'st-141', NULL, 13, 'East'),
(13899, '[bk-3+]->[bk-14-]', 'st-96', 'st-96', NULL, 14, 'East'),
(13900, '[bk-3+]->[bk-14-]', 'sw-14', 'sw-14', 'R', 15, 'East'),
(13901, '[bk-3+]->[bk-14-]', 'ct-36', 'ct-36', NULL, 16, 'South'),
(13902, '[bk-3+]->[bk-14-]', 'st-94', 'st-94', NULL, 17, 'East'),
(13903, '[bk-3+]->[bk-14-]', 'st-93', 'st-93', NULL, 18, 'East'),
(13904, '[bk-3+]->[bk-14-]', 'st-90', 'st-90', NULL, 19, 'East'),
(13905, '[bk-3+]->[bk-14-]', 'sd-8', 'sd-8', NULL, 20, 'East'),
(13906, '[bk-3+]->[bk-14-]', 'st-85', 'st-85', NULL, 21, 'East'),
(13907, '[bk-3+]->[bk-14-]', 'st-84', 'st-84', NULL, 22, 'East'),
(13908, '[bk-3+]->[bk-14-]', 'se-43', 'se-43', NULL, 23, 'East'),
(13909, '[bk-3+]->[bk-14-]', 'bk-14-', 'bk-14', NULL, 24, 'East'),
(13944, '[bk-9+]->[bk-7-]', 'bk-9', 'bk-9', NULL, 0, NULL),
(13945, '[bk-9+]->[bk-7-]', 'bk-9+', 'bk-9', NULL, 1, NULL),
(13946, '[bk-9+]->[bk-7-]', 'se-30', 'se-30', NULL, 2, 'South'),
(13947, '[bk-9+]->[bk-7-]', 'si-6', 'si-6', NULL, 3, 'South'),
(13948, '[bk-9+]->[bk-7-]', 'se-29', 'se-29', NULL, 4, 'South'),
(13949, '[bk-9+]->[bk-7-]', 'ct-21', 'ct-21', NULL, 5, 'South'),
(13950, '[bk-9+]->[bk-7-]', 'st-47', 'st-47', NULL, 6, 'East'),
(13951, '[bk-9+]->[bk-7-]', 'sw-7', 'sw-7', 'G', 7, 'East');             
INSERT INTO "jcs"."route_elements" VALUES
(13952, '[bk-9+]->[bk-7-]', 'st-39', 'st-39', NULL, 8, 'East'),
(13953, '[bk-9+]->[bk-7-]', 'sw-5', 'sw-5', 'R', 9, 'East'),
(13954, '[bk-9+]->[bk-7-]', 'ct-6', 'ct-6', NULL, 10, 'North'),
(13955, '[bk-9+]->[bk-7-]', 'st-38', 'st-38', NULL, 11, 'East'),
(13956, '[bk-9+]->[bk-7-]', 'st-37', 'st-37', NULL, 12, 'East'),
(13957, '[bk-9+]->[bk-7-]', 'st-44', 'st-44', NULL, 13, 'East'),
(13958, '[bk-9+]->[bk-7-]', 'se-16', 'se-16', NULL, 14, 'East'),
(13959, '[bk-9+]->[bk-7-]', 'sd-4', 'sd-4', NULL, 15, 'East'),
(13960, '[bk-9+]->[bk-7-]', 'st-42', 'st-42', NULL, 16, 'East'),
(13961, '[bk-9+]->[bk-7-]', 'se-10', 'se-10', NULL, 17, 'East'),
(13962, '[bk-9+]->[bk-7-]', 'bk-7-', 'bk-7', NULL, 18, 'East'),
(13963, '[bk-4+]->[bk-3-]', 'bk-4', 'bk-4', NULL, 0, NULL),
(13964, '[bk-4+]->[bk-3-]', 'bk-4+', 'bk-4', NULL, 1, NULL),
(13965, '[bk-4+]->[bk-3-]', 'se-1', 'se-1', NULL, 2, 'South'),
(13966, '[bk-4+]->[bk-3-]', 'ct-2', 'ct-2', NULL, 3, 'South'),
(13967, '[bk-4+]->[bk-3-]', 'st-7', 'st-7', NULL, 4, 'West'),
(13968, '[bk-4+]->[bk-3-]', 'sw-1', 'sw-1', 'G', 5, 'West'),
(13969, '[bk-4+]->[bk-3-]', 'st-9', 'st-9', NULL, 6, 'West'),
(13970, '[bk-4+]->[bk-3-]', 'st-12', 'st-12', NULL, 7, 'West'),
(13971, '[bk-4+]->[bk-3-]', 'st-13', 'st-13', NULL, 8, 'West'),
(13972, '[bk-4+]->[bk-3-]', 'st-14', 'st-14', NULL, 9, 'West'),
(13973, '[bk-4+]->[bk-3-]', 'st-15', 'st-15', NULL, 10, 'West'),
(13974, '[bk-4+]->[bk-3-]', 'st-16', 'st-16', NULL, 11, 'West'),
(13975, '[bk-4+]->[bk-3-]', 'st-17', 'st-17', NULL, 12, 'West'),
(13976, '[bk-4+]->[bk-3-]', 'st-18', 'st-18', NULL, 13, 'West'),
(13977, '[bk-4+]->[bk-3-]', 'sd-1', 'sd-1', NULL, 14, 'West'),
(13978, '[bk-4+]->[bk-3-]', 'st-64', 'st-64', NULL, 15, 'West'),
(13979, '[bk-4+]->[bk-3-]', 'st-74', 'st-74', NULL, 16, 'West'),
(13980, '[bk-4+]->[bk-3-]', 'st-77', 'st-77', NULL, 17, 'West'),
(13981, '[bk-4+]->[bk-3-]', 'st-75', 'st-75', NULL, 18, 'West'),
(13982, '[bk-4+]->[bk-3-]', 'st-110', 'st-110', NULL, 19, 'West'),
(13983, '[bk-4+]->[bk-3-]', 'st-118', 'st-118', NULL, 20, 'West'),
(13984, '[bk-4+]->[bk-3-]', 'st-119', 'st-119', NULL, 21, 'West'),
(13985, '[bk-4+]->[bk-3-]', 'st-76', 'st-76', NULL, 22, 'West'),
(13986, '[bk-4+]->[bk-3-]', 'st-120', 'st-120', NULL, 23, 'West'),
(13987, '[bk-4+]->[bk-3-]', 'st-78', 'st-78', NULL, 24, 'West'),
(13988, '[bk-4+]->[bk-3-]', 'st-121', 'st-121', NULL, 25, 'West'),
(13989, '[bk-4+]->[bk-3-]', 'st-79', 'st-79', NULL, 26, 'West'),
(13990, '[bk-4+]->[bk-3-]', 'ct-38', 'ct-38', NULL, 27, 'West'),
(13991, '[bk-4+]->[bk-3-]', 'st-57', 'st-57', NULL, 28, 'North'),
(13992, '[bk-4+]->[bk-3-]', 'st-113', 'st-113', NULL, 29, 'North'),
(13993, '[bk-4+]->[bk-3-]', 'st-112', 'st-112', NULL, 30, 'North'),
(13994, '[bk-4+]->[bk-3-]', 'st-111', 'st-111', NULL, 31, 'North'),
(13995, '[bk-4+]->[bk-3-]', 'se-18', 'se-18', NULL, 32, 'North'),
(13996, '[bk-4+]->[bk-3-]', 'bk-3-', 'bk-3', NULL, 33, 'North'),
(14010, '[bk-8+]->[bk-4-]', 'bk-8', 'bk-8', NULL, 0, NULL),
(14011, '[bk-8+]->[bk-4-]', 'bk-8+', 'bk-8', NULL, 1, NULL),
(14012, '[bk-8+]->[bk-4-]', 'se-12', 'se-12', NULL, 2, 'East'),
(14013, '[bk-8+]->[bk-4-]', 'si-3', 'si-3', NULL, 3, 'East'),
(14014, '[bk-8+]->[bk-4-]', 'se-14', 'se-14', NULL, 4, 'East'),
(14015, '[bk-8+]->[bk-4-]', 'sw-6', 'sw-6', 'G', 5, 'East'),
(14016, '[bk-8+]->[bk-4-]', 'st-26', 'st-26', NULL, 6, 'East'),
(14017, '[bk-8+]->[bk-4-]', 'sd-3', 'sd-3', NULL, 7, 'East'),
(14018, '[bk-8+]->[bk-4-]', 'st-41', 'st-41', NULL, 8, 'East'),
(14019, '[bk-8+]->[bk-4-]', 'ct-8', 'ct-8', NULL, 9, 'East'),
(14020, '[bk-8+]->[bk-4-]', 'st-40', 'st-40', NULL, 10, 'South'),
(14021, '[bk-8+]->[bk-4-]', 'se-2', 'se-2', NULL, 11, 'South'),
(14022, '[bk-8+]->[bk-4-]', 'bk-4-', 'bk-4', NULL, 12, 'South'),
(14065, '[bk-19+]->[bk-9-]', 'bk-19', 'bk-19', NULL, 0, NULL),
(14066, '[bk-19+]->[bk-9-]', 'bk-19+', 'bk-19', NULL, 1, NULL),
(14067, '[bk-19+]->[bk-9-]', 'se-60', 'se-60', NULL, 2, 'West'),
(14068, '[bk-19+]->[bk-9-]', 'si-12', 'si-12', NULL, 3, 'West'),
(14069, '[bk-19+]->[bk-9-]', 'sd-15', 'sd-15', NULL, 4, 'West'),
(14070, '[bk-19+]->[bk-9-]', 'sw-16', 'sw-16', 'G', 5, 'West');    
INSERT INTO "jcs"."route_elements" VALUES
(14071, '[bk-19+]->[bk-9-]', 'st-173', 'st-173', NULL, 6, 'West'),
(14072, '[bk-19+]->[bk-9-]', 'st-174', 'st-174', NULL, 7, 'West'),
(14073, '[bk-19+]->[bk-9-]', 'st-175', 'st-175', NULL, 8, 'West'),
(14074, '[bk-19+]->[bk-9-]', 'st-176', 'st-176', NULL, 9, 'West'),
(14075, '[bk-19+]->[bk-9-]', 'st-177', 'st-177', NULL, 10, 'West'),
(14076, '[bk-19+]->[bk-9-]', 'st-178', 'st-178', NULL, 11, 'West'),
(14077, '[bk-19+]->[bk-9-]', 'st-179', 'st-179', NULL, 12, 'West'),
(14078, '[bk-19+]->[bk-9-]', 'ct-45', 'ct-45', NULL, 13, 'West'),
(14079, '[bk-19+]->[bk-9-]', 'st-180', 'st-180', NULL, 14, 'South'),
(14080, '[bk-19+]->[bk-9-]', 'st-181', 'st-181', NULL, 15, 'South'),
(14081, '[bk-19+]->[bk-9-]', 'cr-4', 'cr-4', NULL, 16, 'South'),
(14082, '[bk-19+]->[bk-9-]', 'cr-2', 'cr-2', NULL, 17, 'South'),
(14083, '[bk-19+]->[bk-9-]', 'st-148', 'st-148', NULL, 18, 'South'),
(14084, '[bk-19+]->[bk-9-]', 'si-13', 'si-13', NULL, 19, 'South'),
(14085, '[bk-19+]->[bk-9-]', 'se-31', 'se-31', NULL, 20, 'South'),
(14086, '[bk-19+]->[bk-9-]', 'bk-9-', 'bk-9', NULL, 21, 'South'),
(14087, '[bk-9+]->[bk-8-]', 'bk-9', 'bk-9', NULL, 0, NULL),
(14088, '[bk-9+]->[bk-8-]', 'bk-9+', 'bk-9', NULL, 1, NULL),
(14089, '[bk-9+]->[bk-8-]', 'se-30', 'se-30', NULL, 2, 'South'),
(14090, '[bk-9+]->[bk-8-]', 'si-6', 'si-6', NULL, 3, 'South'),
(14091, '[bk-9+]->[bk-8-]', 'se-29', 'se-29', NULL, 4, 'South'),
(14092, '[bk-9+]->[bk-8-]', 'ct-21', 'ct-21', NULL, 5, 'South'),
(14093, '[bk-9+]->[bk-8-]', 'st-47', 'st-47', NULL, 6, 'East'),
(14094, '[bk-9+]->[bk-8-]', 'sw-7', 'sw-7', 'R', 7, 'East'),
(14095, '[bk-9+]->[bk-8-]', 'ct-17', 'ct-17', NULL, 8, 'North'),
(14096, '[bk-9+]->[bk-8-]', 'ct-19', 'ct-19', NULL, 9, 'East'),
(14097, '[bk-9+]->[bk-8-]', 'ct-20', 'ct-20', NULL, 10, 'North'),
(14098, '[bk-9+]->[bk-8-]', 'st-46', 'st-46', NULL, 11, 'East'),
(14099, '[bk-9+]->[bk-8-]', 'st-36', 'st-36', NULL, 12, 'East'),
(14100, '[bk-9+]->[bk-8-]', 'st-27', 'st-27', NULL, 13, 'East'),
(14101, '[bk-9+]->[bk-8-]', 'st-45', 'st-45', NULL, 14, 'East'),
(14102, '[bk-9+]->[bk-8-]', 'se-11', 'se-11', NULL, 15, 'East'),
(14103, '[bk-9+]->[bk-8-]', 'sd-5', 'sd-5', NULL, 16, 'East'),
(14104, '[bk-9+]->[bk-8-]', 'st-43', 'st-43', NULL, 17, 'East'),
(14105, '[bk-9+]->[bk-8-]', 'se-17', 'se-17', NULL, 18, 'East'),
(14106, '[bk-9+]->[bk-8-]', 'bk-8-', 'bk-8', NULL, 19, 'East'),
(14129, '[bk-14+]->[bk-19-]', 'bk-14', 'bk-14', NULL, 0, NULL),
(14130, '[bk-14+]->[bk-19-]', 'bk-14+', 'bk-14', NULL, 1, NULL),
(14131, '[bk-14+]->[bk-19-]', 'se-42', 'se-42', NULL, 2, 'East'),
(14132, '[bk-14+]->[bk-19-]', 'se-44', 'se-44', NULL, 3, 'East'),
(14133, '[bk-14+]->[bk-19-]', 'st-88', 'st-88', NULL, 4, 'East'),
(14134, '[bk-14+]->[bk-19-]', 'sw-11', 'sw-11', 'G', 5, 'East'),
(14135, '[bk-14+]->[bk-19-]', 'st-158', 'st-158', NULL, 6, 'East'),
(14136, '[bk-14+]->[bk-19-]', 'st-157', 'st-157', NULL, 7, 'East'),
(14137, '[bk-14+]->[bk-19-]', 'ct-46', 'ct-46', NULL, 8, 'East'),
(14138, '[bk-14+]->[bk-19-]', 'st-159', 'st-159', NULL, 9, 'North'),
(14139, '[bk-14+]->[bk-19-]', 'st-160', 'st-160', NULL, 10, 'North'),
(14140, '[bk-14+]->[bk-19-]', 'st-161', 'st-161', NULL, 11, 'North'),
(14141, '[bk-14+]->[bk-19-]', 'st-162', 'st-162', NULL, 12, 'North'),
(14142, '[bk-14+]->[bk-19-]', 'ct-44', 'ct-44', NULL, 13, 'North'),
(14143, '[bk-14+]->[bk-19-]', 'st-165', 'st-165', NULL, 14, 'West'),
(14144, '[bk-14+]->[bk-19-]', 'st-166', 'st-166', NULL, 15, 'West'),
(14145, '[bk-14+]->[bk-19-]', 'sd-13', 'sd-13', NULL, 16, 'West'),
(14146, '[bk-14+]->[bk-19-]', 'st-154', 'st-154', NULL, 17, 'West'),
(14147, '[bk-14+]->[bk-19-]', 'st-153', 'st-153', NULL, 18, 'West'),
(14148, '[bk-14+]->[bk-19-]', 'st-152', 'st-152', NULL, 19, 'West'),
(14149, '[bk-14+]->[bk-19-]', 'se-59', 'se-59', NULL, 20, 'West'),
(14150, '[bk-14+]->[bk-19-]', 'bk-19-', 'bk-19', NULL, 21, 'West'),
(14172, '[bk-18+]->[bk-16-]', 'bk-18', 'bk-18', NULL, 0, NULL),
(14173, '[bk-18+]->[bk-16-]', 'bk-18+', 'bk-18', NULL, 1, NULL),
(14174, '[bk-18+]->[bk-16-]', 'se-56', 'se-56', NULL, 2, 'East'),
(14175, '[bk-18+]->[bk-16-]', 'si-11', 'si-11', NULL, 3, 'East');             
INSERT INTO "jcs"."route_elements" VALUES
(14176, '[bk-18+]->[bk-16-]', 'se-58', 'se-58', NULL, 4, 'East'),
(14177, '[bk-18+]->[bk-16-]', 'sd-12', 'sd-12', NULL, 5, 'East'),
(14178, '[bk-18+]->[bk-16-]', 'st-163', 'st-163', NULL, 6, 'East'),
(14179, '[bk-18+]->[bk-16-]', 'ct-43', 'ct-43', NULL, 7, 'East'),
(14180, '[bk-18+]->[bk-16-]', 'st-56', 'st-56', NULL, 8, 'South'),
(14181, '[bk-18+]->[bk-16-]', 'ct-47', 'ct-47', NULL, 9, 'South'),
(14182, '[bk-18+]->[bk-16-]', 'st-164', 'st-164', NULL, 10, 'West'),
(14183, '[bk-18+]->[bk-16-]', 'sw-12', 'sw-12', 'G', 11, 'West'),
(14184, '[bk-18+]->[bk-16-]', 'st-98', 'st-98', NULL, 12, 'West'),
(14185, '[bk-18+]->[bk-16-]', 'st-99', 'st-99', NULL, 13, 'West'),
(14186, '[bk-18+]->[bk-16-]', 'st-100', 'st-100', NULL, 14, 'West'),
(14187, '[bk-18+]->[bk-16-]', 'sd-10', 'sd-10', NULL, 15, 'West'),
(14188, '[bk-18+]->[bk-16-]', 'st-101', 'st-101', NULL, 16, 'West'),
(14189, '[bk-18+]->[bk-16-]', 'st-102', 'st-102', NULL, 17, 'West'),
(14190, '[bk-18+]->[bk-16-]', 'st-103', 'st-103', NULL, 18, 'West'),
(14191, '[bk-18+]->[bk-16-]', 'se-53', 'se-53', NULL, 19, 'West'),
(14192, '[bk-18+]->[bk-16-]', 'bk-16-', 'bk-16', NULL, 20, 'West'),
(14215, '[bk-18+]->[bk-17-]', 'bk-18', 'bk-18', NULL, 0, NULL),
(14216, '[bk-18+]->[bk-17-]', 'bk-18+', 'bk-18', NULL, 1, NULL),
(14217, '[bk-18+]->[bk-17-]', 'se-56', 'se-56', NULL, 2, 'East'),
(14218, '[bk-18+]->[bk-17-]', 'si-11', 'si-11', NULL, 3, 'East'),
(14219, '[bk-18+]->[bk-17-]', 'se-58', 'se-58', NULL, 4, 'East'),
(14220, '[bk-18+]->[bk-17-]', 'sd-12', 'sd-12', NULL, 5, 'East'),
(14221, '[bk-18+]->[bk-17-]', 'st-163', 'st-163', NULL, 6, 'East'),
(14222, '[bk-18+]->[bk-17-]', 'ct-43', 'ct-43', NULL, 7, 'East'),
(14223, '[bk-18+]->[bk-17-]', 'st-56', 'st-56', NULL, 8, 'South'),
(14224, '[bk-18+]->[bk-17-]', 'ct-47', 'ct-47', NULL, 9, 'South'),
(14225, '[bk-18+]->[bk-17-]', 'st-164', 'st-164', NULL, 10, 'West'),
(14226, '[bk-18+]->[bk-17-]', 'sw-12', 'sw-12', 'R', 11, 'West'),
(14227, '[bk-18+]->[bk-17-]', 'ct-35', 'ct-35', NULL, 12, 'North'),
(14228, '[bk-18+]->[bk-17-]', 'st-109', 'st-109', NULL, 13, 'West'),
(14229, '[bk-18+]->[bk-17-]', 'st-108', 'st-108', NULL, 14, 'West'),
(14230, '[bk-18+]->[bk-17-]', 'st-107', 'st-107', NULL, 15, 'West'),
(14231, '[bk-18+]->[bk-17-]', 'sd-11', 'sd-11', NULL, 16, 'West'),
(14232, '[bk-18+]->[bk-17-]', 'st-106', 'st-106', NULL, 17, 'West'),
(14233, '[bk-18+]->[bk-17-]', 'st-105', 'st-105', NULL, 18, 'West'),
(14234, '[bk-18+]->[bk-17-]', 'st-104', 'st-104', NULL, 19, 'West'),
(14235, '[bk-18+]->[bk-17-]', 'se-52', 'se-52', NULL, 20, 'West'),
(14236, '[bk-18+]->[bk-17-]', 'bk-17-', 'bk-17', NULL, 21, 'West');   
CREATE UNIQUE NULLS DISTINCT INDEX "jcs"."roel_pk_idx" ON "jcs"."route_elements"("id" NULLS FIRST);            
CREATE UNIQUE NULLS DISTINCT INDEX "jcs"."roel_rout_node_tile_un_idx" ON "jcs"."route_elements"("route_id" NULLS FIRST, "node_id" NULLS FIRST, "tile_id" NULLS FIRST);         
CREATE CACHED TABLE "jcs"."jcs_properties"(
    "p_key" CHARACTER VARYING(255) NOT NULL,
    "p_value" CHARACTER VARYING(255) NOT NULL
);      
ALTER TABLE "jcs"."jcs_properties" ADD CONSTRAINT "jcs"."prop_pk" PRIMARY KEY("p_key");        
-- 3 +/- SELECT COUNT(*) FROM jcs.jcs_properties;              
INSERT INTO "jcs"."jcs_properties" VALUES
('jcs.version', '1.0.0'),
('jcs.db.version', '1.0.0'),
('default.switchtime', '500');
CREATE UNIQUE NULLS DISTINCT INDEX "jcs"."prop_pk_idx" ON "jcs"."jcs_properties"("p_key" NULLS FIRST);         
CREATE CACHED TABLE "jcs"."jcs_version"(
    "db_version" CHARACTER VARYING(255) NOT NULL,
    "app_version" CHARACTER VARYING(255) NOT NULL
);
-- 1 +/- SELECT COUNT(*) FROM jcs.jcs_version; 
INSERT INTO "jcs"."jcs_version" VALUES
('0.0.3', '0.0.3');     
CREATE CACHED TABLE "jcs"."routes"(
    "id" CHARACTER VARYING(255) NOT NULL,
    "from_tile_id" CHARACTER VARYING(255) NOT NULL,
    "from_suffix" CHARACTER VARYING(255) NOT NULL,
    "to_tile_id" CHARACTER VARYING(255) NOT NULL,
    "to_suffix" CHARACTER VARYING(255) NOT NULL,
    "route_color" CHARACTER VARYING(255),
    "locked" BOOLEAN DEFAULT FALSE NOT NULL,
    "status" CHARACTER VARYING(255)
);          
ALTER TABLE "jcs"."routes" ADD CONSTRAINT "jcs"."rout_pk" PRIMARY KEY("id");   
-- 29 +/- SELECT COUNT(*) FROM jcs.routes;     
INSERT INTO "jcs"."routes" VALUES
('[bk-10+]->[bk-18-]', 'bk-10', '+', 'bk-18', '-', NULL, FALSE, NULL),
('[bk-3+]->[bk-14-]', 'bk-3', '+', 'bk-14', '-', NULL, FALSE, NULL),
('[bk-6+]->[bk-1-]', 'bk-6', '+', 'bk-1', '-', NULL, FALSE, NULL),
('[bk-14+]->[bk-19-]', 'bk-14', '+', 'bk-19', '-', NULL, FALSE, NULL),
('[bk-3+]->[bk-15-]', 'bk-3', '+', 'bk-15', '-', NULL, FALSE, NULL),
('[bk-15+]->[bk-19-]', 'bk-15', '+', 'bk-19', '-', NULL, FALSE, NULL),
('[bk-4+]->[bk-3-]', 'bk-4', '+', 'bk-3', '-', NULL, FALSE, NULL),
('[bk-12+]->[bk-11-]', 'bk-12', '+', 'bk-11', '-', NULL, FALSE, NULL),
('[bk-12+]->[bk-10-]', 'bk-12', '+', 'bk-10', '-', NULL, FALSE, NULL),
('[bk-7+]->[bk-4-]', 'bk-7', '+', 'bk-4', '-', NULL, FALSE, NULL),
('[bk-12+]->[bk-13-]', 'bk-12', '+', 'bk-13', '-', NULL, FALSE, NULL),
('[bk-11+]->[bk-18-]', 'bk-11', '+', 'bk-18', '-', NULL, FALSE, NULL),
('[bk-12-]->[bk-3-]', 'bk-12', '-', 'bk-3', '-', NULL, FALSE, NULL),
('[bk-16+]->[bk-2-]', 'bk-16', '+', 'bk-2', '-', NULL, FALSE, NULL),
('[bk-1-]->[bk-5+]', 'bk-1', '-', 'bk-5', '+', NULL, FALSE, NULL),
('[bk-9-]->[bk-18-]', 'bk-9', '-', 'bk-18', '-', NULL, FALSE, NULL),
('[bk-1-]->[bk-6+]', 'bk-1', '-', 'bk-6', '+', NULL, FALSE, NULL),
('[bk-5+]->[bk-1-]', 'bk-5', '+', 'bk-1', '-', NULL, FALSE, NULL),
('[bk-8+]->[bk-4-]', 'bk-8', '+', 'bk-4', '-', NULL, FALSE, NULL),
('[bk-19+]->[bk-9-]', 'bk-19', '+', 'bk-9', '-', NULL, FALSE, NULL),
('[bk-13-]->[bk-12+]', 'bk-13', '-', 'bk-12', '+', NULL, FALSE, NULL),
('[bk-9+]->[bk-1+]', 'bk-9', '+', 'bk-1', '+', NULL, FALSE, NULL),
('[bk-18+]->[bk-16-]', 'bk-18', '+', 'bk-16', '-', NULL, FALSE, NULL),
('[bk-18+]->[bk-17-]', 'bk-18', '+', 'bk-17', '-', NULL, FALSE, NULL),
('[bk-2+]->[bk-12-]', 'bk-2', '+', 'bk-12', '-', NULL, FALSE, NULL),
('[bk-9+]->[bk-8-]', 'bk-9', '+', 'bk-8', '-', NULL, FALSE, NULL),
('[bk-17+]->[bk-2-]', 'bk-17', '+', 'bk-2', '-', NULL, FALSE, NULL),
('[bk-9+]->[bk-7-]', 'bk-9', '+', 'bk-7', '-', NULL, FALSE, NULL),
('[bk-1+]->[bk-9+]', 'bk-1', '+', 'bk-9', '+', NULL, FALSE, NULL);               
CREATE UNIQUE NULLS DISTINCT INDEX "jcs"."rout_pk_idx" ON "jcs"."routes"("id" NULLS FIRST);    
CREATE UNIQUE NULLS DISTINCT INDEX "jcs"."rout_from_to_un_idx" ON "jcs"."routes"("from_tile_id" NULLS FIRST, "from_suffix" NULLS FIRST, "to_tile_id" NULLS FIRST, "to_suffix" NULLS FIRST);    
ALTER TABLE "jcs"."tiles" ADD CONSTRAINT "jcs"."tile_acce_sens_arc_ck" CHECK((("accessory_id" IS NOT NULL)
    AND ("sensor_id" IS NULL))
    OR (("accessory_id" IS NULL)
    AND (("sensor_id" IS NOT NULL)
    OR ("sensor_id" IS NULL)))) NOCHECK;         
ALTER TABLE "jcs"."sensors" ADD CONSTRAINT "jcs"."sens_deid_coid_un" UNIQUE NULLS DISTINCT ("device_id", "contact_id", "bus_nr", "command_station_id");        
ALTER TABLE "jcs"."route_elements" ADD CONSTRAINT "jcs"."roel_rout_node_tile_un" UNIQUE NULLS DISTINCT ("route_id", "node_id", "tile_id");     
ALTER TABLE "jcs"."blocks" ADD CONSTRAINT "jcs"."bloc_tile_un" UNIQUE NULLS DISTINCT ("tile_id");              
ALTER TABLE "jcs"."accessories" ADD CONSTRAINT "jcs"."acce_address_un" UNIQUE NULLS DISTINCT ("protocol", "address", "command_station_id");    
ALTER TABLE "jcs"."tiles" ADD CONSTRAINT "jcs"."tile_x_y_un" UNIQUE NULLS DISTINCT ("x", "y"); 
ALTER TABLE "jcs"."locomotive_functions" ADD CONSTRAINT "jcs"."lofu_loid_fnum_un" UNIQUE NULLS DISTINCT ("locomotive_id", "f_number");         
ALTER TABLE "jcs"."routes" ADD CONSTRAINT "jcs"."rout_from_to_un" UNIQUE NULLS DISTINCT ("from_tile_id", "from_suffix", "to_tile_id", "to_suffix");            
ALTER TABLE "jcs"."blocks" ADD CONSTRAINT "jcs"."blck_sens_plus_fk" FOREIGN KEY("plus_sensor_id") REFERENCES "jcs"."sensors"("id") NOCHECK;    
ALTER TABLE "jcs"."routes" ADD CONSTRAINT "jcs"."rout_tile_to_fk" FOREIGN KEY("to_tile_id") REFERENCES "jcs"."tiles"("id") NOCHECK;            
ALTER TABLE "jcs"."blocks" ADD CONSTRAINT "jcs"."blck_tile_fk" FOREIGN KEY("tile_id") REFERENCES "jcs"."tiles"("id") NOCHECK;  
ALTER TABLE "jcs"."accessories" ADD CONSTRAINT "jcs"."acce_cost_fk" FOREIGN KEY("command_station_id") REFERENCES "jcs"."command_stations"("id") NOCHECK;       
ALTER TABLE "jcs"."locomotive_functions" ADD CONSTRAINT "jcs"."lofu_loco_fk" FOREIGN KEY("locomotive_id") REFERENCES "jcs"."locomotives"("id") NOCHECK;        
ALTER TABLE "jcs"."blocks" ADD CONSTRAINT "jcs"."blck_acce_sig_plus_fk" FOREIGN KEY("plus_signal_id") REFERENCES "jcs"."accessories"("id") NOCHECK;            
ALTER TABLE "jcs"."route_elements" ADD CONSTRAINT "jcs"."roel_tile_fk" FOREIGN KEY("tile_id") REFERENCES "jcs"."tiles"("id") NOCHECK;          
ALTER TABLE "jcs"."routes" ADD CONSTRAINT "jcs"."rout_tile_from_fk" FOREIGN KEY("from_tile_id") REFERENCES "jcs"."tiles"("id") NOCHECK;        
ALTER TABLE "jcs"."locomotives" ADD CONSTRAINT "jcs"."loco_cost_fk" FOREIGN KEY("command_station_id") REFERENCES "jcs"."command_stations"("id") NOCHECK;       
ALTER TABLE "jcs"."blocks" ADD CONSTRAINT "jcs"."blck_sens_min_fk" FOREIGN KEY("min_sensor_id") REFERENCES "jcs"."sensors"("id") NOCHECK;      
ALTER TABLE "jcs"."route_elements" ADD CONSTRAINT "jcs"."roel_rout_fk" FOREIGN KEY("route_id") REFERENCES "jcs"."routes"("id") NOCHECK;        
ALTER TABLE "jcs"."blocks" ADD CONSTRAINT "jcs"."blck_acce_sig_min_fk" FOREIGN KEY("min_signal_id") REFERENCES "jcs"."accessories"("id") NOCHECK;              
ALTER TABLE "jcs"."blocks" ADD CONSTRAINT "jcs"."blck_loco_fk" FOREIGN KEY("locomotive_id") REFERENCES "jcs"."locomotives"("id") NOCHECK;      
ALTER TABLE "jcs"."tiles" ADD CONSTRAINT "jcs"."tile_acc_fk" FOREIGN KEY("accessory_id") REFERENCES "jcs"."accessories"("id") NOCHECK;         
ALTER TABLE "jcs"."tiles" ADD CONSTRAINT "jcs"."tile_sens_fk" FOREIGN KEY("sensor_id") REFERENCES "jcs"."sensors"("id") NOCHECK;               
