-- H2 2.3.232; 
;              
CREATE USER IF NOT EXISTS "JCS" SALT '1a56ee8e331b38f4' HASH '7dc33a95e1726ae3a0e1399a62f7d46b617930d94f0446dea878f784dda122d4' ADMIN;         
CREATE USER IF NOT EXISTS "SA" SALT 'eb1afca2ae28ad08' HASH 'f2c8c398ba306b98b4cb3ecfe0865559d3a221c6c0bc6aaeaef142c3f78b5915' ADMIN;          
CREATE SCHEMA IF NOT EXISTS "jcs" AUTHORIZATION "JCS";         
DROP TABLE IF EXISTS "jcs"."tiles" CASCADE;    
DROP TABLE IF EXISTS "jcs"."accessories" CASCADE;              
DROP TABLE IF EXISTS "jcs"."blocks" CASCADE;   
DROP TABLE IF EXISTS "jcs"."sensors" CASCADE;  
DROP TABLE IF EXISTS "jcs"."locomotive_functions" CASCADE;     
DROP TABLE IF EXISTS "jcs"."locomotives" CASCADE;              
DROP TABLE IF EXISTS "jcs"."command_stations" CASCADE;         
DROP TABLE IF EXISTS "jcs"."route_elements" CASCADE;           
DROP TABLE IF EXISTS "jcs"."jcs_properties" CASCADE;           
DROP TABLE IF EXISTS "jcs"."jcs_version" CASCADE;              
DROP TABLE IF EXISTS "jcs"."routes" CASCADE;   
CREATE CACHED TABLE "jcs"."tiles"(
    "id" CHARACTER VARYING(255) SELECTIVITY 100 NOT NULL,
    "tile_type" CHARACTER VARYING(255) SELECTIVITY 2 NOT NULL,
    "orientation" CHARACTER VARYING(255) SELECTIVITY 1 NOT NULL,
    "direction" CHARACTER VARYING(255) SELECTIVITY 1 NOT NULL,
    "x" INTEGER SELECTIVITY 7 NOT NULL,
    "y" INTEGER SELECTIVITY 6 NOT NULL,
    "signal_type" CHARACTER VARYING(255) SELECTIVITY 1,
    "accessory_id" CHARACTER VARYING(255) SELECTIVITY 4,
    "sensor_id" INTEGER SELECTIVITY 16
);         
ALTER TABLE "jcs"."tiles" ADD CONSTRAINT "jcs"."tile_pk" PRIMARY KEY("id");    
-- 342 +/- SELECT COUNT(*) FROM jcs.tiles;     
INSERT INTO "jcs"."tiles" VALUES
('st-1', 'Straight', 'East', 'Center', 100, 60, NULL, NULL, NULL),
('ct-1', 'Curved', 'East', 'Center', 60, 60, NULL, NULL, NULL),
('st-2', 'Straight', 'South', 'Center', 60, 100, NULL, NULL, NULL),
('st-3', 'Straight', 'South', 'Center', 60, 140, NULL, NULL, NULL),
('st-4', 'Straight', 'South', 'Center', 60, 180, NULL, NULL, NULL),
('st-5', 'Straight', 'South', 'Center', 60, 220, NULL, NULL, NULL),
('st-6', 'Straight', 'West', 'Center', 140, 540, NULL, NULL, NULL),
('bk-1', 'Block', 'East', 'Center', 460, 140, NULL, NULL, NULL),
('bk-2', 'Block', 'West', 'Center', 380, 60, NULL, NULL, NULL),
('bk-3', 'Block', 'South', 'Center', 1060, 380, NULL, NULL, NULL),
('bk-4', 'Block', 'North', 'Center', 100, 220, NULL, NULL, NULL),
('se-1', 'Sensor', 'North', 'Center', 100, 140, NULL, NULL, 2020),
('se-2', 'Sensor', 'North', 'Center', 100, 300, NULL, NULL, 2023),
('ct-2', 'Curved', 'East', 'Center', 100, 100, NULL, NULL, NULL),
('st-7', 'Straight', 'East', 'Center', 140, 100, NULL, NULL, NULL),
('sw-1', 'Switch', 'East', 'Right', 180, 100, 'NONE', '12', NULL),
('sw-2', 'Switch', 'West', 'Right', 180, 60, 'NONE', '14', NULL),
('st-8', 'Straight', 'West', 'Center', 140, 60, NULL, NULL, NULL),
('st-9', 'Straight', 'West', 'Center', 220, 100, NULL, NULL, NULL),
('si-1', 'Signal', 'West', 'Center', 260, 60, 'NONE', NULL, NULL),
('se-3', 'Sensor', 'West', 'Center', 300, 60, NULL, NULL, 2017),
('se-4', 'Sensor', 'West', 'Center', 460, 60, NULL, NULL, 1032),
('st-11', 'Straight', 'West', 'Center', 500, 60, NULL, NULL, NULL),
('st-12', 'Straight', 'West', 'Center', 260, 100, NULL, NULL, NULL),
('st-13', 'Straight', 'West', 'Center', 300, 100, NULL, NULL, NULL),
('st-14', 'Straight', 'West', 'Center', 340, 100, NULL, NULL, NULL),
('st-15', 'Straight', 'West', 'Center', 380, 100, NULL, NULL, NULL),
('st-16', 'Straight', 'West', 'Center', 420, 100, NULL, NULL, NULL),
('st-17', 'Straight', 'West', 'Center', 460, 100, NULL, NULL, NULL),
('st-18', 'Straight', 'West', 'Center', 500, 100, NULL, NULL, NULL),
('sd-1', 'StraightDirection', 'East', 'Center', 540, 100, NULL, NULL, NULL),
('sd-2', 'StraightDirection', 'West', 'Center', 540, 60, NULL, NULL, NULL),
('bk-5', 'Block', 'West', 'Center', 380, 220, NULL, NULL, NULL),
('bk-6', 'Block', 'West', 'Center', 380, 260, NULL, NULL, NULL),
('st-19', 'Straight', 'West', 'Center', 300, 140, NULL, NULL, NULL),
('ct-3', 'Curved', 'East', 'Center', 180, 140, NULL, NULL, NULL),
('st-20', 'Straight', 'South', 'Center', 180, 180, NULL, NULL, NULL),
('st-21', 'Straight', 'South', 'Center', 260, 180, NULL, NULL, NULL),
('ct-4', 'Curved', 'North', 'Center', 180, 260, NULL, NULL, NULL),
('sw-4', 'Switch', 'East', 'Left', 260, 140, 'NONE', '28', NULL),
('ct-5', 'Curved', 'North', 'Center', 260, 220, NULL, NULL, NULL),
('se-5', 'Sensor', 'East', 'Center', 300, 220, NULL, NULL, 2005),
('se-6', 'Sensor', 'East', 'Center', 300, 260, NULL, NULL, 2007),
('se-7', 'Sensor', 'East', 'Center', 460, 220, NULL, NULL, 2024),
('se-8', 'Sensor', 'East', 'Center', 460, 260, NULL, NULL, 2025),
('st-22', 'Straight', 'East', 'Center', 220, 140, NULL, NULL, NULL),
('st-23', 'Straight', 'East', 'Center', 260, 260, NULL, NULL, NULL),
('st-24', 'Straight', 'East', 'Center', 220, 260, NULL, NULL, NULL),
('st-25', 'Straight', 'South', 'Center', 180, 220, NULL, NULL, NULL),
('st-26', 'Straight', 'West', 'Center', 220, 380, NULL, NULL, NULL),
('st-27', 'Straight', 'West', 'Center', 740, 380, NULL, NULL, NULL),
('et-1', 'End', 'East', 'Center', 500, 220, NULL, NULL, NULL),
('et-2', 'End', 'East', 'Center', 500, 260, NULL, NULL, NULL),
('st-28', 'Straight', 'East', 'Center', 340, 140, NULL, NULL, NULL),
('st-29', 'Straight', 'East', 'Center', 180, 540, NULL, NULL, NULL),
('st-30', 'Straight', 'East', 'Center', 380, 580, NULL, NULL, NULL),
('st-31', 'Straight', 'East', 'Center', 300, 460, NULL, NULL, NULL),
('st-32', 'Straight', 'East', 'Center', 660, 580, NULL, NULL, NULL),
('st-33', 'Straight', 'East', 'Center', 700, 580, NULL, NULL, NULL),
('st-35', 'Straight', 'East', 'Center', 620, 140, NULL, NULL, NULL),
('st-36', 'Straight', 'East', 'Center', 780, 380, NULL, NULL, NULL);           
INSERT INTO "jcs"."tiles" VALUES
('st-37', 'Straight', 'East', 'Center', 740, 340, NULL, NULL, NULL),
('st-38', 'Straight', 'East', 'Center', 780, 340, NULL, NULL, NULL),
('st-39', 'Straight', 'East', 'Center', 860, 300, NULL, NULL, NULL),
('sw-5', 'Switch', 'East', 'Left', 820, 300, 'NONE', '24', NULL),
('ct-6', 'Curved', 'West', 'Center', 820, 340, NULL, NULL, NULL),
('bk-7', 'Block', 'West', 'Center', 460, 340, NULL, NULL, NULL),
('bk-8', 'Block', 'West', 'Center', 460, 380, NULL, NULL, NULL),
('bk-9', 'Block', 'North', 'Center', 980, 500, NULL, NULL, NULL),
('se-9', 'Sensor', 'West', 'Center', 380, 340, NULL, NULL, 1028),
('se-10', 'Sensor', 'West', 'Center', 540, 340, NULL, NULL, 1022),
('se-11', 'Sensor', 'West', 'Center', 660, 380, NULL, NULL, 1019),
('se-12', 'Sensor', 'West', 'Center', 380, 380, NULL, NULL, 1027),
('sw-6', 'Switch', 'West', 'Left', 260, 380, 'NONE', '16', NULL),
('ct-7', 'Curved', 'East', 'Center', 260, 340, NULL, NULL, NULL),
('ct-8', 'Curved', 'North', 'Center', 100, 380, NULL, NULL, NULL),
('st-40', 'Straight', 'North', 'Center', 100, 340, NULL, NULL, NULL),
('st-41', 'Straight', 'East', 'Center', 140, 380, NULL, NULL, NULL),
('sd-3', 'StraightDirection', 'West', 'Center', 180, 380, NULL, NULL, NULL),
('se-13', 'Sensor', 'West', 'Center', 300, 340, NULL, NULL, 2002),
('se-14', 'Sensor', 'West', 'Center', 300, 380, NULL, NULL, 2031),
('si-2', 'Signal', 'West', 'Center', 340, 340, 'NONE', NULL, NULL),
('si-3', 'Signal', 'West', 'Center', 340, 380, 'NONE', NULL, NULL),
('se-15', 'Sensor', 'West', 'Center', 700, 460, NULL, NULL, 1030),
('se-16', 'Sensor', 'West', 'Center', 660, 340, NULL, NULL, 1021),
('se-17', 'Sensor', 'West', 'Center', 540, 380, NULL, NULL, 1020),
('st-42', 'Straight', 'West', 'Center', 580, 340, NULL, NULL, NULL),
('sd-4', 'StraightDirection', 'West', 'Center', 620, 340, NULL, NULL, NULL),
('sd-5', 'StraightDirection', 'West', 'Center', 620, 380, NULL, NULL, NULL),
('st-43', 'Straight', 'West', 'Center', 580, 380, NULL, NULL, NULL),
('st-44', 'Straight', 'West', 'Center', 700, 340, NULL, NULL, NULL),
('st-45', 'Straight', 'West', 'Center', 700, 380, NULL, NULL, NULL),
('st-46', 'Straight', 'West', 'Center', 820, 380, NULL, NULL, NULL),
('ct-9', 'Curved', 'North', 'Center', 780, 300, NULL, NULL, NULL),
('ct-10', 'Curved', 'South', 'Center', 780, 260, NULL, NULL, NULL),
('ct-11', 'Curved', 'South', 'Center', 740, 220, NULL, NULL, NULL),
('ct-12', 'Curved', 'North', 'Center', 740, 260, NULL, NULL, NULL),
('ct-13', 'Curved', 'North', 'Center', 700, 220, NULL, NULL, NULL),
('ct-14', 'Curved', 'South', 'Center', 700, 180, NULL, NULL, NULL),
('ct-15', 'Curved', 'North', 'Center', 660, 180, NULL, NULL, NULL),
('ct-16', 'Curved', 'South', 'Center', 660, 140, NULL, NULL, NULL),
('sw-7', 'Switch', 'East', 'Left', 900, 300, 'NONE', '20', NULL),
('ct-17', 'Curved', 'West', 'Center', 900, 340, NULL, NULL, NULL),
('ct-19', 'Curved', 'East', 'Center', 860, 340, NULL, NULL, NULL),
('ct-20', 'Curved', 'West', 'Center', 860, 380, NULL, NULL, NULL),
('st-47', 'Straight', 'West', 'Center', 940, 300, NULL, NULL, NULL),
('bk-10', 'Block', 'East', 'Center', 620, 460, NULL, NULL, NULL),
('bk-11', 'Block', 'East', 'Center', 620, 500, NULL, NULL, NULL),
('bk-12', 'Block', 'South', 'Center', 60, 340, NULL, NULL, NULL),
('se-18', 'Sensor', 'North', 'Center', 1060, 300, NULL, NULL, 2018),
('se-19', 'Sensor', 'North', 'Center', 1060, 460, NULL, NULL, 1018),
('ct-21', 'Curved', 'South', 'Center', 980, 300, NULL, NULL, NULL),
('ct-22', 'Curved', 'South', 'Center', 940, 460, NULL, NULL, NULL),
('si-4', 'Signal', 'East', 'Center', 740, 460, 'NONE', NULL, NULL),
('si-5', 'Signal', 'East', 'Center', 740, 500, 'NONE', NULL, NULL),
('si-6', 'Signal', 'North', 'Center', 980, 380, 'NONE', NULL, NULL),
('se-20', 'Sensor', 'West', 'Center', 380, 140, NULL, NULL, 2004),
('se-21', 'Sensor', 'West', 'Center', 540, 140, NULL, NULL, 2003),
('si-9', 'Signal', 'East', 'Center', 580, 140, 'NONE', NULL, NULL),
('se-22', 'Sensor', 'East', 'Center', 780, 460, NULL, NULL, 2001),
('se-23', 'Sensor', 'East', 'Center', 780, 500, NULL, NULL, 2032);
INSERT INTO "jcs"."tiles" VALUES
('se-24', 'Sensor', 'East', 'Center', 700, 500, NULL, NULL, 1031),
('se-25', 'Sensor', 'East', 'Center', 540, 460, NULL, NULL, 1024),
('se-26', 'Sensor', 'East', 'Center', 540, 500, NULL, NULL, 1026),
('se-27', 'Sensor', 'East', 'Center', 420, 460, NULL, NULL, 1023),
('se-28', 'Sensor', 'East', 'Center', 420, 500, NULL, NULL, 1025),
('sd-6', 'StraightDirection', 'East', 'Center', 460, 460, NULL, NULL, NULL),
('sd-7', 'StraightDirection', 'East', 'Center', 460, 500, NULL, NULL, NULL),
('st-48', 'Straight', 'East', 'Center', 500, 460, NULL, NULL, NULL),
('st-49', 'Straight', 'East', 'Center', 500, 500, NULL, NULL, NULL),
('sw-8', 'Switch', 'East', 'Left', 860, 460, 'NONE', '22', NULL),
('ct-23', 'Curved', 'West', 'Center', 860, 500, NULL, NULL, NULL),
('st-50', 'Straight', 'West', 'Center', 820, 460, NULL, NULL, NULL),
('st-51', 'Straight', 'West', 'Center', 900, 460, NULL, NULL, NULL),
('st-52', 'Straight', 'West', 'Center', 820, 500, NULL, NULL, NULL),
('st-53', 'Straight', 'North', 'Center', 940, 500, NULL, NULL, NULL),
('cr-1', 'Crossing', 'North', 'Center', 940, 700, NULL, NULL, NULL),
('cr-2', 'Crossing', 'North', 'Center', 980, 700, NULL, NULL, NULL),
('cr-3', 'Crossing', 'North', 'Center', 940, 740, NULL, NULL, NULL),
('cr-4', 'Crossing', 'North', 'Center', 980, 740, NULL, NULL, NULL),
('se-29', 'Sensor', 'North', 'Center', 980, 340, NULL, NULL, 1003),
('se-30', 'Sensor', 'North', 'Center', 980, 420, NULL, NULL, 1005),
('se-31', 'Sensor', 'North', 'Center', 980, 580, NULL, NULL, 1002),
('se-36', 'Sensor', 'East', 'Center', 460, 580, NULL, NULL, 1014),
('st-54', 'Straight', 'North', 'Center', 60, 460, NULL, NULL, NULL),
('st-55', 'Straight', 'East', 'Center', 260, 540, NULL, NULL, NULL),
('st-56', 'Straight', 'North', 'Center', 140, 780, NULL, NULL, NULL),
('st-57', 'Straight', 'North', 'Center', 1060, 140, NULL, NULL, NULL),
('st-58', 'Straight', 'East', 'Center', 100, 540, NULL, NULL, NULL),
('st-59', 'Straight', 'East', 'Center', 380, 460, NULL, NULL, NULL),
('st-60', 'Straight', 'East', 'Center', 380, 500, NULL, NULL, NULL),
('st-61', 'Straight', 'East', 'Center', 340, 500, NULL, NULL, NULL),
('st-62', 'Straight', 'East', 'Center', 340, 460, NULL, NULL, NULL),
('sw-9', 'Switch', 'West', 'Left', 300, 540, 'NONE', '26', NULL),
('sw-10', 'Switch', 'West', 'Left', 220, 540, 'NONE', '18', NULL),
('ct-24', 'Curved', 'East', 'Center', 300, 500, NULL, NULL, NULL),
('ct-25', 'Curved', 'East', 'Center', 220, 500, NULL, NULL, NULL),
('ct-26', 'Curved', 'West', 'Center', 260, 500, NULL, NULL, NULL),
('ct-27', 'Curved', 'East', 'Center', 260, 460, NULL, NULL, NULL),
('se-38', 'Sensor', 'North', 'Center', 60, 260, NULL, NULL, 2019),
('se-39', 'Sensor', 'North', 'Center', 60, 420, NULL, NULL, 2021),
('se-40', 'Sensor', 'North', 'Center', 60, 500, NULL, NULL, 2022),
('ct-29', 'Curved', 'North', 'Center', 60, 540, NULL, NULL, NULL),
('ct-30', 'Curved', 'South', 'Center', 340, 540, NULL, NULL, NULL),
('ct-31', 'Curved', 'North', 'Center', 340, 580, NULL, NULL, NULL),
('ct-32', 'Curved', 'North', 'Center', 220, 700, NULL, NULL, NULL),
('ct-34', 'Curved', 'West', 'Center', 1100, 740, NULL, NULL, NULL),
('bk-13', 'Block', 'East', 'Center', 540, 580, NULL, NULL, NULL),
('si-10', 'Signal', 'West', 'Center', 420, 580, 'NONE', NULL, NULL),
('se-41', 'Sensor', 'West', 'Center', 620, 580, NULL, NULL, 1015),
('et-3', 'End', 'East', 'Center', 740, 580, NULL, NULL, NULL),
('st-63', 'Straight', 'East', 'Center', 580, 60, NULL, NULL, NULL),
('st-64', 'Straight', 'East', 'Center', 580, 100, NULL, NULL, NULL),
('st-65', 'Straight', 'East', 'Center', 620, 60, NULL, NULL, NULL),
('st-66', 'Straight', 'East', 'Center', 660, 60, NULL, NULL, NULL),
('st-67', 'Straight', 'East', 'Center', 700, 60, NULL, NULL, NULL),
('st-68', 'Straight', 'East', 'Center', 740, 60, NULL, NULL, NULL),
('st-69', 'Straight', 'East', 'Center', 780, 60, NULL, NULL, NULL),
('st-70', 'Straight', 'East', 'Center', 820, 60, NULL, NULL, NULL),
('st-71', 'Straight', 'East', 'Center', 860, 60, NULL, NULL, NULL),
('st-72', 'Straight', 'East', 'Center', 900, 60, NULL, NULL, NULL);
INSERT INTO "jcs"."tiles" VALUES
('st-73', 'Straight', 'East', 'Center', 940, 60, NULL, NULL, NULL),
('st-74', 'Straight', 'East', 'Center', 620, 100, NULL, NULL, NULL),
('st-75', 'Straight', 'East', 'Center', 700, 100, NULL, NULL, NULL),
('st-76', 'Straight', 'East', 'Center', 860, 100, NULL, NULL, NULL),
('st-77', 'Straight', 'East', 'Center', 660, 100, NULL, NULL, NULL),
('st-78', 'Straight', 'East', 'Center', 940, 100, NULL, NULL, NULL),
('st-79', 'Straight', 'East', 'Center', 1020, 100, NULL, NULL, NULL),
('st-80', 'Straight', 'East', 'Center', 980, 60, NULL, NULL, NULL),
('st-81', 'Straight', 'East', 'Center', 1020, 60, NULL, NULL, NULL),
('st-82', 'Straight', 'East', 'Center', 1060, 60, NULL, NULL, NULL),
('st-83', 'Straight', 'South', 'Center', 1100, 140, NULL, NULL, NULL),
('sw-11', 'Switch', 'West', 'Right', 220, 660, 'NONE', '6', NULL),
('sw-12', 'Switch', 'West', 'Right', 220, 740, 'NONE', '4', NULL),
('sw-13', 'Switch', 'East', 'Left', 780, 740, 'NONE', '10', NULL),
('sw-14', 'Switch', 'East', 'Right', 780, 700, 'NONE', '8', NULL),
('bk-14', 'Block', 'West', 'Center', 420, 660, NULL, NULL, NULL),
('bk-15', 'Block', 'West', 'Center', 420, 700, NULL, NULL, NULL),
('bk-16', 'Block', 'East', 'Center', 620, 740, NULL, NULL, NULL),
('bk-17', 'Block', 'East', 'Center', 620, 780, NULL, NULL, NULL),
('se-42', 'Sensor', 'East', 'Center', 340, 660, NULL, NULL, 2028),
('se-43', 'Sensor', 'East', 'Center', 500, 660, NULL, NULL, 1013),
('se-44', 'Sensor', 'East', 'Center', 300, 660, NULL, NULL, 2030),
('se-45', 'Sensor', 'East', 'Center', 300, 700, NULL, NULL, 2029),
('se-46', 'Sensor', 'East', 'Center', 340, 700, NULL, NULL, 2027),
('se-47', 'Sensor', 'East', 'Center', 500, 700, NULL, NULL, 1012),
('se-48', 'Sensor', 'East', 'Center', 700, 740, NULL, NULL, 1010),
('se-49', 'Sensor', 'East', 'Center', 740, 740, NULL, NULL, 1016),
('se-50', 'Sensor', 'East', 'Center', 740, 780, NULL, NULL, 1017),
('se-51', 'Sensor', 'East', 'Center', 700, 780, NULL, NULL, 1009),
('se-52', 'Sensor', 'East', 'Center', 540, 780, NULL, NULL, 1008),
('se-53', 'Sensor', 'East', 'Center', 540, 740, NULL, NULL, 2026),
('ct-35', 'Curved', 'North', 'Center', 220, 780, NULL, NULL, NULL),
('ct-36', 'Curved', 'South', 'Center', 780, 660, NULL, NULL, NULL),
('ct-37', 'Curved', 'West', 'Center', 780, 780, NULL, NULL, NULL),
('st-84', 'Straight', 'West', 'Center', 540, 660, NULL, NULL, NULL),
('st-85', 'Straight', 'West', 'Center', 580, 660, NULL, NULL, NULL),
('st-86', 'Straight', 'West', 'Center', 540, 700, NULL, NULL, NULL),
('st-87', 'Straight', 'West', 'Center', 580, 700, NULL, NULL, NULL),
('sd-8', 'StraightDirection', 'West', 'Center', 620, 660, NULL, NULL, NULL),
('sd-9', 'StraightDirection', 'West', 'Center', 620, 700, NULL, NULL, NULL),
('sd-10', 'StraightDirection', 'East', 'Center', 380, 740, NULL, NULL, NULL),
('sd-11', 'StraightDirection', 'East', 'Center', 380, 780, NULL, NULL, NULL),
('st-88', 'Straight', 'West', 'Center', 260, 660, NULL, NULL, NULL),
('st-89', 'Straight', 'West', 'Center', 260, 700, NULL, NULL, NULL),
('st-90', 'Straight', 'West', 'Center', 660, 660, NULL, NULL, NULL),
('st-91', 'Straight', 'West', 'Center', 660, 700, NULL, NULL, NULL),
('st-92', 'Straight', 'West', 'Center', 700, 700, NULL, NULL, NULL),
('st-93', 'Straight', 'West', 'Center', 700, 660, NULL, NULL, NULL),
('st-94', 'Straight', 'West', 'Center', 740, 660, NULL, NULL, NULL),
('st-95', 'Straight', 'West', 'Center', 740, 700, NULL, NULL, NULL),
('st-96', 'Straight', 'West', 'Center', 820, 700, NULL, NULL, NULL),
('st-97', 'Straight', 'West', 'Center', 820, 740, NULL, NULL, NULL),
('st-98', 'Straight', 'West', 'Center', 260, 740, NULL, NULL, NULL),
('st-99', 'Straight', 'West', 'Center', 300, 740, NULL, NULL, NULL),
('st-100', 'Straight', 'West', 'Center', 340, 740, NULL, NULL, NULL),
('st-101', 'Straight', 'West', 'Center', 420, 740, NULL, NULL, NULL),
('st-102', 'Straight', 'West', 'Center', 460, 740, NULL, NULL, NULL),
('st-103', 'Straight', 'West', 'Center', 500, 740, NULL, NULL, NULL),
('st-104', 'Straight', 'West', 'Center', 500, 780, NULL, NULL, NULL),
('st-105', 'Straight', 'West', 'Center', 460, 780, NULL, NULL, NULL);          
INSERT INTO "jcs"."tiles" VALUES
('st-106', 'Straight', 'West', 'Center', 420, 780, NULL, NULL, NULL),
('st-107', 'Straight', 'West', 'Center', 340, 780, NULL, NULL, NULL),
('st-108', 'Straight', 'West', 'Center', 300, 780, NULL, NULL, NULL),
('st-109', 'Straight', 'West', 'Center', 260, 780, NULL, NULL, NULL),
('se-54', 'Sensor', 'North', 'Center', 1060, 500, NULL, NULL, 1011),
('st-110', 'Straight', 'East', 'Center', 740, 100, NULL, NULL, NULL),
('st-111', 'Straight', 'North', 'Center', 1060, 260, NULL, NULL, NULL),
('st-112', 'Straight', 'North', 'Center', 1060, 220, NULL, NULL, NULL),
('st-113', 'Straight', 'North', 'Center', 1060, 180, NULL, NULL, NULL),
('st-114', 'Straight', 'North', 'Center', 1060, 540, NULL, NULL, NULL),
('st-115', 'Straight', 'North', 'Center', 1060, 580, NULL, NULL, NULL),
('st-116', 'Straight', 'North', 'Center', 1060, 620, NULL, NULL, NULL),
('st-117', 'Straight', 'North', 'Center', 1060, 660, NULL, NULL, NULL),
('st-118', 'Straight', 'East', 'Center', 780, 100, NULL, NULL, NULL),
('st-119', 'Straight', 'East', 'Center', 820, 100, NULL, NULL, NULL),
('st-120', 'Straight', 'East', 'Center', 900, 100, NULL, NULL, NULL),
('st-121', 'Straight', 'East', 'Center', 980, 100, NULL, NULL, NULL),
('ct-38', 'Curved', 'South', 'Center', 1060, 100, NULL, NULL, NULL),
('ct-39', 'Curved', 'South', 'Center', 1100, 60, NULL, NULL, NULL),
('st-122', 'Straight', 'South', 'Center', 1100, 100, NULL, NULL, NULL),
('st-123', 'Straight', 'South', 'Center', 1100, 180, NULL, NULL, NULL),
('st-124', 'Straight', 'South', 'Center', 1100, 220, NULL, NULL, NULL),
('st-125', 'Straight', 'South', 'Center', 1100, 260, NULL, NULL, NULL),
('st-126', 'Straight', 'South', 'Center', 1100, 300, NULL, NULL, NULL),
('st-127', 'Straight', 'South', 'Center', 1100, 340, NULL, NULL, NULL),
('st-128', 'Straight', 'South', 'Center', 1100, 380, NULL, NULL, NULL),
('st-129', 'Straight', 'South', 'Center', 1100, 420, NULL, NULL, NULL),
('st-130', 'Straight', 'South', 'Center', 1100, 460, NULL, NULL, NULL),
('st-131', 'Straight', 'South', 'Center', 1100, 500, NULL, NULL, NULL),
('st-132', 'Straight', 'South', 'Center', 1100, 540, NULL, NULL, NULL),
('st-133', 'Straight', 'South', 'Center', 1100, 580, NULL, NULL, NULL),
('st-134', 'Straight', 'South', 'Center', 1100, 620, NULL, NULL, NULL),
('st-135', 'Straight', 'South', 'Center', 1100, 660, NULL, NULL, NULL),
('st-136', 'Straight', 'South', 'Center', 1100, 700, NULL, NULL, NULL),
('ct-41', 'Curved', 'West', 'Center', 1060, 700, NULL, NULL, NULL),
('st-137', 'Straight', 'West', 'Center', 1020, 700, NULL, NULL, NULL),
('st-138', 'Straight', 'West', 'Center', 1020, 740, NULL, NULL, NULL),
('st-139', 'Straight', 'West', 'Center', 1060, 740, NULL, NULL, NULL),
('st-140', 'Straight', 'West', 'Center', 900, 700, NULL, NULL, NULL),
('st-141', 'Straight', 'West', 'Center', 860, 700, NULL, NULL, NULL),
('st-142', 'Straight', 'West', 'Center', 860, 740, NULL, NULL, NULL),
('st-143', 'Straight', 'West', 'Center', 900, 740, NULL, NULL, NULL),
('st-144', 'Straight', 'North', 'Center', 940, 540, NULL, NULL, NULL),
('st-145', 'Straight', 'North', 'Center', 940, 580, NULL, NULL, NULL),
('st-146', 'Straight', 'North', 'Center', 940, 620, NULL, NULL, NULL),
('st-147', 'Straight', 'North', 'Center', 940, 660, NULL, NULL, NULL),
('st-148', 'Straight', 'North', 'Center', 980, 660, NULL, NULL, NULL),
('st-149', 'Straight', 'North', 'Center', 940, 780, NULL, NULL, NULL),
('bk-18', 'Block', 'West', 'Center', 420, 820, NULL, NULL, NULL),
('bk-19', 'Block', 'East', 'Center', 460, 860, NULL, NULL, NULL),
('si-11', 'Signal', 'West', 'Center', 300, 820, 'HP01', '30', NULL),
('se-56', 'Sensor', 'West', 'Center', 340, 820, NULL, NULL, 1004),
('se-57', 'Sensor', 'West', 'Center', 500, 820, NULL, NULL, 1001),
('se-58', 'Sensor', 'West', 'Center', 260, 820, NULL, NULL, 1029),
('sd-12', 'StraightDirection', 'West', 'Center', 220, 820, NULL, NULL, NULL),
('sd-13', 'StraightDirection', 'East', 'Center', 220, 860, NULL, NULL, NULL),
('se-59', 'Sensor', 'East', 'Center', 380, 860, NULL, NULL, 1007),
('se-60', 'Sensor', 'East', 'Center', 540, 860, NULL, NULL, 1006);            
INSERT INTO "jcs"."tiles" VALUES
('si-12', 'Signal', 'East', 'Center', 580, 860, 'NONE', NULL, NULL),
('st-151', 'Straight', 'East', 'Center', 540, 820, NULL, NULL, NULL),
('st-152', 'Straight', 'East', 'Center', 340, 860, NULL, NULL, NULL),
('st-153', 'Straight', 'East', 'Center', 300, 860, NULL, NULL, NULL),
('st-154', 'Straight', 'East', 'Center', 260, 860, NULL, NULL, NULL),
('st-156', 'Straight', 'East', 'Center', 620, 820, NULL, NULL, NULL),
('sw-15', 'Switch', 'West', 'Right', 660, 820, 'NONE', '0', NULL),
('sw-16', 'Switch', 'East', 'Right', 660, 860, 'NONE', '2', NULL),
('si-13', 'Signal', 'South', 'Center', 980, 620, 'NONE', NULL, NULL),
('ct-42', 'Curved', 'West', 'Center', 940, 820, NULL, NULL, NULL),
('ct-43', 'Curved', 'North', 'Center', 140, 820, NULL, NULL, NULL),
('ct-44', 'Curved', 'North', 'Center', 100, 860, NULL, NULL, NULL),
('ct-45', 'Curved', 'West', 'Center', 980, 860, NULL, NULL, NULL),
('ct-46', 'Curved', 'East', 'Center', 100, 660, NULL, NULL, NULL),
('st-157', 'Straight', 'East', 'Center', 140, 660, NULL, NULL, NULL),
('st-158', 'Straight', 'East', 'Center', 180, 660, NULL, NULL, NULL),
('st-159', 'Straight', 'South', 'Center', 100, 700, NULL, NULL, NULL),
('st-160', 'Straight', 'South', 'Center', 100, 740, NULL, NULL, NULL),
('st-161', 'Straight', 'South', 'Center', 100, 780, NULL, NULL, NULL),
('st-162', 'Straight', 'South', 'Center', 100, 820, NULL, NULL, NULL),
('st-163', 'Straight', 'West', 'Center', 180, 820, NULL, NULL, NULL),
('ct-47', 'Curved', 'East', 'Center', 140, 740, NULL, NULL, NULL),
('st-164', 'Straight', 'East', 'Center', 180, 740, NULL, NULL, NULL),
('st-165', 'Straight', 'East', 'Center', 140, 860, NULL, NULL, NULL),
('st-166', 'Straight', 'East', 'Center', 180, 860, NULL, NULL, NULL),
('st-167', 'Straight', 'East', 'Center', 700, 820, NULL, NULL, NULL),
('st-168', 'Straight', 'East', 'Center', 740, 820, NULL, NULL, NULL),
('st-169', 'Straight', 'East', 'Center', 780, 820, NULL, NULL, NULL),
('st-170', 'Straight', 'East', 'Center', 820, 820, NULL, NULL, NULL),
('st-171', 'Straight', 'East', 'Center', 860, 820, NULL, NULL, NULL),
('st-172', 'Straight', 'East', 'Center', 900, 820, NULL, NULL, NULL),
('st-173', 'Straight', 'East', 'Center', 700, 860, NULL, NULL, NULL),
('st-174', 'Straight', 'East', 'Center', 740, 860, NULL, NULL, NULL),
('st-175', 'Straight', 'East', 'Center', 780, 860, NULL, NULL, NULL),
('st-176', 'Straight', 'East', 'Center', 820, 860, NULL, NULL, NULL),
('st-177', 'Straight', 'East', 'Center', 860, 860, NULL, NULL, NULL),
('st-178', 'Straight', 'East', 'Center', 900, 860, NULL, NULL, NULL),
('st-179', 'Straight', 'East', 'Center', 940, 860, NULL, NULL, NULL),
('st-180', 'Straight', 'South', 'Center', 980, 820, NULL, NULL, NULL),
('st-181', 'Straight', 'South', 'Center', 980, 780, NULL, NULL, NULL),
('sd-14', 'StraightDirection', 'West', 'Center', 220, 60, NULL, NULL, NULL),
('sd-15', 'StraightDirection', 'East', 'Center', 620, 860, NULL, NULL, NULL),
('sd-16', 'StraightDirection', 'West', 'Center', 580, 820, NULL, NULL, NULL);       
CREATE UNIQUE NULLS DISTINCT INDEX "jcs"."tile_pk_idx" ON "jcs"."tiles"("id" NULLS FIRST);     
CREATE UNIQUE NULLS DISTINCT INDEX "jcs"."tile_x_y_un_idx" ON "jcs"."tiles"("x" NULLS FIRST, "y" NULLS FIRST); 
CREATE CACHED TABLE "jcs"."accessories"(
    "id" CHARACTER VARYING(255) NOT NULL,
    "address" INTEGER NOT NULL,
    "name" CHARACTER VARYING(255) NOT NULL,
    "type" CHARACTER VARYING(255) NOT NULL,
    "state" INTEGER,
    "states" INTEGER,
    "switch_time" INTEGER,
    "protocol" CHARACTER VARYING(255),
    "decoder" CHARACTER VARYING(255),
    "accessory_group" CHARACTER VARYING(255),
    "icon" CHARACTER VARYING(255),
    "icon_file" CHARACTER VARYING(255),
    "imported" CHARACTER VARYING(255),
    "command_station_id" CHARACTER VARYING(255) NOT NULL,
    "synchronize" BOOLEAN DEFAULT FALSE NOT NULL
);    
ALTER TABLE "jcs"."accessories" ADD CONSTRAINT "jcs"."acce_pk" PRIMARY KEY("id");              
-- 35 +/- SELECT COUNT(*) FROM jcs.accessories;
INSERT INTO "jcs"."accessories" VALUES
('0', 1, 'W 1R', 'rechtsweiche', 1, 2, 100, 'mm', 'ein_alt', 'weichen', '005', 'magicon_a_005_01.svg', NULL, 'marklin.cs', FALSE),
('2', 2, 'W 2R', 'rechtsweiche', 1, 2, 100, 'mm', 'ein_alt', 'weichen', '005', 'magicon_a_005_00.svg', NULL, 'marklin.cs', FALSE),
('4', 3, 'W 3R', 'rechtsweiche', 1, 2, 100, 'mm', 'ein_alt', 'weichen', '005', 'magicon_a_005_00.svg', NULL, 'marklin.cs', FALSE),
('6', 4, 'W 4R', 'rechtsweiche', 0, 2, 100, 'mm', 'ein_alt', 'weichen', '005', 'magicon_a_005_00.svg', 'CS', 'marklin.cs', TRUE),
('8', 5, 'W 5R', 'rechtsweiche', 0, 2, 100, 'mm', 'ein_alt', 'weichen', '005', 'magicon_a_005_00.svg', NULL, 'marklin.cs', FALSE),
('10', 6, 'W 6R', 'rechtsweiche', 1, 2, 100, 'mm', 'ein_alt', 'weichen', '005', 'magicon_a_005_00.svg', NULL, 'marklin.cs', FALSE),
('12', 7, 'W 7R', 'rechtsweiche', 1, 2, 100, 'mm', 'ein_alt', 'weichen', '005', 'magicon_a_005_00.svg', NULL, 'marklin.cs', FALSE),
('14', 8, 'W 8L', 'linksweiche', 1, 2, 100, 'mm', 'ein_alt', 'weichen', '006', 'magicon_a_006_00.svg', NULL, 'marklin.cs', FALSE),
('16', 9, 'W 9L', 'linksweiche', 0, 2, 100, 'mm', 'ein_alt', 'weichen', '006', 'magicon_a_006_00.svg', NULL, 'marklin.cs', FALSE),
('18', 10, 'W 10L', 'linksweiche', 0, 2, 100, 'mm', 'ein_alt', 'weichen', '006', 'magicon_a_006_00.svg', 'CS', 'marklin.cs', TRUE),
('20', 11, 'W 11L', 'linksweiche', 0, 2, 100, 'mm', 'ein_alt', 'weichen', '006', 'magicon_a_006_00.svg', NULL, 'marklin.cs', FALSE),
('22', 12, 'W 12L', 'linksweiche', 0, 2, 100, 'mm', 'ein_alt', 'weichen', '006', 'magicon_a_006_00.svg', 'CS', 'marklin.cs', TRUE),
('24', 13, 'W 13L', 'linksweiche', 0, 2, 100, 'mm', 'ein_alt', 'weichen', '006', 'magicon_a_006_00.svg', NULL, 'marklin.cs', FALSE),
('26', 14, 'W 14L', 'linksweiche', 0, 2, 100, 'mm', 'ein_alt', 'weichen', '006', 'magicon_a_006_00.svg', 'CS', 'marklin.cs', TRUE),
('28', 15, 'W 15L', 'rechtsweiche', 0, 2, 100, 'mm', 'ein_alt', 'weichen', '005', 'magicon_a_005_00.svg', NULL, 'marklin.cs', FALSE),
('30', 16, 'S 16', 'lichtsignal_HP01', 0, 2, 100, 'mm', 'ein_alt', 'lichtsignale', '015', 'magicon_a_015_00.svg', NULL, 'marklin.cs', FALSE),
('36', 19, 'S 19', 'lichtsignal_HP01', 0, 2, 200, 'mm', 'ein_alt', 'lichtsignale', '015', 'magicon_a_015_00.svg', 'CS', 'marklin.cs', TRUE),
('38', 20, 'S 20', 'lichtsignal_HP01', 0, 2, 200, 'mm', 'ein_alt', 'lichtsignale', '015', 'magicon_a_015_00.svg', 'CS', 'marklin.cs', TRUE),
('40', 21, 'S 21', 'lichtsignal_SH01', 0, 2, 200, 'mm', 'ein_alt', 'lichtsignale', '019', 'magicon_a_019_00.svg', 'CS', 'marklin.cs', TRUE),
('42', 22, 'S 22', 'lichtsignal_SH01', 0, 2, 200, 'mm', 'ein_alt', 'lichtsignale', '019', 'magicon_a_019_00.svg', 'CS', 'marklin.cs', TRUE),
('44', 23, 'S 23', 'lichtsignal_SH01', 0, 2, 200, 'mm', 'ein_alt', 'lichtsignale', '019', 'magicon_a_019_00.svg', 'CS', 'marklin.cs', TRUE),
('46', 24, 'S 24', 'lichtsignal_SH01', 0, 2, 200, 'mm', 'ein_alt', 'lichtsignale', '019', 'magicon_a_019_00.svg', 'CS', 'marklin.cs', TRUE),
('48', 25, 'S 25/26', 'urc_lichtsignal_HP012_SH01', 0, 4, 200, 'mm', 'ein_alt', 'lichtsignale', '027', 'magicon_a_027_00.svg', 'CS', 'marklin.cs', TRUE),
('52', 27, 'S 27/28', 'urc_lichtsignal_HP012_SH01', 0, 4, 200, 'mm', 'ein_alt', 'lichtsignale', '027', 'magicon_a_027_00.svg', 'CS', 'marklin.cs', TRUE),
('56', 29, 'S 29/30', 'urc_lichtsignal_HP012_SH01', 0, 4, 200, 'mm', 'ein_alt', 'lichtsignale', '027', 'magicon_a_027_00.svg', 'CS', 'marklin.cs', TRUE),
('60', 31, 'S 31/32', 'urc_lichtsignal_HP012_SH01', 0, 4, 200, 'mm', 'ein_alt', 'lichtsignale', '027', 'magicon_a_027_00.svg', 'CS', 'marklin.cs', TRUE),
('64', 33, 'S 33', 'lichtsignal_HP01', 1, 2, 200, 'mm', 'ein_alt', 'lichtsignale', '015', 'magicon_a_015_01.svg', 'CS', 'marklin.cs', TRUE),
('68', 35, 'S 35', 'lichtsignal_HP01', 0, 2, 200, 'mm', 'ein_alt', 'lichtsignale', '015', 'magicon_a_015_00.svg', 'CS', 'marklin.cs', TRUE),
('70', 36, 'S 36', 'lichtsignal_HP01', 0, 2, 200, 'mm', 'ein_alt', 'lichtsignale', '015', 'magicon_a_015_00.svg', 'CS', 'marklin.cs', TRUE),
('80', 41, 'S 41', 'urc_lichtsignal_HP012', 0, 3, 200, 'mm', 'ein_alt', 'lichtsignale', '026', 'magicon_a_026_00.svg', 'CS', 'marklin.cs', TRUE);    
INSERT INTO "jcs"."accessories" VALUES
('84', 43, 'S 43', 'lichtsignal_HP01', 0, 2, 200, 'mm', 'ein_alt', 'lichtsignale', '015', 'magicon_a_015_00.svg', 'CS', 'marklin.cs', TRUE),
('92', 47, 'S 47', 'lichtsignal_HP01', 0, 2, 200, 'mm', 'ein_alt', 'lichtsignale', '015', 'magicon_a_015_00.svg', 'CS', 'marklin.cs', TRUE),
('96', 49, 'S 49', 'urc_lichtsignal_HP012', 0, 3, 200, 'mm', 'ein_alt', 'lichtsignale', '026', 'magicon_a_026_00.svg', 'CS', 'marklin.cs', TRUE),
('100', 51, 'S 51', 'lichtsignal_HP01', 0, 2, 200, 'mm', 'ein_alt', 'lichtsignale', '015', 'magicon_a_015_00.svg', 'CS', 'marklin.cs', TRUE),
('104', 53, 'S 53', 'lichtsignal_HP01', 0, 2, 200, 'mm', 'ein_alt', 'lichtsignale', '015', 'magicon_a_015_00.svg', 'CS', 'marklin.cs', TRUE); 
CREATE UNIQUE NULLS DISTINCT INDEX "jcs"."acce_address_un_idx" ON "jcs"."accessories"("address" NULLS FIRST, "protocol" NULLS FIRST, "command_station_id" NULLS FIRST);        
CREATE UNIQUE NULLS DISTINCT INDEX "jcs"."acce_pk_idx" ON "jcs"."accessories"("id" NULLS FIRST);               
CREATE CACHED TABLE "jcs"."blocks"(
    "id" CHARACTER VARYING(255) NOT NULL,
    "tile_id" CHARACTER VARYING(255) NOT NULL,
    "description" CHARACTER VARYING(255),
    "plus_sensor_id" INTEGER,
    "min_sensor_id" INTEGER,
    "plus_signal_id" CHARACTER VARYING(255),
    "min_signal_id" CHARACTER VARYING(255),
    "locomotive_id" BIGINT,
    "reverse_arrival_side" BOOLEAN DEFAULT FALSE NOT NULL,
    "status" CHARACTER VARYING(255),
    "incoming_suffix" CHARACTER VARYING(255),
    "min_wait_time" INTEGER DEFAULT 10 NOT NULL,
    "max_wait_time" INTEGER,
    "random_wait" BOOLEAN DEFAULT FALSE NOT NULL,
    "always_stop" BOOLEAN DEFAULT FALSE NOT NULL,
    "allow_commuter_only" BOOLEAN DEFAULT FALSE NOT NULL,
    "logical_direction" CHARACTER VARYING(255)
);             
ALTER TABLE "jcs"."blocks" ADD CONSTRAINT "jcs"."bloc_pk" PRIMARY KEY("id");   
-- 19 +/- SELECT COUNT(*) FROM jcs.blocks;     
INSERT INTO "jcs"."blocks" VALUES
('bk-1', 'bk-1', 'blok 1', 2003, 2004, NULL, NULL, NULL, FALSE, 'Free', NULL, 10, NULL, FALSE, TRUE, FALSE, NULL),
('bk-2', 'bk-2', 'blok 2', 2017, 1032, NULL, NULL, NULL, FALSE, 'Free', NULL, 10, NULL, FALSE, TRUE, FALSE, NULL),
('bk-3', 'bk-3', 'blok 3', 1018, 2018, NULL, NULL, NULL, FALSE, 'Free', NULL, 10, NULL, FALSE, TRUE, FALSE, NULL),
('bk-4', 'bk-4', 'blok 4', 2020, 2023, NULL, NULL, NULL, FALSE, 'Free', NULL, 10, NULL, FALSE, TRUE, FALSE, NULL),
('bk-5', 'bk-5', 'wpk-s5b', 2005, 2024, NULL, NULL, NULL, FALSE, 'Free', NULL, 10, NULL, FALSE, TRUE, FALSE, NULL),
('bk-6', 'bk-6', 'wpk-s5a', 2007, 2025, NULL, NULL, NULL, FALSE, 'Free', NULL, 10, NULL, FALSE, TRUE, FALSE, NULL),
('bk-7', 'bk-7', 'mcs-s4', 1028, 1022, NULL, NULL, NULL, TRUE, 'Free', NULL, 10, NULL, FALSE, TRUE, FALSE, NULL),
('bk-8', 'bk-8', 'msc-s3', 1027, 1020, NULL, NULL, NULL, FALSE, 'Free', NULL, 10, NULL, FALSE, TRUE, FALSE, NULL),
('bk-9', 'bk-9', 'blok 9', 1005, 1002, NULL, NULL, NULL, FALSE, 'Free', NULL, 10, NULL, FALSE, TRUE, FALSE, NULL),
('bk-10', 'bk-10', 'mcs-s2', 1030, 1024, NULL, NULL, NULL, FALSE, 'Free', NULL, 10, NULL, FALSE, TRUE, FALSE, NULL),
('bk-11', 'bk-11', 'mcs-s1', 1031, 1026, NULL, NULL, NULL, FALSE, 'Free', NULL, 10, NULL, FALSE, TRUE, FALSE, NULL),
('bk-12', 'bk-12', 'blok 12', 2021, 2019, NULL, NULL, NULL, FALSE, 'Free', NULL, 10, NULL, FALSE, TRUE, FALSE, NULL),
('bk-13', 'bk-13', 'stw-s1', 1015, 1014, NULL, NULL, NULL, FALSE, 'Free', NULL, 10, NULL, FALSE, TRUE, FALSE, NULL),
('bk-14', 'bk-14', 'schaduw-s4', 2028, 1013, NULL, NULL, NULL, FALSE, 'Free', NULL, 10, NULL, FALSE, TRUE, FALSE, NULL),
('bk-15', 'bk-15', 'schaduw-s3', 2027, 1012, NULL, NULL, NULL, FALSE, 'Free', NULL, 10, NULL, FALSE, TRUE, FALSE, NULL),
('bk-16', 'bk-16', 'schaduw-s2', 1010, 2026, NULL, NULL, NULL, FALSE, 'Free', NULL, 10, NULL, FALSE, TRUE, FALSE, NULL),
('bk-17', 'bk-17', 'schaduw-s1', 1009, 1008, NULL, NULL, NULL, FALSE, 'Free', NULL, 10, NULL, FALSE, TRUE, FALSE, NULL),
('bk-18', 'bk-18', 'blok 18', 1004, 1001, NULL, NULL, NULL, FALSE, 'Free', NULL, 10, NULL, FALSE, TRUE, FALSE, NULL),
('bk-19', 'bk-19', 'blok 19', 1006, 1007, NULL, NULL, NULL, FALSE, 'Free', NULL, 10, NULL, FALSE, TRUE, FALSE, NULL);             
CREATE UNIQUE NULLS DISTINCT INDEX "jcs"."bloc_pk_idx" ON "jcs"."blocks"("id" NULLS FIRST);    
CREATE UNIQUE NULLS DISTINCT INDEX "jcs"."bloc_tile_idx" ON "jcs"."blocks"("tile_id" NULLS FIRST);             
CREATE CACHED TABLE "jcs"."sensors"(
    "id" INTEGER NOT NULL,
    "name" CHARACTER VARYING(255) NOT NULL,
    "device_id" INTEGER,
    "contact_id" INTEGER,
    "status" INTEGER,
    "previous_status" INTEGER,
    "millis" INTEGER,
    "last_updated" DATE,
    "node_id" INTEGER,
    "bus_nr" INTEGER DEFAULT 0 NOT NULL,
    "command_station_id" CHARACTER VARYING(255) NOT NULL
); 
ALTER TABLE "jcs"."sensors" ADD CONSTRAINT "jcs"."sens_pk" PRIMARY KEY("id");  
-- 96 +/- SELECT COUNT(*) FROM jcs.sensors;    
INSERT INTO "jcs"."sensors" VALUES
(1, 'B0-M01-C01', 1, 1, 0, 0, NULL, NULL, 65, 0, 'marklin.cs'),
(2, 'B0-M01-C02', 1, 2, 0, 0, NULL, NULL, 65, 0, 'marklin.cs'),
(3, 'B0-M01-C03', 1, 3, 0, 0, NULL, NULL, 65, 0, 'marklin.cs'),
(4, 'B0-M01-C04', 1, 4, 0, 0, NULL, NULL, 65, 0, 'marklin.cs'),
(5, 'B0-M01-C05', 1, 5, 0, 0, NULL, NULL, 65, 0, 'marklin.cs'),
(6, 'B0-M01-C06', 1, 6, 0, 0, NULL, NULL, 65, 0, 'marklin.cs'),
(7, 'B0-M01-C07', 1, 7, 0, 0, NULL, NULL, 65, 0, 'marklin.cs'),
(8, 'B0-M01-C08', 1, 8, 0, 0, NULL, NULL, 65, 0, 'marklin.cs'),
(9, 'B0-M01-C09', 1, 9, 0, 0, NULL, NULL, 65, 0, 'marklin.cs'),
(10, 'B0-M01-C10', 1, 10, 0, 0, NULL, NULL, 65, 0, 'marklin.cs'),
(11, 'B0-M01-C11', 1, 11, 0, 0, NULL, NULL, 65, 0, 'marklin.cs'),
(12, 'B0-M01-C12', 1, 12, 0, 0, NULL, NULL, 65, 0, 'marklin.cs'),
(13, 'B0-M01-C13', 1, 13, 0, 0, NULL, NULL, 65, 0, 'marklin.cs'),
(14, 'B0-M01-C14', 1, 14, 0, 0, NULL, NULL, 65, 0, 'marklin.cs'),
(15, 'B0-M01-C15', 1, 15, 0, 0, NULL, NULL, 65, 0, 'marklin.cs'),
(16, 'B0-M01-C16', 1, 16, 0, 0, NULL, NULL, 65, 0, 'marklin.cs'),
(1001, 'B1-M01-C01', NULL, NULL, 0, 0, 400, DATE '2025-08-02', 65, 1, 'marklin.cs'),
(1002, 'B1-M01-C02', NULL, NULL, 0, 0, 600, DATE '2025-08-02', 65, 1, 'marklin.cs'),
(1003, 'B1-M01-C03', NULL, NULL, 0, 0, 300, DATE '2025-08-02', 65, 1, 'marklin.cs'),
(1004, 'B1-M01-C04', NULL, NULL, 0, 0, 200, DATE '2025-08-02', 65, 1, 'marklin.cs'),
(1005, 'B1-M01-C05', NULL, NULL, 0, 0, 1900, DATE '2025-08-02', 65, 1, 'marklin.cs'),
(1006, 'B1-M01-C06', NULL, NULL, 0, 0, 900, DATE '2025-08-02', 65, 1, 'marklin.cs'),
(1007, 'B1-M01-C07', NULL, NULL, 0, 0, 900, DATE '2025-08-02', 65, 1, 'marklin.cs'),
(1008, 'B1-M01-C08', NULL, NULL, 0, 0, 400, DATE '2025-08-02', 65, 1, 'marklin.cs'),
(1009, 'B1-M01-C09', NULL, NULL, 0, 0, 3800, DATE '2025-08-02', 65, 1, 'marklin.cs'),
(1010, 'B1-M01-C10', NULL, NULL, 0, 0, 3800, DATE '2025-08-02', 65, 1, 'marklin.cs'),
(1011, 'B1-M01-C11', NULL, NULL, 0, 0, 300, DATE '2025-08-02', 65, 1, 'marklin.cs'),
(1012, 'B1-M01-C12', NULL, NULL, 0, 0, 300, DATE '2025-08-02', 65, 1, 'marklin.cs'),
(1013, 'B1-M01-C13', NULL, NULL, 0, 0, 300, DATE '2025-08-02', 65, 1, 'marklin.cs'),
(1014, 'B1-M01-C14', 1, 14, 0, 0, NULL, NULL, 65, 1, 'marklin.cs'),
(1015, 'B1-M01-C15', 1, 15, 0, 0, NULL, NULL, 65, 1, 'marklin.cs'),
(1016, 'B1-M01-C16', NULL, NULL, 0, 0, 400, DATE '2025-08-02', 65, 1, 'marklin.cs'),
(1017, 'B1-M02-C01', NULL, NULL, 0, 0, 400, DATE '2025-08-02', 65, 1, 'marklin.cs'),
(1018, 'B1-M02-C02', NULL, NULL, 0, 0, 1600, DATE '2025-08-02', 65, 1, 'marklin.cs'),
(1019, 'B1-M02-C03', NULL, NULL, 0, 0, 3500, DATE '2025-08-02', 65, 1, 'marklin.cs'),
(1020, 'B1-M02-C04', NULL, NULL, 0, 0, 3600, DATE '2025-08-02', 65, 1, 'marklin.cs'),
(1021, 'B1-M02-C05', NULL, NULL, 0, 0, 3000, DATE '2025-08-02', 65, 1, 'marklin.cs'),
(1022, 'B1-M02-C06', NULL, NULL, 0, 0, 4200, DATE '2025-08-02', 65, 1, 'marklin.cs'),
(1023, 'B1-M02-C07', 2, 7, 0, 0, NULL, NULL, 65, 1, 'marklin.cs'),
(1024, 'B1-M02-C08', 2, 8, 0, 0, NULL, NULL, 65, 1, 'marklin.cs'),
(1025, 'B1-M02-C09', NULL, NULL, 0, 0, 3700, DATE '2025-08-02', 65, 1, 'marklin.cs'),
(1026, 'B1-M02-C10', NULL, NULL, 0, 0, 4700, DATE '2025-08-02', 65, 1, 'marklin.cs'),
(1027, 'B1-M02-C11', NULL, NULL, 1, 1, 57600, DATE '2025-08-02', 65, 1, 'marklin.cs'),
(1028, 'B1-M02-C12', NULL, NULL, 0, 0, 1200, DATE '2025-08-02', 65, 1, 'marklin.cs'),
(1029, 'B1-M02-C13', NULL, NULL, 0, 0, 300, DATE '2025-08-02', 65, 1, 'marklin.cs'),
(1030, 'B1-M02-C14', 2, 14, 0, 0, NULL, NULL, 65, 1, 'marklin.cs'),
(1031, 'B1-M02-C15', NULL, NULL, 0, 0, 1200, DATE '2025-08-02', 65, 1, 'marklin.cs'),
(1032, 'B1-M02-C16', NULL, NULL, 0, 0, 600, DATE '2025-08-02', 65, 1, 'marklin.cs'),
(2001, 'B2-M01-C01', 1, 1, 0, 0, NULL, NULL, 65, 2, 'marklin.cs'),
(2002, 'B2-M01-C02', NULL, NULL, 0, 0, 600, DATE '2025-08-02', 65, 2, 'marklin.cs'),
(2003, 'B2-M01-C03', 1, 3, 0, 0, NULL, NULL, 65, 2, 'marklin.cs'),
(2004, 'B2-M01-C04', 1, 4, 0, 0, NULL, NULL, 65, 2, 'marklin.cs'),
(2005, 'B2-M01-C05', 1, 5, 0, 0, NULL, NULL, 65, 2, 'marklin.cs'),
(2006, 'B2-M01-C06', 1, 6, 0, 0, NULL, NULL, 65, 2, 'marklin.cs');    
INSERT INTO "jcs"."sensors" VALUES
(2007, 'B2-M01-C07', 1, 7, 0, 0, NULL, NULL, 65, 2, 'marklin.cs'),
(2008, 'B2-M01-C08', 1, 8, 0, 0, NULL, NULL, 65, 2, 'marklin.cs'),
(2009, 'B2-M01-C09', 1, 9, 0, 0, NULL, NULL, 65, 2, 'marklin.cs'),
(2010, 'B2-M01-C10', 1, 10, 0, 0, NULL, NULL, 65, 2, 'marklin.cs'),
(2011, 'B2-M01-C11', 1, 11, 0, 0, NULL, NULL, 65, 2, 'marklin.cs'),
(2012, 'B2-M01-C12', 1, 12, 0, 0, NULL, NULL, 65, 2, 'marklin.cs'),
(2013, 'B2-M01-C13', 1, 13, 0, 0, NULL, NULL, 65, 2, 'marklin.cs'),
(2014, 'B2-M01-C14', 1, 14, 0, 0, NULL, NULL, 65, 2, 'marklin.cs'),
(2015, 'B2-M01-C15', 1, 15, 0, 0, NULL, NULL, 65, 2, 'marklin.cs'),
(2016, 'B2-M01-C16', 1, 16, 0, 0, NULL, NULL, 65, 2, 'marklin.cs'),
(2017, 'B2-M02-C01', NULL, NULL, 0, 0, 500, DATE '2025-08-02', 65, 2, 'marklin.cs'),
(2018, 'B2-M02-C02', NULL, NULL, 0, 0, 300, DATE '2025-08-02', 65, 2, 'marklin.cs'),
(2019, 'B2-M02-C03', NULL, NULL, 0, 0, 500, DATE '2025-08-02', 65, 2, 'marklin.cs'),
(2020, 'B2-M02-C04', NULL, NULL, 0, 0, 1100, DATE '2025-08-02', 65, 2, 'marklin.cs'),
(2021, 'B2-M02-C05', NULL, NULL, 0, 0, 1800, DATE '2025-08-02', 65, 2, 'marklin.cs'),
(2022, 'B2-M02-C06', NULL, NULL, 0, 0, 400, DATE '2025-08-02', 65, 2, 'marklin.cs'),
(2023, 'B2-M02-C07', NULL, NULL, 0, 0, 900, DATE '2025-08-02', 65, 2, 'marklin.cs'),
(2024, 'B2-M02-C08', 2, 8, 0, 0, NULL, NULL, 65, 2, 'marklin.cs'),
(2025, 'B2-M02-C09', 2, 9, 0, 0, NULL, NULL, 65, 2, 'marklin.cs'),
(2026, 'B2-M02-C10', NULL, NULL, 0, 0, 500, DATE '2025-08-02', 65, 2, 'marklin.cs'),
(2027, 'B2-M02-C11', NULL, NULL, 0, 0, 2500, DATE '2025-08-02', 65, 2, 'marklin.cs'),
(2028, 'B2-M02-C12', NULL, NULL, 0, 0, 2300, DATE '2025-08-02', 65, 2, 'marklin.cs'),
(2029, 'B2-M02-C13', NULL, NULL, 0, 0, 400, DATE '2025-08-02', 65, 2, 'marklin.cs'),
(2030, 'B2-M02-C14', NULL, NULL, 0, 0, 300, DATE '2025-08-02', 65, 2, 'marklin.cs'),
(2031, 'B2-M02-C15', NULL, NULL, 0, 0, 1000, DATE '2025-08-02', 65, 2, 'marklin.cs'),
(2032, 'B2-M02-C16', NULL, NULL, 0, 0, 1000, DATE '2025-08-02', 65, 2, 'marklin.cs'),
(3001, 'B3-M01-C01', 1, 1, 0, 0, NULL, NULL, 65, 3, 'marklin.cs'),
(3002, 'B3-M01-C02', 1, 2, 0, 0, NULL, NULL, 65, 3, 'marklin.cs'),
(3003, 'B3-M01-C03', 1, 3, 0, 0, NULL, NULL, 65, 3, 'marklin.cs'),
(3004, 'B3-M01-C04', 1, 4, 0, 0, NULL, NULL, 65, 3, 'marklin.cs'),
(3005, 'B3-M01-C05', 1, 5, 0, 0, NULL, NULL, 65, 3, 'marklin.cs'),
(3006, 'B3-M01-C06', 1, 6, 0, 0, NULL, NULL, 65, 3, 'marklin.cs'),
(3007, 'B3-M01-C07', 1, 7, 0, 0, NULL, NULL, 65, 3, 'marklin.cs'),
(3008, 'B3-M01-C08', 1, 8, 0, 0, NULL, NULL, 65, 3, 'marklin.cs'),
(3009, 'B3-M01-C09', 1, 9, 0, 0, NULL, NULL, 65, 3, 'marklin.cs'),
(3010, 'B3-M01-C10', 1, 10, 0, 0, NULL, NULL, 65, 3, 'marklin.cs'),
(3011, 'B3-M01-C11', 1, 11, 0, 0, NULL, NULL, 65, 3, 'marklin.cs'),
(3012, 'B3-M01-C12', 1, 12, 0, 0, NULL, NULL, 65, 3, 'marklin.cs'),
(3013, 'B3-M01-C13', 1, 13, 0, 0, NULL, NULL, 65, 3, 'marklin.cs'),
(3014, 'B3-M01-C14', 1, 14, 0, 0, NULL, NULL, 65, 3, 'marklin.cs'),
(3015, 'B3-M01-C15', 1, 15, 0, 0, NULL, NULL, 65, 3, 'marklin.cs'),
(3016, 'B3-M01-C16', 1, 16, 0, 0, NULL, NULL, 65, 3, 'marklin.cs');               
CREATE UNIQUE NULLS DISTINCT INDEX "jcs"."sens_pk_idx" ON "jcs"."sensors"("id" NULLS FIRST);   
CREATE CACHED TABLE "jcs"."locomotive_functions"(
    "id" BIGINT GENERATED BY DEFAULT AS IDENTITY(START WITH 1 RESTART WITH 1045) SELECTIVITY 100 NOT NULL,
    "locomotive_id" BIGINT SELECTIVITY 5 NOT NULL,
    "f_number" INTEGER SELECTIVITY 3 NOT NULL,
    "f_type" INTEGER SELECTIVITY 10 NOT NULL,
    "f_value" INTEGER SELECTIVITY 1,
    "f_icon" CHARACTER VARYING(255) SELECTIVITY 13,
    "momentary" BOOLEAN DEFAULT FALSE SELECTIVITY 1 NOT NULL
);          
ALTER TABLE "jcs"."locomotive_functions" ADD CONSTRAINT "jcs"."lofu_pk" PRIMARY KEY("id");     
-- 1044 +/- SELECT COUNT(*) FROM jcs.locomotive_functions;     
INSERT INTO "jcs"."locomotive_functions" VALUES
(1, 1000, 0, 3, 0, '3', FALSE),
(2, 1000, 1, 3847, 0, '3847', TRUE),
(3, 1000, 2, 8, 0, '8', FALSE),
(4, 1000, 3, 37, 0, '37', FALSE),
(5, 1000, 4, 11, 0, '11', FALSE),
(6, 1000, 5, 263, 0, '263', FALSE),
(7, 1000, 6, 16387, 0, '16387', FALSE),
(8, 1000, 7, 37, 0, '37', FALSE),
(9, 1000, 8, 32771, 0, '32771', FALSE),
(10, 1000, 9, 1287, 0, '1287', TRUE),
(11, 1000, 10, 1287, 0, '1287', TRUE),
(12, 1000, 11, 40, 0, '40', FALSE),
(13, 1000, 12, 2055, 0, '2055', FALSE),
(14, 1000, 13, 809, 0, '809', FALSE),
(15, 1000, 14, 7, 0, '7', TRUE),
(16, 1000, 15, 37, 0, '37', TRUE),
(17, 1000, 16, 0, 0, '0', FALSE),
(18, 1000, 17, 0, 0, '0', FALSE),
(19, 1000, 18, 0, 0, '0', FALSE),
(20, 1000, 19, 0, 0, '0', FALSE),
(21, 1000, 20, 0, 0, '0', FALSE),
(22, 1000, 21, 0, 0, '0', FALSE),
(23, 1000, 22, 0, 0, '0', FALSE),
(24, 1000, 23, 0, 0, '0', FALSE),
(25, 1000, 24, 0, 0, '0', FALSE),
(26, 1000, 25, 0, 0, '0', FALSE),
(27, 1000, 26, 0, 0, '0', FALSE),
(28, 1000, 27, 0, 0, '0', FALSE),
(29, 1000, 28, 0, 0, '0', FALSE),
(30, 1000, 29, 0, 0, '0', FALSE),
(31, 1000, 30, 0, 0, '0', FALSE),
(32, 1001, 0, 3, 0, '3', FALSE),
(33, 1001, 1, 7, 0, '7', FALSE),
(34, 1001, 2, 37, 0, '37', TRUE),
(35, 1001, 3, 37, 0, '37', TRUE),
(36, 1001, 4, 34, 0, '34', FALSE),
(37, 1001, 5, 260, 0, '260', FALSE),
(38, 1001, 6, 10, 0, '10', FALSE),
(39, 1001, 7, 4, 0, '4', FALSE),
(40, 1001, 8, 5, 0, '5', FALSE),
(41, 1001, 9, 3, 0, '3', FALSE),
(42, 1001, 10, 7, 0, '7', FALSE),
(43, 1001, 11, 1287, 0, '1287', FALSE),
(44, 1001, 12, 12039, 0, '12039', FALSE),
(45, 1001, 13, 2055, 0, '2055', TRUE),
(46, 1001, 14, 9, 0, '9', TRUE),
(47, 1001, 15, 40, 0, '40', FALSE),
(48, 1001, 16, 39, 0, '39', FALSE),
(49, 1001, 17, 12039, 0, '12039', FALSE),
(50, 1001, 18, 9, 0, '9', TRUE),
(51, 1001, 19, 11527, 0, '11527', TRUE),
(52, 1001, 20, 11015, 0, '11015', FALSE),
(53, 1001, 21, 8, 0, '8', TRUE),
(54, 1001, 22, 9, 0, '9', TRUE),
(55, 1001, 23, 1033, 0, '1033', TRUE),
(56, 1001, 24, 809, 0, '809', FALSE),
(57, 1001, 25, 11783, 0, '11783', TRUE),
(58, 1001, 26, 300, 0, '300', FALSE),
(59, 1001, 27, 263, 0, '263', FALSE),
(60, 1001, 28, 12039, 0, '12039', FALSE),
(61, 1001, 29, 1033, 0, '1033', TRUE),
(62, 1001, 30, 1033, 0, '1033', TRUE),
(63, 1002, 0, 3, 0, '3', FALSE),
(64, 1002, 1, 0, 0, '0', FALSE),
(65, 1002, 2, 0, 0, '0', FALSE),
(66, 1002, 3, 10, 0, '10', FALSE),
(67, 1002, 4, 11, 0, '11', FALSE),
(68, 1002, 5, 0, 0, '0', FALSE),
(69, 1002, 6, 0, 0, '0', FALSE),
(70, 1002, 7, 0, 0, '0', FALSE),
(71, 1002, 8, 0, 0, '0', FALSE),
(72, 1002, 9, 0, 0, '0', FALSE),
(73, 1002, 10, 0, 0, '0', FALSE),
(74, 1002, 11, 0, 0, '0', FALSE),
(75, 1002, 12, 0, 0, '0', FALSE),
(76, 1002, 13, 0, 0, '0', FALSE),
(77, 1002, 14, 0, 0, '0', FALSE),
(78, 1002, 15, 0, 0, '0', FALSE),
(79, 1002, 16, 0, 0, '0', FALSE),
(80, 1002, 17, 0, 0, '0', FALSE),
(81, 1002, 18, 0, 0, '0', FALSE),
(82, 1002, 19, 0, 0, '0', FALSE),
(83, 1002, 20, 0, 0, '0', FALSE),
(84, 1002, 21, 0, 0, '0', FALSE),
(85, 1002, 22, 0, 0, '0', FALSE),
(86, 1002, 23, 0, 0, '0', FALSE),
(87, 1002, 24, 0, 0, '0', FALSE),
(88, 1002, 25, 0, 0, '0', FALSE),
(89, 1002, 26, 0, 0, '0', FALSE),
(90, 1002, 27, 0, 0, '0', FALSE),
(91, 1002, 28, 0, 0, '0', FALSE),
(92, 1002, 29, 0, 0, '0', FALSE),
(93, 1002, 30, 0, 0, '0', FALSE),
(94, 1003, 0, 3, 0, '3', FALSE),
(95, 1003, 1, 1541, 0, '1541', FALSE),
(96, 1003, 2, 1029, 0, '1029', FALSE),
(97, 1003, 3, 10, 0, '10', FALSE),
(98, 1003, 4, 11, 0, '11', FALSE),
(99, 1003, 5, 0, 0, '0', FALSE),
(100, 1003, 6, 0, 0, '0', FALSE),
(101, 1003, 7, 0, 0, '0', FALSE),
(102, 1003, 8, 0, 0, '0', FALSE),
(103, 1003, 9, 0, 0, '0', FALSE),
(104, 1003, 10, 0, 0, '0', FALSE),
(105, 1003, 11, 0, 0, '0', FALSE),
(106, 1003, 12, 0, 0, '0', FALSE),
(107, 1003, 13, 0, 0, '0', FALSE),
(108, 1003, 14, 0, 0, '0', FALSE),
(109, 1003, 15, 0, 0, '0', FALSE),
(110, 1003, 16, 0, 0, '0', FALSE),
(111, 1003, 17, 0, 0, '0', FALSE),
(112, 1003, 18, 0, 0, '0', FALSE),
(113, 1003, 19, 0, 0, '0', FALSE),
(114, 1003, 20, 0, 0, '0', FALSE),
(115, 1003, 21, 0, 0, '0', FALSE),
(116, 1003, 22, 0, 0, '0', FALSE); 
INSERT INTO "jcs"."locomotive_functions" VALUES
(117, 1003, 23, 0, 0, '0', FALSE),
(118, 1003, 24, 0, 0, '0', FALSE),
(119, 1003, 25, 0, 0, '0', FALSE),
(120, 1003, 26, 0, 0, '0', FALSE),
(121, 1003, 27, 0, 0, '0', FALSE),
(122, 1003, 28, 0, 0, '0', FALSE),
(123, 1003, 29, 0, 0, '0', FALSE),
(124, 1003, 30, 0, 0, '0', FALSE),
(125, 1004, 0, 3, 0, '3', FALSE),
(126, 1004, 1, 1029, 0, '1029', FALSE),
(127, 1004, 2, 1541, 0, '1541', FALSE),
(128, 1004, 3, 10, 0, '10', FALSE),
(129, 1004, 4, 11, 0, '11', FALSE),
(130, 1004, 5, 32771, 0, '32771', FALSE),
(131, 1004, 6, 16387, 0, '16387', FALSE),
(132, 1004, 7, 0, 0, '0', FALSE),
(133, 1004, 8, 0, 0, '0', FALSE),
(134, 1004, 9, 0, 0, '0', FALSE),
(135, 1004, 10, 0, 0, '0', FALSE),
(136, 1004, 11, 0, 0, '0', FALSE),
(137, 1004, 12, 0, 0, '0', FALSE),
(138, 1004, 13, 0, 0, '0', FALSE),
(139, 1004, 14, 0, 0, '0', FALSE),
(140, 1004, 15, 0, 0, '0', FALSE),
(141, 1004, 16, 0, 0, '0', FALSE),
(142, 1004, 17, 0, 0, '0', FALSE),
(143, 1004, 18, 0, 0, '0', FALSE),
(144, 1004, 19, 0, 0, '0', FALSE),
(145, 1004, 20, 0, 0, '0', FALSE),
(146, 1004, 21, 0, 0, '0', FALSE),
(147, 1004, 22, 0, 0, '0', FALSE),
(148, 1004, 23, 0, 0, '0', FALSE),
(149, 1004, 24, 0, 0, '0', FALSE),
(150, 1004, 25, 0, 0, '0', FALSE),
(151, 1004, 26, 0, 0, '0', FALSE),
(152, 1004, 27, 0, 0, '0', FALSE),
(153, 1004, 28, 0, 0, '0', FALSE),
(154, 1004, 29, 0, 0, '0', FALSE),
(155, 1004, 30, 0, 0, '0', FALSE),
(156, 1005, 0, 3, 0, '3', FALSE),
(157, 1005, 1, 0, 0, '0', FALSE),
(158, 1005, 2, 0, 0, '0', FALSE),
(159, 1005, 3, 10, 0, '10', FALSE),
(160, 1005, 4, 11, 0, '11', FALSE),
(161, 1005, 5, 0, 0, '0', FALSE),
(162, 1005, 6, 0, 0, '0', FALSE),
(163, 1005, 7, 0, 0, '0', FALSE),
(164, 1005, 8, 0, 0, '0', FALSE),
(165, 1006, 0, 3, 0, '3', FALSE),
(166, 1006, 1, 0, 0, '0', FALSE),
(167, 1006, 2, 0, 0, '0', FALSE),
(168, 1006, 3, 10, 0, '10', FALSE),
(169, 1006, 4, 11, 0, '11', FALSE),
(170, 1006, 5, 0, 0, '0', FALSE),
(171, 1006, 6, 0, 0, '0', FALSE),
(172, 1006, 7, 0, 0, '0', FALSE),
(173, 1006, 8, 0, 0, '0', FALSE),
(174, 1007, 0, 3, 0, '3', FALSE),
(175, 1007, 1, 260, 0, '260', FALSE),
(176, 1007, 2, 260, 0, '260', FALSE),
(177, 1007, 3, 10, 0, '10', FALSE),
(178, 1007, 4, 11, 0, '11', FALSE),
(179, 1007, 5, 3, 0, '3', FALSE),
(180, 1007, 6, 3, 0, '3', FALSE),
(181, 1007, 7, 1029, 0, '1029', FALSE),
(182, 1007, 8, 0, 0, '0', FALSE),
(183, 1007, 9, 0, 0, '0', FALSE),
(184, 1007, 10, 0, 0, '0', FALSE),
(185, 1007, 11, 0, 0, '0', FALSE),
(186, 1007, 12, 0, 0, '0', FALSE),
(187, 1007, 13, 0, 0, '0', FALSE),
(188, 1007, 14, 0, 0, '0', FALSE),
(189, 1007, 15, 0, 0, '0', FALSE),
(190, 1007, 16, 0, 0, '0', FALSE),
(191, 1007, 17, 0, 0, '0', FALSE),
(192, 1007, 18, 0, 0, '0', FALSE),
(193, 1007, 19, 0, 0, '0', FALSE),
(194, 1007, 20, 0, 0, '0', FALSE),
(195, 1007, 21, 0, 0, '0', FALSE),
(196, 1007, 22, 0, 0, '0', FALSE),
(197, 1007, 23, 0, 0, '0', FALSE),
(198, 1007, 24, 0, 0, '0', FALSE),
(199, 1007, 25, 0, 0, '0', FALSE),
(200, 1007, 26, 0, 0, '0', FALSE),
(201, 1007, 27, 0, 0, '0', FALSE),
(202, 1007, 28, 0, 0, '0', FALSE),
(203, 1007, 29, 0, 0, '0', FALSE),
(204, 1007, 30, 0, 0, '0', FALSE),
(205, 1008, 0, 3, 0, '3', FALSE),
(206, 1008, 1, 0, 0, '0', FALSE),
(207, 1008, 2, 0, 0, '0', FALSE),
(208, 1008, 3, 10, 0, '10', FALSE),
(209, 1008, 4, 11, 0, '11', FALSE),
(210, 1008, 5, 0, 0, '0', FALSE),
(211, 1008, 6, 0, 0, '0', FALSE),
(212, 1008, 7, 0, 0, '0', FALSE),
(213, 1008, 8, 0, 0, '0', FALSE),
(214, 1008, 9, 0, 0, '0', FALSE),
(215, 1008, 10, 0, 0, '0', FALSE),
(216, 1008, 11, 0, 0, '0', FALSE),
(217, 1008, 12, 0, 0, '0', FALSE),
(218, 1008, 13, 0, 0, '0', FALSE),
(219, 1008, 14, 0, 0, '0', FALSE),
(220, 1008, 15, 0, 0, '0', FALSE),
(221, 1008, 16, 0, 0, '0', FALSE),
(222, 1008, 17, 0, 0, '0', FALSE),
(223, 1008, 18, 0, 0, '0', FALSE),
(224, 1008, 19, 0, 0, '0', FALSE),
(225, 1008, 20, 0, 0, '0', FALSE),
(226, 1008, 21, 0, 0, '0', FALSE),
(227, 1008, 22, 0, 0, '0', FALSE),
(228, 1008, 23, 0, 0, '0', FALSE),
(229, 1008, 24, 0, 0, '0', FALSE),
(230, 1008, 25, 0, 0, '0', FALSE),
(231, 1008, 26, 0, 0, '0', FALSE),
(232, 1008, 27, 0, 0, '0', FALSE);      
INSERT INTO "jcs"."locomotive_functions" VALUES
(233, 1008, 28, 0, 0, '0', FALSE),
(234, 1008, 29, 0, 0, '0', FALSE),
(235, 1008, 30, 0, 0, '0', FALSE),
(236, 1009, 0, 3, 0, '3', FALSE),
(237, 1009, 1, 4, 0, '4', FALSE),
(238, 1009, 2, 4, 0, '4', FALSE),
(239, 1009, 3, 10, 0, '10', FALSE),
(240, 1009, 4, 11, 0, '11', FALSE),
(241, 1009, 5, 0, 0, '0', FALSE),
(242, 1009, 6, 0, 0, '0', FALSE),
(243, 1009, 7, 0, 0, '0', FALSE),
(244, 1009, 8, 0, 0, '0', FALSE),
(245, 1009, 9, 0, 0, '0', FALSE),
(246, 1009, 10, 0, 0, '0', FALSE),
(247, 1009, 11, 0, 0, '0', FALSE),
(248, 1009, 12, 0, 0, '0', FALSE),
(249, 1009, 13, 0, 0, '0', FALSE),
(250, 1009, 14, 0, 0, '0', FALSE),
(251, 1009, 15, 0, 0, '0', FALSE),
(252, 1009, 16, 0, 0, '0', FALSE),
(253, 1009, 17, 0, 0, '0', FALSE),
(254, 1009, 18, 0, 0, '0', FALSE),
(255, 1009, 19, 0, 0, '0', FALSE),
(256, 1009, 20, 0, 0, '0', FALSE),
(257, 1009, 21, 0, 0, '0', FALSE),
(258, 1009, 22, 0, 0, '0', FALSE),
(259, 1009, 23, 0, 0, '0', FALSE),
(260, 1009, 24, 0, 0, '0', FALSE),
(261, 1009, 25, 0, 0, '0', FALSE),
(262, 1009, 26, 0, 0, '0', FALSE),
(263, 1009, 27, 0, 0, '0', FALSE),
(264, 1009, 28, 0, 0, '0', FALSE),
(265, 1009, 29, 0, 0, '0', FALSE),
(266, 1009, 30, 0, 0, '0', FALSE),
(267, 1010, 0, 3, 0, '3', FALSE),
(268, 1010, 1, 7, 0, '7', FALSE),
(269, 1010, 2, 38, 0, '38', TRUE),
(270, 1010, 3, 38, 0, '38', TRUE),
(271, 1010, 4, 42, 0, '42', FALSE),
(272, 1010, 5, 2, 0, '2', FALSE),
(273, 1010, 6, 10, 0, '10', FALSE),
(274, 1010, 7, 11015, 0, '11015', FALSE),
(275, 1010, 8, 6, 0, '6', FALSE),
(276, 1010, 9, 1031, 0, '1031', FALSE),
(277, 1010, 10, 2055, 0, '2055', TRUE),
(278, 1010, 11, 1287, 0, '1287', FALSE),
(279, 1010, 12, 2, 0, '2', FALSE),
(280, 1010, 13, 12039, 0, '12039', FALSE),
(281, 1010, 14, 9, 0, '9', TRUE),
(282, 1010, 15, 33, 0, '33', FALSE),
(283, 1010, 16, 1031, 0, '1031', TRUE),
(284, 1010, 17, 1543, 0, '1543', FALSE),
(285, 1010, 18, 11783, 0, '11783', FALSE),
(286, 1010, 19, 1321, 0, '1321', FALSE),
(287, 1010, 20, 8, 0, '8', FALSE),
(288, 1010, 21, 8, 0, '8', FALSE),
(289, 1010, 22, 1799, 0, '1799', TRUE),
(290, 1010, 23, 8, 0, '8', FALSE),
(291, 1010, 24, 7, 0, '7', FALSE),
(292, 1010, 25, 7, 0, '7', FALSE),
(293, 1010, 26, 263, 0, '263', FALSE),
(294, 1010, 27, 0, 0, '0', FALSE),
(295, 1010, 28, 0, 0, '0', FALSE),
(296, 1010, 29, 0, 0, '0', FALSE),
(297, 1010, 30, 0, 0, '0', FALSE),
(298, 1011, 0, 3, 0, '3', FALSE),
(299, 1011, 1, 33, 0, '33', FALSE),
(300, 1011, 2, 8, 0, '8', FALSE),
(301, 1011, 3, 37, 0, '37', FALSE),
(302, 1011, 4, 11, 0, '11', FALSE),
(303, 1011, 5, 263, 0, '263', FALSE),
(304, 1011, 6, 16387, 0, '16387', FALSE),
(305, 1011, 7, 37, 0, '37', TRUE),
(306, 1011, 8, 32771, 0, '32771', FALSE),
(307, 1011, 9, 260, 0, '260', FALSE),
(308, 1011, 10, 40, 0, '40', FALSE),
(309, 1011, 11, 772, 0, '772', FALSE),
(310, 1011, 12, 809, 0, '809', FALSE),
(311, 1011, 13, 7, 0, '7', TRUE),
(312, 1011, 14, 1029, 0, '1029', FALSE),
(313, 1011, 15, 12039, 0, '12039', FALSE),
(314, 1011, 16, 10, 0, '10', FALSE),
(315, 1011, 17, 11783, 0, '11783', TRUE),
(316, 1011, 18, 37, 0, '37', FALSE),
(317, 1011, 19, 37, 0, '37', TRUE),
(318, 1011, 20, 10, 0, '10', FALSE),
(319, 1011, 21, 1287, 0, '1287', TRUE),
(320, 1011, 22, 559, 0, '559', FALSE),
(321, 1011, 23, 1287, 0, '1287', TRUE),
(322, 1011, 24, 9, 0, '9', FALSE),
(323, 1011, 25, 9, 0, '9', FALSE),
(324, 1011, 26, 39, 0, '39', FALSE),
(325, 1011, 27, 0, 0, '0', FALSE),
(326, 1011, 28, 0, 0, '0', FALSE),
(327, 1011, 29, 0, 0, '0', FALSE),
(328, 1011, 30, 0, 0, '0', FALSE),
(329, 1012, 0, 3, 0, '3', FALSE),
(330, 1012, 1, 33, 0, '33', FALSE),
(331, 1012, 2, 8, 0, '8', FALSE),
(332, 1012, 3, 37, 0, '37', FALSE),
(333, 1012, 4, 11, 0, '11', FALSE),
(334, 1012, 5, 263, 0, '263', FALSE),
(335, 1012, 6, 16387, 0, '16387', FALSE),
(336, 1012, 7, 37, 0, '37', TRUE),
(337, 1012, 8, 32771, 0, '32771', FALSE),
(338, 1012, 9, 260, 0, '260', FALSE),
(339, 1012, 10, 35, 0, '35', FALSE),
(340, 1012, 11, 772, 0, '772', FALSE),
(341, 1012, 12, 40, 0, '40', FALSE),
(342, 1012, 13, 1029, 0, '1029', FALSE),
(343, 1012, 14, 5, 0, '5', FALSE);            
INSERT INTO "jcs"."locomotive_functions" VALUES
(344, 1012, 15, 12039, 0, '12039', FALSE),
(345, 1012, 16, 37, 0, '37', FALSE),
(346, 1012, 17, 809, 0, '809', FALSE),
(347, 1012, 18, 37, 0, '37', TRUE),
(348, 1012, 19, 10, 0, '10', FALSE),
(349, 1012, 20, 7, 0, '7', TRUE),
(350, 1012, 21, 11783, 0, '11783', TRUE),
(351, 1012, 22, 7, 0, '7', FALSE),
(352, 1012, 23, 1287, 0, '1287', TRUE),
(353, 1012, 24, 1287, 0, '1287', TRUE),
(354, 1012, 25, 9, 0, '9', FALSE),
(355, 1012, 26, 9, 0, '9', FALSE),
(356, 1012, 27, 39, 0, '39', FALSE),
(357, 1012, 28, 0, 0, '0', FALSE),
(358, 1012, 29, 0, 0, '0', FALSE),
(359, 1012, 30, 0, 0, '0', FALSE),
(360, 1013, 0, 3, 0, '3', FALSE),
(361, 1013, 1, 0, 0, '0', FALSE),
(362, 1013, 2, 0, 0, '0', FALSE),
(363, 1013, 3, 0, 0, '0', FALSE),
(364, 1013, 4, 11, 0, '11', FALSE),
(365, 1013, 5, 0, 0, '0', FALSE),
(366, 1013, 6, 0, 0, '0', FALSE),
(367, 1013, 7, 0, 0, '0', FALSE),
(368, 1013, 8, 0, 0, '0', FALSE),
(369, 1013, 9, 0, 0, '0', FALSE),
(370, 1013, 10, 0, 0, '0', FALSE),
(371, 1013, 11, 0, 0, '0', FALSE),
(372, 1013, 12, 0, 0, '0', FALSE),
(373, 1013, 13, 0, 0, '0', FALSE),
(374, 1013, 14, 0, 0, '0', FALSE),
(375, 1013, 15, 0, 0, '0', FALSE),
(376, 1013, 16, 0, 0, '0', FALSE),
(377, 1013, 17, 0, 0, '0', FALSE),
(378, 1013, 18, 0, 0, '0', FALSE),
(379, 1013, 19, 0, 0, '0', FALSE),
(380, 1013, 20, 0, 0, '0', FALSE),
(381, 1013, 21, 0, 0, '0', FALSE),
(382, 1013, 22, 0, 0, '0', FALSE),
(383, 1013, 23, 0, 0, '0', FALSE),
(384, 1013, 24, 0, 0, '0', FALSE),
(385, 1013, 25, 0, 0, '0', FALSE),
(386, 1013, 26, 0, 0, '0', FALSE),
(387, 1013, 27, 0, 0, '0', FALSE),
(388, 1013, 28, 0, 0, '0', FALSE),
(389, 1013, 29, 0, 0, '0', FALSE),
(390, 1013, 30, 0, 0, '0', FALSE),
(391, 1018, 0, 3, 0, '3', FALSE),
(392, 1018, 1, 4, 0, '4', FALSE),
(393, 1018, 2, 8, 0, '8', FALSE),
(394, 1018, 3, 37, 0, '37', FALSE),
(395, 1018, 4, 11, 0, '11', FALSE),
(396, 1018, 5, 260, 0, '260', FALSE),
(397, 1018, 6, 16387, 0, '16387', FALSE),
(398, 1018, 7, 37, 0, '37', TRUE),
(399, 1018, 8, 32771, 0, '32771', FALSE),
(400, 1018, 9, 263, 0, '263', FALSE),
(401, 1018, 10, 40, 0, '40', FALSE),
(402, 1018, 11, 2055, 0, '2055', FALSE),
(403, 1018, 12, 809, 0, '809', FALSE),
(404, 1018, 13, 7, 0, '7', TRUE),
(405, 1018, 14, 10, 0, '10', FALSE),
(406, 1018, 15, 12039, 0, '12039', FALSE),
(407, 1018, 16, 11783, 0, '11783', TRUE),
(408, 1018, 17, 7, 0, '7', FALSE),
(409, 1018, 18, 0, 0, '0', FALSE),
(410, 1018, 19, 0, 0, '0', FALSE),
(411, 1018, 20, 0, 0, '0', FALSE),
(412, 1018, 21, 0, 0, '0', FALSE),
(413, 1018, 22, 0, 0, '0', FALSE),
(414, 1018, 23, 0, 0, '0', FALSE),
(415, 1018, 24, 0, 0, '0', FALSE),
(416, 1018, 25, 0, 0, '0', FALSE),
(417, 1018, 26, 0, 0, '0', FALSE),
(418, 1018, 27, 0, 0, '0', FALSE),
(419, 1018, 28, 0, 0, '0', FALSE),
(420, 1018, 29, 0, 0, '0', FALSE),
(421, 1018, 30, 0, 0, '0', FALSE),
(422, 16407, 0, 1, 1, 'fkticon_a_001', FALSE),
(423, 16407, 1, 48, 0, 'fkticon_i_048', FALSE),
(424, 16407, 2, 23, 0, 'fkticon_i_023', FALSE),
(425, 16407, 3, 10, 0, 'fkticon_i_010', FALSE),
(426, 16407, 4, 48, 0, 'fkticon_i_048', FALSE),
(427, 16407, 5, 20, 0, 'fkticon_i_020', FALSE),
(428, 16407, 6, 41, 0, 'fkticon_i_041', FALSE),
(429, 16407, 7, 10, 0, 'fkticon_i_010', TRUE),
(430, 16407, 8, 42, 0, 'fkticon_i_042', FALSE),
(431, 16407, 9, 18, 0, 'fkticon_i_018', FALSE),
(432, 16407, 10, 108, 0, 'fkticon_i_108', TRUE),
(433, 16407, 11, 43, 0, 'fkticon_i_043', FALSE),
(434, 16407, 12, 29, 0, 'fkticon_i_029', FALSE),
(435, 16407, 13, 92, 0, 'fkticon_i_092', TRUE),
(436, 16407, 14, 44, 0, 'fkticon_i_044', TRUE),
(437, 16407, 15, 112, 0, 'fkticon_i_112', FALSE),
(438, 16407, 16, 5, 0, 'fkticon_i_005', FALSE),
(439, 16407, 17, 11, 0, 'fkticon_i_011', FALSE),
(440, 16407, 18, 8, 0, 'fkticon_i_008', FALSE),
(441, 16407, 19, 118, 0, 'fkticon_i_118', FALSE),
(442, 16390, 0, 282, 0, 'fkticon_i_282', FALSE),
(443, 16390, 1, 4, 0, 'fkticon_i_004', FALSE),
(444, 16390, 2, 23, 0, 'fkticon_i_023', FALSE),
(445, 16390, 3, 10, 0, 'fkticon_i_010', FALSE),
(446, 16390, 4, 18, 0, 'fkticon_i_018', FALSE),
(447, 16390, 5, 20, 0, 'fkticon_i_020', FALSE);      
INSERT INTO "jcs"."locomotive_functions" VALUES
(448, 16390, 6, 41, 0, 'fkticon_i_041', FALSE),
(449, 16390, 7, 10, 0, 'fkticon_i_010', FALSE),
(450, 16390, 8, 42, 0, 'fkticon_i_042', FALSE),
(451, 16390, 9, 116, 0, 'fkticon_i_116', FALSE),
(452, 16390, 10, 92, 0, 'fkticon_i_092', TRUE),
(453, 16390, 11, 25, 0, 'fkticon_i_025', TRUE),
(454, 16390, 12, 11, 0, 'fkticon_i_011', FALSE),
(455, 16390, 13, 25, 0, 'fkticon_i_025', TRUE),
(456, 16390, 14, 112, 0, 'fkticon_i_112', FALSE),
(457, 16408, 0, 1, 0, 'fkticon_i_001', FALSE),
(458, 16408, 1, 84, 0, 'fkticon_i_084', FALSE),
(459, 16408, 2, 23, 0, 'fkticon_i_023', FALSE),
(460, 16408, 3, 10, 0, 'fkticon_i_010', FALSE),
(461, 16408, 4, 85, 0, 'fkticon_i_085', FALSE),
(462, 16408, 5, 18, 0, 'fkticon_i_018', FALSE),
(463, 16408, 6, 20, 0, 'fkticon_i_020', FALSE),
(464, 16408, 7, 48, 0, 'fkticon_i_048', FALSE),
(465, 16408, 8, 41, 0, 'fkticon_i_041', FALSE),
(466, 16408, 9, 250, 0, 'fkticon_i_250', TRUE),
(467, 16408, 10, 8, 0, 'fkticon_i_008', FALSE),
(468, 16408, 11, 42, 0, 'fkticon_i_042', FALSE),
(469, 16408, 12, 43, 0, 'fkticon_i_043', TRUE),
(470, 16408, 13, 43, 0, 'fkticon_i_043', TRUE),
(471, 16408, 14, 29, 0, 'fkticon_i_029', FALSE),
(472, 16408, 15, 112, 1, 'fkticon_a_112', FALSE),
(473, 16408, 16, 116, 0, 'fkticon_i_116', FALSE),
(474, 16408, 17, 92, 0, 'fkticon_i_092', TRUE),
(475, 16408, 18, 25, 0, 'fkticon_i_025', TRUE),
(476, 16408, 19, 11, 0, 'fkticon_i_011', TRUE),
(477, 16408, 20, 118, 0, 'fkticon_i_118', FALSE),
(478, 16408, 21, 118, 0, 'fkticon_i_118', FALSE),
(479, 16408, 22, 118, 0, 'fkticon_i_118', FALSE),
(480, 16408, 23, 146, 0, 'fkticon_i_146', FALSE),
(481, 16408, 24, 108, 0, 'fkticon_i_108', TRUE),
(482, 16408, 25, 105, 0, 'fkticon_i_105', FALSE),
(483, 16408, 26, 3, 0, 'fkticon_i_003', FALSE),
(484, 16389, 0, 1, 1, 'fkticon_a_001', FALSE),
(485, 16389, 1, 44, 0, 'fkticon_i_044', TRUE),
(486, 16389, 2, 23, 0, 'fkticon_i_023', FALSE),
(487, 16389, 3, 10, 0, 'fkticon_i_010', FALSE),
(488, 16389, 4, 18, 0, 'fkticon_i_018', FALSE),
(489, 16389, 5, 20, 0, 'fkticon_i_020', FALSE),
(490, 16389, 6, 41, 0, 'fkticon_i_041', FALSE),
(491, 16389, 7, 10, 0, 'fkticon_i_010', FALSE),
(492, 16389, 8, 42, 0, 'fkticon_i_042', FALSE),
(493, 16389, 9, 43, 0, 'fkticon_i_043', TRUE),
(494, 16389, 10, 43, 0, 'fkticon_i_043', TRUE),
(495, 16389, 11, 29, 0, 'fkticon_i_029', FALSE),
(496, 16389, 12, 11, 0, 'fkticon_i_011', FALSE),
(497, 16389, 13, 116, 0, 'fkticon_i_116', FALSE),
(498, 16389, 14, 92, 0, 'fkticon_i_092', TRUE),
(499, 16389, 15, 10, 0, 'fkticon_i_010', TRUE),
(500, 16403, 0, 1, 1, 'fkticon_a_001', FALSE),
(501, 16403, 1, 48, 0, 'fkticon_i_048', FALSE),
(502, 16403, 2, 23, 0, 'fkticon_i_023', FALSE),
(503, 16403, 3, 251, 0, 'fkticon_i_251', FALSE),
(504, 16403, 4, 18, 0, 'fkticon_i_018', FALSE),
(505, 16403, 5, 20, 0, 'fkticon_i_020', FALSE),
(506, 16403, 6, 41, 0, 'fkticon_i_041', FALSE),
(507, 16403, 7, 251, 0, 'fkticon_i_251', FALSE),
(508, 16403, 8, 42, 0, 'fkticon_i_042', FALSE),
(509, 16403, 9, 4, 0, 'fkticon_i_004', FALSE),
(510, 16403, 10, 118, 0, 'fkticon_i_118', FALSE),
(511, 16403, 11, 118, 0, 'fkticon_i_118', FALSE),
(512, 16403, 12, 3, 0, 'fkticon_i_003', FALSE),
(513, 16403, 13, 47, 0, 'fkticon_i_047', FALSE),
(514, 16403, 14, 250, 0, 'fkticon_i_250', TRUE),
(515, 16403, 15, 112, 0, 'fkticon_i_112', FALSE),
(516, 16403, 16, 8, 0, 'fkticon_i_008', FALSE),
(517, 16403, 17, 29, 0, 'fkticon_i_029', FALSE),
(518, 16403, 18, 116, 0, 'fkticon_i_116', FALSE),
(519, 16403, 19, 92, 0, 'fkticon_i_092', TRUE),
(520, 16403, 20, 108, 0, 'fkticon_i_108', TRUE),
(521, 16403, 21, 146, 0, 'fkticon_i_146', FALSE),
(522, 16403, 22, 244, 0, 'fkticon_i_244', FALSE),
(523, 16403, 23, 132, 0, 'fkticon_i_132', TRUE),
(524, 16403, 24, 132, 0, 'fkticon_i_132', TRUE),
(525, 16403, 25, 118, 0, 'fkticon_i_118', FALSE),
(526, 16403, 26, 43, 0, 'fkticon_i_043', TRUE),
(527, 16403, 27, 43, 0, 'fkticon_i_043', TRUE),
(528, 16421, 0, 1, 1, 'fkticon_a_001', FALSE),
(529, 16421, 1, 7, 0, 'fkticon_i_007', FALSE),
(530, 16421, 2, 23, 0, 'fkticon_i_023', FALSE),
(531, 16421, 3, 251, 0, 'fkticon_i_251', FALSE);        
INSERT INTO "jcs"."locomotive_functions" VALUES
(532, 16421, 4, 18, 0, 'fkticon_i_018', FALSE),
(533, 16421, 5, 20, 0, 'fkticon_i_020', FALSE),
(534, 16421, 6, 41, 0, 'fkticon_i_041', FALSE),
(535, 16421, 7, 250, 0, 'fkticon_i_250', TRUE),
(536, 16421, 8, 42, 0, 'fkticon_i_042', FALSE),
(537, 16421, 9, 48, 0, 'fkticon_i_048', FALSE),
(538, 16421, 10, 29, 0, 'fkticon_i_029', FALSE),
(539, 16421, 11, 117, 0, 'fkticon_i_117', FALSE),
(540, 16421, 12, 116, 0, 'fkticon_i_116', FALSE),
(541, 16421, 13, 92, 0, 'fkticon_i_092', TRUE),
(542, 16421, 14, 118, 0, 'fkticon_i_118', FALSE),
(543, 16421, 15, 112, 0, 'fkticon_i_112', FALSE),
(544, 16421, 16, 8, 0, 'fkticon_i_008', FALSE),
(545, 16421, 17, 108, 0, 'fkticon_i_108', TRUE),
(546, 16421, 18, 251, 0, 'fkticon_i_251', FALSE),
(547, 16421, 19, 250, 0, 'fkticon_i_250', TRUE),
(548, 16421, 20, 8, 0, 'fkticon_i_008', FALSE),
(549, 16421, 21, 43, 0, 'fkticon_i_043', TRUE),
(550, 16421, 22, 228, 0, 'fkticon_i_228', FALSE),
(551, 16421, 23, 43, 0, 'fkticon_i_043', TRUE),
(552, 16421, 24, 132, 0, 'fkticon_i_132', FALSE),
(553, 16421, 25, 132, 0, 'fkticon_i_132', FALSE),
(554, 16421, 26, 146, 0, 'fkticon_i_146', FALSE),
(555, 16394, 0, 282, 1, 'fkticon_a_282', FALSE),
(556, 16394, 1, 7, 0, 'fkticon_i_007', FALSE),
(557, 16394, 2, 23, 0, 'fkticon_i_023', FALSE),
(558, 16394, 3, 10, 0, 'fkticon_i_010', FALSE),
(559, 16394, 4, 18, 0, 'fkticon_i_018', FALSE),
(560, 16394, 5, 20, 0, 'fkticon_i_020', FALSE),
(561, 16394, 6, 41, 0, 'fkticon_i_041', FALSE),
(562, 16394, 7, 10, 0, 'fkticon_i_010', TRUE),
(563, 16394, 8, 42, 0, 'fkticon_i_042', FALSE),
(564, 16394, 9, 48, 0, 'fkticon_i_048', FALSE),
(565, 16394, 10, 29, 0, 'fkticon_i_029', FALSE),
(566, 16394, 11, 117, 1, 'fkticon_a_117', FALSE),
(567, 16394, 12, 116, 0, 'fkticon_i_116', FALSE),
(568, 16394, 13, 118, 0, 'fkticon_i_118', FALSE),
(569, 16394, 14, 118, 0, 'fkticon_i_118', FALSE),
(570, 16394, 15, 112, 0, 'fkticon_i_112', FALSE),
(571, 16394, 16, 10, 0, 'fkticon_i_010', FALSE),
(572, 16394, 17, 10, 0, 'fkticon_i_010', TRUE),
(573, 16394, 18, 8, 0, 'fkticon_i_008', FALSE),
(574, 16394, 19, 92, 0, 'fkticon_i_092', TRUE),
(575, 16394, 20, 108, 0, 'fkticon_i_108', TRUE),
(576, 16394, 21, 43, 0, 'fkticon_i_043', TRUE),
(577, 16394, 22, 5, 0, 'fkticon_i_005', FALSE),
(578, 16394, 23, 43, 0, 'fkticon_i_043', TRUE),
(579, 16394, 24, 132, 0, 'fkticon_i_132', FALSE),
(580, 16394, 25, 132, 0, 'fkticon_i_132', FALSE),
(581, 16394, 26, 28, 0, 'fkticon_i_028', FALSE),
(582, 16401, 0, 1, 1, 'fkticon_a_001', FALSE),
(583, 16401, 1, 7, 0, 'fkticon_i_007', FALSE),
(584, 16401, 2, 23, 0, 'fkticon_i_023', FALSE),
(585, 16401, 3, 12, 0, 'fkticon_i_012', FALSE),
(586, 16401, 4, 18, 0, 'fkticon_i_018', FALSE),
(587, 16401, 5, 20, 0, 'fkticon_i_020', FALSE),
(588, 16401, 6, 136, 0, 'fkticon_i_136', FALSE),
(589, 16401, 7, 31, 1, 'fkticon_a_031', FALSE),
(590, 16401, 8, 106, 0, 'fkticon_i_106', FALSE),
(591, 16401, 9, 91, 0, 'fkticon_i_091', TRUE),
(592, 16401, 10, 26, 0, 'fkticon_i_026', FALSE),
(593, 16401, 11, 36, 0, 'fkticon_i_036', FALSE),
(594, 16401, 12, 111, 0, 'fkticon_i_111', FALSE),
(595, 16401, 13, 49, 0, 'fkticon_i_049', FALSE),
(596, 16401, 14, 12, 0, 'fkticon_i_012', TRUE),
(597, 16401, 15, 112, 0, 'fkticon_i_112', FALSE),
(598, 16401, 16, 42, 0, 'fkticon_i_042', FALSE),
(599, 16401, 17, 41, 0, 'fkticon_i_041', FALSE),
(600, 16401, 18, 13, 0, 'fkticon_i_013', FALSE),
(601, 16401, 19, 108, 0, 'fkticon_i_108', TRUE),
(602, 16401, 20, 47, 0, 'fkticon_i_047', FALSE),
(603, 16401, 21, 8, 0, 'fkticon_i_008', FALSE),
(604, 16401, 22, 22, 0, 'fkticon_i_022', FALSE),
(605, 16401, 23, 25, 0, 'fkticon_i_025', TRUE),
(606, 16401, 24, 37, 0, 'fkticon_i_037', FALSE),
(607, 16401, 25, 123, 0, 'fkticon_i_123', FALSE),
(608, 16401, 26, 43, 0, 'fkticon_i_043', TRUE),
(609, 16401, 27, 43, 0, 'fkticon_i_043', TRUE),
(610, 16401, 28, 11, 0, 'fkticon_i_011', FALSE),
(611, 3, 0, 1, 1, 'fkticon_a_001', FALSE),
(612, 3, 1, 32, 0, 'fkticon_i_032', FALSE),
(613, 3, 2, 32, 1, 'fkticon_a_032', FALSE),
(614, 3, 3, 8, 1, 'fkticon_a_008', FALSE),
(615, 3, 4, 18, 0, 'fkticon_i_018', FALSE);
INSERT INTO "jcs"."locomotive_functions" VALUES
(616, 23, 0, 1, 1, 'fkticon_a_001', FALSE),
(617, 23, 2, 4, 0, 'fkticon_i_004', FALSE),
(618, 23, 3, 8, 0, 'fkticon_i_008', FALSE),
(619, 23, 4, 18, 0, 'fkticon_i_018', FALSE),
(620, 12, 0, 1, 1, 'fkticon_a_001', FALSE),
(621, 12, 3, 8, 0, 'fkticon_i_008', FALSE),
(622, 12, 4, 18, 0, 'fkticon_i_018', FALSE),
(623, 16396, 0, 282, 1, 'fkticon_a_282', FALSE),
(624, 16396, 3, 8, 0, 'fkticon_i_008', FALSE),
(625, 16396, 4, 18, 0, 'fkticon_i_018', FALSE),
(626, 16418, 0, 1, 1, 'fkticon_a_001', FALSE),
(627, 16418, 3, 8, 0, 'fkticon_i_008', FALSE),
(628, 16418, 4, 18, 0, 'fkticon_i_018', FALSE),
(629, 16418, 5, 42, 0, 'fkticon_i_042', FALSE),
(630, 16418, 6, 41, 0, 'fkticon_i_041', FALSE),
(631, 16418, 7, 3, 0, 'fkticon_i_003', FALSE),
(632, 16418, 8, 105, 0, 'fkticon_i_105', FALSE),
(633, 16409, 0, 1, 1, 'fkticon_a_001', FALSE),
(634, 16409, 1, 83, 0, 'fkticon_i_083', FALSE),
(635, 16409, 2, 82, 0, 'fkticon_i_082', FALSE),
(636, 16409, 3, 8, 0, 'fkticon_i_008', FALSE),
(637, 16409, 4, 18, 0, 'fkticon_i_018', FALSE),
(638, 16409, 5, 118, 0, 'fkticon_i_118', FALSE),
(639, 16392, 0, 1, 1, 'fkticon_a_001', FALSE),
(640, 16392, 1, 7, 0, 'fkticon_i_007', FALSE),
(641, 16392, 2, 23, 0, 'fkticon_i_023', FALSE),
(642, 16392, 3, 12, 0, 'fkticon_i_012', FALSE),
(643, 16392, 4, 18, 0, 'fkticon_i_018', FALSE),
(644, 16392, 5, 20, 0, 'fkticon_i_020', FALSE),
(645, 16392, 6, 82, 0, 'fkticon_i_082', FALSE),
(646, 16392, 7, 12, 0, 'fkticon_i_012', TRUE),
(647, 16392, 8, 31, 0, 'fkticon_i_031', FALSE),
(648, 16392, 9, 106, 0, 'fkticon_i_106', FALSE),
(649, 16392, 10, 91, 0, 'fkticon_i_091', TRUE),
(650, 16392, 11, 26, 0, 'fkticon_i_026', FALSE),
(651, 16392, 12, 36, 0, 'fkticon_i_036', FALSE),
(652, 16392, 13, 111, 0, 'fkticon_i_111', FALSE),
(653, 16392, 14, 49, 0, 'fkticon_i_049', FALSE),
(654, 16392, 16, 5, 0, 'fkticon_i_005', FALSE),
(655, 16392, 17, 5, 0, 'fkticon_i_005', FALSE),
(656, 16392, 18, 5, 0, 'fkticon_i_005', FALSE),
(657, 16392, 19, 108, 0, 'fkticon_i_108', TRUE),
(658, 16392, 20, 43, 0, 'fkticon_i_043', FALSE),
(659, 16392, 21, 8, 0, 'fkticon_i_008', FALSE),
(660, 16392, 22, 22, 0, 'fkticon_i_022', FALSE),
(661, 16392, 24, 31, 0, 'fkticon_i_031', FALSE),
(662, 16392, 25, 37, 0, 'fkticon_i_037', FALSE),
(663, 16392, 26, 123, 0, 'fkticon_i_123', TRUE),
(664, 61, 0, 1, 0, 'fkticon_i_001', FALSE),
(665, 61, 3, 8, 0, 'fkticon_i_008', FALSE),
(666, 61, 4, 18, 0, 'fkticon_i_018', FALSE),
(667, 16411, 0, 1, 0, 'fkticon_i_001', FALSE),
(668, 16411, 1, 48, 0, 'fkticon_i_048', FALSE),
(669, 16411, 2, 48, 0, 'fkticon_i_048', FALSE),
(670, 16411, 3, 8, 0, 'fkticon_i_008', FALSE),
(671, 16411, 4, 18, 0, 'fkticon_i_018', FALSE),
(672, 2, 0, 1, 1, 'fkticon_a_001', FALSE),
(673, 2, 3, 8, 0, 'fkticon_i_008', FALSE),
(674, 2, 4, 18, 0, 'fkticon_i_018', FALSE),
(675, 16399, 0, 1, 1, 'fkticon_a_001', FALSE),
(676, 16399, 1, 4, 1, 'fkticon_a_004', FALSE),
(677, 16399, 2, 32, 1, 'fkticon_a_032', FALSE),
(678, 16399, 3, 48, 0, 'fkticon_i_048', FALSE),
(679, 16399, 4, 32, 1, 'fkticon_a_032', FALSE),
(680, 16391, 0, 282, 1, 'fkticon_a_282', FALSE),
(681, 16391, 2, 23, 0, 'fkticon_i_023', FALSE),
(682, 16391, 3, 10, 0, 'fkticon_i_010', TRUE),
(683, 16391, 4, 18, 0, 'fkticon_i_018', FALSE),
(684, 16406, 0, 1, 1, 'fkticon_a_001', FALSE),
(685, 16406, 1, 47, 0, 'fkticon_i_047', FALSE),
(686, 16406, 2, 118, 0, 'fkticon_i_118', FALSE),
(687, 16406, 3, 8, 0, 'fkticon_i_008', FALSE),
(688, 16406, 4, 18, 0, 'fkticon_i_018', FALSE),
(689, 16406, 5, 42, 0, 'fkticon_i_042', FALSE),
(690, 16406, 6, 41, 0, 'fkticon_i_041', FALSE),
(691, 16395, 0, 1, 1, 'fkticon_a_001', FALSE),
(692, 16395, 1, 44, 0, 'fkticon_i_044', TRUE),
(693, 16395, 2, 23, 0, 'fkticon_i_023', FALSE),
(694, 16395, 3, 10, 0, 'fkticon_i_010', FALSE),
(695, 16395, 4, 18, 0, 'fkticon_i_018', FALSE),
(696, 16395, 5, 20, 0, 'fkticon_i_020', FALSE),
(697, 16395, 6, 41, 0, 'fkticon_i_041', FALSE),
(698, 16395, 7, 10, 0, 'fkticon_i_010', TRUE),
(699, 16395, 8, 42, 0, 'fkticon_i_042', FALSE),
(700, 16395, 9, 43, 0, 'fkticon_i_043', TRUE),
(701, 16395, 10, 43, 0, 'fkticon_i_043', TRUE);      
INSERT INTO "jcs"."locomotive_functions" VALUES
(702, 16395, 11, 92, 0, 'fkticon_i_092', TRUE),
(703, 16395, 12, 29, 0, 'fkticon_i_029', FALSE),
(704, 16395, 13, 11, 0, 'fkticon_i_011', FALSE),
(705, 16395, 14, 37, 0, 'fkticon_i_037', FALSE),
(706, 16413, 0, 1, 1, 'fkticon_a_001', FALSE),
(707, 16413, 1, 1, 1, 'fkticon_a_001', FALSE),
(708, 16413, 2, 48, 1, 'fkticon_a_048', FALSE),
(709, 16413, 3, 5, 0, 'fkticon_i_005', FALSE),
(710, 16413, 4, 10, 0, 'fkticon_i_010', TRUE),
(711, 16413, 5, 10, 0, 'fkticon_i_010', TRUE),
(712, 16413, 6, 8, 0, 'fkticon_i_008', FALSE),
(713, 16413, 7, 5, 0, 'fkticon_i_005', TRUE),
(714, 16413, 8, 28, 0, 'fkticon_i_028', FALSE),
(715, 16413, 9, 103, 0, 'fkticon_i_103', TRUE),
(716, 16413, 10, 10, 0, 'fkticon_i_010', TRUE),
(717, 16413, 11, 23, 0, 'fkticon_i_023', FALSE),
(718, 16413, 12, 28, 0, 'fkticon_i_028', FALSE),
(719, 16413, 13, 5, 0, 'fkticon_i_005', TRUE),
(720, 16413, 14, 45, 0, 'fkticon_i_045', TRUE),
(721, 16413, 15, 28, 0, 'fkticon_i_028', FALSE),
(722, 16413, 16, 28, 0, 'fkticon_i_028', FALSE),
(723, 16413, 17, 11, 0, 'fkticon_i_011', TRUE),
(724, 16413, 18, 129, 0, 'fkticon_i_129', FALSE),
(725, 16413, 19, 89, 0, 'fkticon_i_089', FALSE),
(726, 16413, 20, 28, 0, 'fkticon_i_028', FALSE),
(727, 16413, 21, 37, 0, 'fkticon_i_037', FALSE),
(728, 16413, 22, 5, 0, 'fkticon_i_005', FALSE),
(729, 16413, 23, 28, 0, 'fkticon_i_028', FALSE),
(730, 16413, 24, 23, 0, 'fkticon_i_023', FALSE),
(731, 16413, 25, 20, 0, 'fkticon_i_020', FALSE),
(732, 16413, 26, 13, 0, 'fkticon_i_013', TRUE),
(733, 16414, 0, 1, 1, 'fkticon_a_001', FALSE),
(734, 16414, 2, 4, 1, 'fkticon_a_004', FALSE),
(735, 16414, 3, 8, 0, 'fkticon_i_008', FALSE),
(736, 16414, 4, 18, 0, 'fkticon_i_018', FALSE),
(737, 15, 0, 1, 1, 'fkticon_a_001', FALSE),
(738, 15, 3, 18, 0, 'fkticon_i_018', FALSE),
(739, 15, 4, 18, 0, 'fkticon_i_018', FALSE),
(740, 16397, 0, 1, 0, 'fkticon_i_001', FALSE),
(741, 16397, 1, 48, 0, 'fkticon_i_048', FALSE),
(742, 16397, 2, 48, 0, 'fkticon_i_048', FALSE),
(743, 16397, 3, 8, 0, 'fkticon_i_008', FALSE),
(744, 16397, 4, 18, 0, 'fkticon_i_018', FALSE),
(745, 16397, 5, 42, 0, 'fkticon_i_042', FALSE),
(746, 16397, 6, 41, 0, 'fkticon_i_041', FALSE),
(747, 16397, 7, 118, 0, 'fkticon_i_118', FALSE),
(748, 49163, 0, 1, 1, 'fkticon_a_001', FALSE),
(749, 49163, 1, 118, 0, 'fkticon_i_118', FALSE),
(750, 49163, 2, 47, 0, 'fkticon_i_047', FALSE),
(751, 49163, 3, 8, 0, 'fkticon_i_008', FALSE),
(752, 49163, 4, 18, 0, 'fkticon_i_018', FALSE),
(753, 49163, 5, 41, 0, 'fkticon_i_041', FALSE),
(754, 49163, 6, 42, 0, 'fkticon_i_042', FALSE),
(755, 68, 0, 1, 1, 'fkticon_a_001', FALSE),
(756, 68, 3, 8, 0, 'fkticon_i_008', FALSE),
(757, 68, 4, 18, 0, 'fkticon_i_018', FALSE),
(758, 39, 0, 1, 1, 'fkticon_a_001', FALSE),
(759, 39, 3, 8, 0, 'fkticon_i_008', FALSE),
(760, 39, 4, 18, 0, 'fkticon_i_018', FALSE),
(761, 49189, 0, 1, 1, 'fkticon_a_001', FALSE),
(762, 49189, 1, 118, 0, 'fkticon_i_118', FALSE),
(763, 49189, 2, 52, 0, 'fkticon_i_052', FALSE),
(764, 49189, 3, 8, 0, 'fkticon_i_008', FALSE),
(765, 49189, 4, 102, 0, 'fkticon_i_102', FALSE),
(766, 49189, 5, 42, 0, 'fkticon_i_042', FALSE),
(767, 49189, 6, 41, 0, 'fkticon_i_041', FALSE),
(768, 49189, 7, 47, 0, 'fkticon_i_047', FALSE),
(769, 16412, 0, 1, 1, 'fkticon_a_001', FALSE),
(770, 16412, 1, 118, 0, 'fkticon_i_118', FALSE),
(771, 16412, 3, 8, 0, 'fkticon_i_008', FALSE),
(772, 16412, 4, 18, 0, 'fkticon_i_018', FALSE),
(773, 16412, 5, 42, 0, 'fkticon_i_042', FALSE),
(774, 16412, 6, 42, 0, 'fkticon_i_042', FALSE),
(775, 16412, 7, 47, 0, 'fkticon_i_047', FALSE),
(776, 16412, 8, 199, 0, 'fkticon_i_199', FALSE),
(777, 16404, 0, 1, 1, 'fkticon_a_001', FALSE),
(778, 16404, 1, 48, 0, 'fkticon_i_048', FALSE),
(779, 16404, 2, 23, 0, 'fkticon_i_023', FALSE),
(780, 16404, 3, 8, 0, 'fkticon_a_008', FALSE),
(781, 16404, 4, 18, 0, 'fkticon_i_018', FALSE),
(782, 16404, 5, 42, 0, 'fkticon_i_042', FALSE),
(783, 16404, 6, 41, 0, 'fkticon_i_041', FALSE),
(784, 16404, 7, 10, 0, 'fkticon_i_010', FALSE),
(785, 16404, 8, 10, 0, 'fkticon_i_010', FALSE),
(786, 16404, 9, 29, 0, 'fkticon_i_029', FALSE),
(787, 16404, 10, 116, 0, 'fkticon_i_116', FALSE);               
INSERT INTO "jcs"."locomotive_functions" VALUES
(788, 16404, 11, 49, 0, 'fkticon_i_049', TRUE),
(789, 16404, 12, 10, 0, 'fkticon_i_010', TRUE),
(790, 16404, 13, 10, 0, 'fkticon_i_010', TRUE),
(791, 16404, 14, 11, 0, 'fkticon_i_011', FALSE),
(792, 16404, 15, 28, 0, 'fkticon_i_028', TRUE),
(793, 16404, 16, 43, 0, 'fkticon_i_043', TRUE),
(794, 16404, 17, 5, 0, 'fkticon_i_005', TRUE),
(795, 16404, 18, 20, 0, 'fkticon_i_020', FALSE),
(796, 16404, 19, 37, 0, 'fkticon_i_037', FALSE),
(797, 16404, 20, 129, 0, 'fkticon_i_129', FALSE),
(798, 16404, 22, 125, 0, 'fkticon_i_125', FALSE),
(799, 16404, 24, 108, 0, 'fkticon_i_108', TRUE),
(800, 16404, 31, 5, 1, 'fkticon_i_005', FALSE),
(801, 16405, 0, 1, 1, 'fkticon_a_001', FALSE),
(802, 16405, 1, 212, 0, 'fkticon_i_212', FALSE),
(803, 16405, 2, 118, 0, 'fkticon_i_118', FALSE),
(804, 16405, 3, 8, 0, 'fkticon_i_008', FALSE),
(805, 16405, 4, 18, 0, 'fkticon_i_018', FALSE),
(806, 16405, 5, 42, 0, 'fkticon_i_042', FALSE),
(807, 16405, 6, 41, 0, 'fkticon_i_041', FALSE),
(808, 63, 0, 1, 1, 'fkticon_a_001', FALSE),
(809, 63, 3, 8, 1, 'fkticon_a_008', FALSE),
(810, 63, 4, 18, 0, 'fkticon_i_018', FALSE),
(811, 49159, 0, 282, 0, 'fkticon_i_282', FALSE),
(812, 49159, 1, 48, 0, 'fkticon_i_048', FALSE),
(813, 49159, 2, 48, 0, 'fkticon_i_048', FALSE),
(814, 49159, 3, 18, 0, 'fkticon_i_018', FALSE),
(815, 49159, 4, 18, 0, 'fkticon_i_018', FALSE),
(816, 49156, 0, 1, 1, 'fkticon_a_001', FALSE),
(817, 49156, 1, 2, 1, 'fkticon_a_002', FALSE),
(818, 49156, 2, 2, 1, 'fkticon_a_002', FALSE),
(819, 49156, 3, 8, 0, 'fkticon_i_008', FALSE),
(820, 49156, 4, 18, 0, 'fkticon_i_018', FALSE),
(821, 16419, 0, 1, 1, 'fkticon_a_001', FALSE),
(822, 16419, 1, 32, 1, 'fkticon_a_032', FALSE),
(823, 16419, 2, 23, 0, 'fkticon_i_023', FALSE),
(824, 16419, 3, 251, 0, 'fkticon_i_251', FALSE),
(825, 16419, 4, 18, 0, 'fkticon_i_018', FALSE),
(826, 16419, 5, 20, 1, 'fkticon_a_020', FALSE),
(827, 16419, 6, 48, 0, 'fkticon_i_048', FALSE),
(828, 16419, 7, 251, 0, 'fkticon_i_251', FALSE),
(829, 16419, 8, 48, 0, 'fkticon_i_048', FALSE),
(830, 16419, 9, 125, 0, 'fkticon_i_125', FALSE),
(831, 16419, 10, 29, 0, 'fkticon_i_029', FALSE),
(832, 16419, 11, 13, 0, 'fkticon_i_013', FALSE),
(833, 16419, 12, 38, 1, 'fkticon_a_038', FALSE),
(834, 16419, 13, 126, 1, 'fkticon_a_126', FALSE),
(835, 16419, 14, 224, 1, 'fkticon_a_224', FALSE),
(836, 16419, 15, 112, 0, 'fkticon_i_112', FALSE),
(837, 16419, 16, 228, 0, 'fkticon_i_228', FALSE),
(838, 16419, 17, 108, 0, 'fkticon_i_108', TRUE),
(839, 16419, 18, 11, 0, 'fkticon_i_011', FALSE),
(840, 16419, 19, 28, 0, 'fkticon_i_028', TRUE),
(841, 16419, 20, 105, 0, 'fkticon_i_105', TRUE),
(842, 16419, 21, 105, 0, 'fkticon_i_105', TRUE),
(843, 16419, 22, 116, 0, 'fkticon_i_116', FALSE),
(844, 16419, 23, 92, 0, 'fkticon_i_092', TRUE),
(845, 16419, 24, 250, 0, 'fkticon_i_250', TRUE),
(846, 16419, 25, 250, 0, 'fkticon_i_250', TRUE),
(847, 16419, 26, 22, 0, 'fkticon_i_022', FALSE),
(848, 16419, 27, 37, 0, 'fkticon_i_037', FALSE),
(849, 16419, 28, 8, 0, 'fkticon_i_008', FALSE),
(850, 16419, 29, 25, 0, 'fkticon_i_025', TRUE),
(851, 16419, 30, 206, 0, 'fkticon_i_206', TRUE),
(852, 16415, 0, 1, 1, 'fkticon_a_001', FALSE),
(853, 16415, 1, 32, 1, 'fkticon_a_032', FALSE),
(854, 16415, 2, 23, 0, 'fkticon_i_023', FALSE),
(855, 16415, 3, 10, 0, 'fkticon_i_010', FALSE),
(856, 16415, 4, 18, 0, 'fkticon_i_018', FALSE),
(857, 16415, 5, 20, 0, 'fkticon_i_020', FALSE),
(858, 16415, 6, 48, 0, 'fkticon_i_048', FALSE),
(859, 16415, 7, 10, 0, 'fkticon_i_010', FALSE),
(860, 16415, 8, 48, 1, 'fkticon_a_048', FALSE),
(861, 16415, 9, 125, 0, 'fkticon_i_125', FALSE),
(862, 16415, 10, 29, 0, 'fkticon_i_029', FALSE),
(863, 16415, 11, 34, 0, 'fkticon_i_034', FALSE),
(864, 16415, 12, 126, 0, 'fkticon_i_126', FALSE),
(865, 16415, 13, 2, 0, 'fkticon_i_002', FALSE),
(866, 16415, 14, 5, 0, 'fkticon_i_005', FALSE),
(867, 16415, 15, 112, 0, 'fkticon_i_112', FALSE),
(868, 16415, 16, 108, 0, 'fkticon_i_108', TRUE),
(869, 16415, 17, 11, 0, 'fkticon_i_011', FALSE),
(870, 16415, 18, 28, 0, 'fkticon_i_028', TRUE),
(871, 16415, 19, 116, 0, 'fkticon_i_116', FALSE);     
INSERT INTO "jcs"."locomotive_functions" VALUES
(872, 16415, 20, 92, 0, 'fkticon_i_092', TRUE),
(873, 16415, 21, 10, 0, 'fkticon_i_010', TRUE),
(874, 16415, 22, 10, 0, 'fkticon_i_010', TRUE),
(875, 16415, 23, 25, 0, 'fkticon_i_025', TRUE),
(876, 16415, 24, 37, 0, 'fkticon_i_037', FALSE),
(877, 16415, 25, 8, 0, 'fkticon_i_008', FALSE),
(878, 16415, 26, 25, 0, 'fkticon_i_025', TRUE),
(879, 16415, 27, 45, 0, 'fkticon_i_045', TRUE),
(880, 16410, 0, 1, 1, 'fkticon_a_001', FALSE),
(881, 16410, 1, 233, 0, 'fkticon_i_233', FALSE),
(882, 16410, 3, 8, 0, 'fkticon_i_008', FALSE),
(883, 16410, 4, 18, 0, 'fkticon_i_018', FALSE),
(884, 16410, 5, 42, 0, 'fkticon_i_042', FALSE),
(885, 16410, 6, 41, 0, 'fkticon_i_041', FALSE),
(886, 16393, 0, 1, 0, 'fkticon_i_001', FALSE),
(887, 16393, 1, 7, 0, 'fkticon_i_007', FALSE),
(888, 16393, 2, 23, 0, 'fkticon_i_023', FALSE),
(889, 16393, 3, 8, 0, 'fkticon_i_008', FALSE),
(890, 16393, 4, 18, 0, 'fkticon_i_018', FALSE),
(891, 16393, 5, 37, 0, 'fkticon_i_037', FALSE),
(892, 16393, 6, 12, 0, 'fkticon_i_012', FALSE),
(893, 16393, 7, 26, 0, 'fkticon_i_026', FALSE),
(894, 16393, 8, 201, 0, 'fkticon_i_201', FALSE),
(895, 16393, 9, 13, 0, 'fkticon_i_013', FALSE),
(896, 16393, 10, 111, 0, 'fkticon_i_111', FALSE),
(897, 16393, 11, 36, 0, 'fkticon_i_036', FALSE),
(898, 16393, 12, 45, 0, 'fkticon_i_045', TRUE),
(899, 16393, 13, 45, 0, 'fkticon_i_045', TRUE),
(900, 16393, 14, 122, 0, 'fkticon_i_122', TRUE),
(901, 16393, 15, 37, 0, 'fkticon_i_037', FALSE),
(902, 16398, 0, 1, 1, 'fkticon_a_001', FALSE),
(903, 16398, 1, 7, 0, 'fkticon_i_007', FALSE),
(904, 16398, 2, 23, 0, 'fkticon_i_023', FALSE),
(905, 16398, 3, 8, 0, 'fkticon_i_008', FALSE),
(906, 16398, 4, 18, 0, 'fkticon_i_018', FALSE),
(907, 16398, 5, 12, 0, 'fkticon_i_012', TRUE),
(908, 16398, 6, 12, 0, 'fkticon_i_012', FALSE),
(909, 16398, 7, 26, 0, 'fkticon_i_026', FALSE),
(910, 16398, 8, 201, 0, 'fkticon_i_201', FALSE),
(911, 16398, 9, 13, 0, 'fkticon_i_013', FALSE),
(912, 16398, 10, 111, 0, 'fkticon_i_111', FALSE),
(913, 16398, 11, 36, 0, 'fkticon_i_036', FALSE),
(914, 16398, 12, 45, 0, 'fkticon_i_045', TRUE),
(915, 16398, 13, 45, 0, 'fkticon_i_045', TRUE),
(916, 16398, 14, 122, 0, 'fkticon_i_122', TRUE),
(917, 16398, 15, 37, 0, 'fkticon_i_037', FALSE),
(918, 16402, 0, 1, 1, 'fkticon_a_001', FALSE),
(919, 16402, 1, 12, 0, 'fkticon_i_012', TRUE),
(920, 16402, 2, 23, 0, 'fkticon_i_023', FALSE),
(921, 16402, 3, 8, 0, 'fkticon_i_008', FALSE),
(922, 16402, 4, 18, 0, 'fkticon_i_018', FALSE),
(923, 16402, 5, 41, 0, 'fkticon_i_041', FALSE),
(924, 16402, 6, 42, 0, 'fkticon_i_042', FALSE),
(925, 16402, 7, 12, 0, 'fkticon_i_012', FALSE),
(926, 16402, 8, 141, 0, 'fkticon_i_141', FALSE),
(927, 16402, 9, 20, 0, 'fkticon_i_020', FALSE),
(928, 16402, 10, 112, 0, 'fkticon_i_112', FALSE),
(929, 16402, 11, 134, 0, 'fkticon_i_134', TRUE),
(930, 16402, 12, 25, 0, 'fkticon_i_025', TRUE),
(931, 16402, 13, 29, 0, 'fkticon_i_029', FALSE),
(932, 16402, 14, 101, 0, 'fkticon_i_101', FALSE),
(933, 16402, 15, 129, 0, 'fkticon_i_129', FALSE),
(934, 16402, 16, 108, 0, 'fkticon_i_108', TRUE),
(935, 16402, 17, 37, 0, 'fkticon_i_037', FALSE),
(936, 16402, 18, 92, 0, 'fkticon_i_092', TRUE),
(937, 16402, 19, 242, 0, 'fkticon_i_242', FALSE),
(938, 16402, 20, 89, 0, 'fkticon_i_089', FALSE),
(939, 16402, 21, 11, 0, 'fkticon_i_011', TRUE),
(940, 16402, 22, 6, 0, 'fkticon_i_006', FALSE),
(941, 16402, 23, 5, 0, 'fkticon_i_005', FALSE),
(942, 16402, 24, 28, 0, 'fkticon_i_028', FALSE),
(943, 16416, 0, 1, 1, 'fkticon_a_001', FALSE),
(944, 16416, 1, 12, 0, 'fkticon_i_012', TRUE),
(945, 16416, 2, 5, 0, 'fkticon_i_005', FALSE),
(946, 16416, 3, 8, 0, 'fkticon_i_008', FALSE),
(947, 16416, 4, 18, 0, 'fkticon_i_018', FALSE),
(948, 16416, 5, 118, 0, 'fkticon_i_118', FALSE),
(949, 16416, 6, 4, 0, 'fkticon_i_004', FALSE),
(950, 16416, 7, 2, 0, 'fkticon_i_002', FALSE),
(951, 16416, 8, 252, 0, 'fkticon_i_252', TRUE),
(952, 16416, 9, 252, 0, 'fkticon_i_252', TRUE),
(953, 16416, 10, 29, 0, 'fkticon_i_029', FALSE),
(954, 16416, 11, 116, 0, 'fkticon_i_116', FALSE),
(955, 16416, 12, 129, 0, 'fkticon_i_129', FALSE),
(956, 16416, 13, 108, 0, 'fkticon_i_108', FALSE);             
INSERT INTO "jcs"."locomotive_functions" VALUES
(957, 16416, 14, 11, 0, 'fkticon_i_011', TRUE),
(958, 16416, 15, 43, 0, 'fkticon_i_043', TRUE),
(959, 16416, 16, 25, 0, 'fkticon_i_025', FALSE),
(960, 16416, 17, 45, 0, 'fkticon_i_045', FALSE),
(961, 16416, 18, 20, 1, 'fkticon_a_020', FALSE),
(962, 16416, 19, 28, 0, 'fkticon_i_028', FALSE),
(963, 16416, 20, 5, 0, 'fkticon_i_005', TRUE),
(964, 16416, 21, 6, 0, 'fkticon_i_006', FALSE),
(965, 16416, 22, 103, 0, 'fkticon_i_103', FALSE),
(966, 16416, 23, 37, 0, 'fkticon_i_037', FALSE),
(967, 16416, 25, 42, 0, 'fkticon_i_042', FALSE),
(968, 16416, 26, 41, 0, 'fkticon_i_041', FALSE),
(969, 16416, 27, 103, 0, 'fkticon_i_103', FALSE),
(970, 16416, 28, 103, 0, 'fkticon_i_103', FALSE),
(971, 16416, 29, 103, 0, 'fkticon_i_103', FALSE),
(972, 16417, 0, 1, 1, 'fkticon_a_001', FALSE),
(973, 16417, 1, 5, 0, 'fkticon_i_005', FALSE),
(974, 16417, 2, 10, 0, 'fkticon_i_010', TRUE),
(975, 16417, 3, 10, 0, 'fkticon_i_010', TRUE),
(976, 16417, 4, 6, 0, 'fkticon_i_006', FALSE),
(977, 16417, 5, 48, 0, 'fkticon_i_048', FALSE),
(978, 16417, 6, 8, 0, 'fkticon_i_008', FALSE),
(979, 16417, 7, 2, 0, 'fkticon_i_002', FALSE),
(980, 16417, 8, 3, 0, 'fkticon_i_003', FALSE),
(981, 16417, 9, 1, 0, 'fkticon_i_001', FALSE),
(982, 16417, 10, 5, 0, 'fkticon_i_005', FALSE),
(983, 16417, 11, 43, 0, 'fkticon_i_043', FALSE),
(984, 16417, 12, 5, 0, 'fkticon_i_005', FALSE),
(985, 16417, 13, 11, 0, 'fkticon_i_011', TRUE),
(986, 16417, 14, 45, 0, 'fkticon_i_045', TRUE),
(987, 16417, 15, 29, 0, 'fkticon_i_029', FALSE),
(988, 16417, 16, 28, 0, 'fkticon_i_028', FALSE),
(989, 16417, 17, 5, 0, 'fkticon_i_005', FALSE),
(990, 16417, 18, 45, 0, 'fkticon_i_045', TRUE),
(991, 16417, 19, 5, 0, 'fkticon_i_005', TRUE),
(992, 16417, 20, 129, 0, 'fkticon_i_129', FALSE),
(993, 16417, 21, 23, 0, 'fkticon_i_023', TRUE),
(994, 16417, 22, 45, 0, 'fkticon_i_045', TRUE),
(995, 16417, 23, 103, 0, 'fkticon_i_103', TRUE),
(996, 16417, 24, 116, 0, 'fkticon_i_116', FALSE),
(997, 16417, 25, 108, 0, 'fkticon_i_108', TRUE),
(998, 16417, 26, 109, 0, 'fkticon_i_109', FALSE),
(999, 16417, 27, 20, 0, 'fkticon_i_020', FALSE),
(1000, 16417, 28, 5, 0, 'fkticon_i_005', FALSE),
(1001, 16417, 29, 103, 0, 'fkticon_i_103', TRUE),
(1002, 16417, 30, 103, 0, 'fkticon_i_103', TRUE),
(1003, 16417, 31, 37, 0, 'fkticon_i_037', FALSE),
(1004, 16400, 0, 282, 0, 'fkticon_i_282', FALSE),
(1005, 16400, 1, 23, 0, 'fkticon_i_023', FALSE),
(1006, 16400, 2, 251, 0, 'fkticon_i_251', TRUE),
(1007, 16400, 3, 37, 0, 'fkticon_i_037', FALSE),
(1008, 16400, 4, 28, 0, 'fkticon_i_028', TRUE),
(1009, 16400, 5, 2, 1, 'fkticon_a_002', FALSE),
(1010, 16400, 6, 8, 0, 'fkticon_i_008', FALSE),
(1011, 16400, 7, 11, 0, 'fkticon_i_011', TRUE),
(1012, 16400, 8, 25, 0, 'fkticon_i_025', TRUE),
(1013, 16400, 9, 125, 0, 'fkticon_i_125', FALSE),
(1014, 16400, 10, 5, 0, 'fkticon_i_005', TRUE),
(1015, 16400, 11, 48, 0, 'fkticon_i_048', FALSE),
(1016, 16400, 12, 18, 0, 'fkticon_i_018', FALSE),
(1017, 16400, 13, 10, 0, 'fkticon_i_010', TRUE),
(1018, 16400, 14, 5, 0, 'fkticon_i_005', TRUE),
(1019, 16420, 0, 1, 1, 'fkticon_a_001', FALSE),
(1020, 16420, 1, 126, 0, 'fkticon_i_126', FALSE),
(1021, 16420, 2, 23, 0, 'fkticon_i_023', FALSE),
(1022, 16420, 3, 10, 0, 'fkticon_i_010', FALSE),
(1023, 16420, 4, 18, 0, 'fkticon_i_018', FALSE),
(1024, 16420, 5, 48, 0, 'fkticon_i_048', FALSE),
(1025, 16420, 6, 41, 0, 'fkticon_i_041', FALSE),
(1026, 16420, 7, 10, 0, 'fkticon_i_010', TRUE),
(1027, 16420, 8, 42, 0, 'fkticon_i_042', FALSE),
(1028, 16420, 9, 20, 0, 'fkticon_i_020', FALSE),
(1029, 16420, 10, 29, 0, 'fkticon_i_029', FALSE),
(1030, 16420, 11, 11, 0, 'fkticon_i_011', FALSE),
(1031, 16420, 12, 116, 0, 'fkticon_i_116', FALSE),
(1032, 16420, 13, 92, 0, 'fkticon_i_092', TRUE),
(1033, 16420, 14, 8, 0, 'fkticon_i_008', FALSE),
(1034, 16420, 15, 112, 0, 'fkticon_i_112', FALSE),
(1035, 16420, 16, 108, 0, 'fkticon_i_108', TRUE),
(1036, 16420, 17, 5, 0, 'fkticon_i_005', FALSE),
(1037, 49166, 0, 1, 1, 'fkticon_a_001', FALSE),
(1038, 49166, 1, 42, 0, 'fkticon_i_042', FALSE),
(1039, 49166, 2, 41, 0, 'fkticon_i_041', FALSE),
(1040, 49166, 3, 8, 0, 'fkticon_i_008', FALSE);   
INSERT INTO "jcs"."locomotive_functions" VALUES
(1041, 49166, 4, 18, 0, 'fkticon_i_018', FALSE),
(1042, 49166, 5, 47, 0, 'fkticon_i_047', FALSE),
(1043, 49166, 6, 56, 0, 'fkticon_i_056', FALSE),
(1044, 49166, 7, 57, 0, 'fkticon_i_057', FALSE);            
CREATE UNIQUE NULLS DISTINCT INDEX "jcs"."lofu_pk_idx" ON "jcs"."locomotive_functions"("id" NULLS FIRST);      
CREATE UNIQUE NULLS DISTINCT INDEX "jcs"."lofu_loid_fnum_un_idx" ON "jcs"."locomotive_functions"("locomotive_id" NULLS FIRST, "f_number" NULLS FIRST);         
CREATE CACHED TABLE "jcs"."locomotives"(
    "id" BIGINT NOT NULL,
    "name" CHARACTER VARYING(255) NOT NULL,
    "uid" BIGINT,
    "address" INTEGER NOT NULL,
    "icon" CHARACTER VARYING(255),
    "decoder_type" CHARACTER VARYING(255) NOT NULL,
    "tacho_max" INTEGER,
    "v_min" INTEGER,
    "velocity" INTEGER,
    "synchronize" BOOLEAN DEFAULT FALSE NOT NULL,
    "imported" CHARACTER VARYING(255),
    "commuter" BOOLEAN DEFAULT FALSE NOT NULL,
    "show" BOOLEAN DEFAULT TRUE NOT NULL,
    "command_station_id" CHARACTER VARYING(255) NOT NULL,
    "dispatcher_direction" CHARACTER VARYING(255),
    "locomotive_direction" CHARACTER VARYING(255),
    "speed_1" INTEGER,
    "speed_2" INTEGER,
    "speed_3" INTEGER,
    "speed_4" INTEGER
);  
ALTER TABLE "jcs"."locomotives" ADD CONSTRAINT "jcs"."loco_pk" PRIMARY KEY("id");              
-- 62 +/- SELECT COUNT(*) FROM jcs.locomotives;
INSERT INTO "jcs"."locomotives" VALUES
(2, 'BR 81 002', 2, 2, '/Users/fransjacobs/jcs/cache/cs/db br 81 008.png', 'mm', 80, 1, 0, TRUE, 'Manual Updated', FALSE, FALSE, 'marklin.cs', NULL, 'FORWARDS', NULL, NULL, NULL, NULL),
(3, 'DB bzf 761', 3, 3, 'DB bzf 761', 'mm', 120, 0, 0, TRUE, 'Manual Updated', FALSE, FALSE, 'marklin.cs', NULL, 'FORWARDS', NULL, NULL, NULL, NULL),
(12, 'BR 141 015-08', 12, 12, '/Users/fransjacobs/jcs/cache/cs/db br 141 136-2.png', 'mm', 120, 0, 400, TRUE, 'Manual Updated', FALSE, FALSE, 'marklin.cs', NULL, 'FORWARDS', NULL, NULL, NULL, NULL),
(15, 'MOTORPOST', 15, 15, '/Users/fransjacobs/jcs/cache/cs/ns 3020 ptt post.png', 'mm', 120, 0, 0, TRUE, 'Manual Updated', FALSE, FALSE, 'marklin.cs', NULL, 'FORWARDS', NULL, NULL, NULL, NULL),
(23, 'BR 101 003-2', 23, 23, '/Users/fransjacobs/jcs/cache/cs/db br 101 109-7.png', 'mm', 200, 0, 0, TRUE, 'Manual Updated', FALSE, TRUE, 'marklin.cs', NULL, 'FORWARDS', NULL, NULL, NULL, NULL),
(39, 'NS 1631', 39, 39, '/Users/fransjacobs/jcs/cache/cs/ns 1652.png', 'mm', 120, 0, 0, TRUE, 'Manual Updated', FALSE, FALSE, 'marklin.cs', NULL, 'FORWARDS', NULL, NULL, NULL, NULL),
(61, 'BR 610', 61, 61, '/Users/fransjacobs/jcs/cache/cs/db br 610 015-0.png', 'mm', 120, 0, 0, TRUE, 'Manual Updated', TRUE, TRUE, 'marklin.cs', NULL, 'FORWARDS', NULL, NULL, NULL, NULL),
(63, 'NS 6513', 63, 63, '/Users/fransjacobs/jcs/cache/cs/ns 6513.png', 'mm', 120, 0, 0, TRUE, 'Manual Updated', FALSE, TRUE, 'marklin.cs', NULL, 'FORWARDS', NULL, NULL, NULL, NULL),
(68, 'NS 1309', 68, 68, 'NS 1309', 'mm', 120, 0, 0, TRUE, 'Manual Updated', FALSE, FALSE, 'marklin.cs', NULL, 'FORWARDS', NULL, NULL, NULL, NULL),
(1000, '193 304-3 DB AG', 1000, 0, '/Users/fransjacobs/jcs/cache/ecos/loco_type_e-image_type_int-36.png', 'mfx', 126, NULL, 0, TRUE, 'ECoS', FALSE, TRUE, 'esu-ecos', NULL, 'BACKWARDS', NULL, NULL, NULL, NULL),
(1001, 'SNCB/NMBS HLE 27', 1001, 3, '/Users/fransjacobs/jcs/cache/ecos/loco_type_e-image_type_int-2.png', 'dcc128', 126, NULL, 0, TRUE, 'ECoS', FALSE, TRUE, 'esu-ecos', NULL, 'FORWARDS', NULL, NULL, NULL, NULL),
(1002, 'FS236-002', 1002, 14, '/Users/fransjacobs/jcs/cache/ecos/loco_type_diesel-image_type_int-14.png', 'dcc28', 126, NULL, 0, TRUE, 'ECoS', FALSE, TRUE, 'esu-ecos', NULL, 'FORWARDS', NULL, NULL, NULL, NULL),
(1003, 'NS 6505', 1003, 8, '/Users/fransjacobs/jcs/cache/ecos/loco_type_diesel-image_type_int-21.png', 'dcc28', 126, NULL, 0, TRUE, 'ECoS', FALSE, TRUE, 'esu-ecos', NULL, 'BACKWARDS', NULL, NULL, NULL, NULL),
(1004, 'NS 1205', 1004, 11, '/Users/fransjacobs/jcs/cache/ecos/loco_type_e-image_type_int-46.png', 'dcc28', 126, NULL, 0, TRUE, 'ECoS', FALSE, TRUE, 'esu-ecos', NULL, 'FORWARDS', NULL, NULL, NULL, NULL),
(1005, 'DB-141-015-8', 1005, 12, '/Users/fransjacobs/jcs/cache/ecos/loco_type_e-image_type_int-37.png', 'mm14', 126, NULL, 0, TRUE, 'ECoS', FALSE, TRUE, 'esu-ecos', NULL, 'BACKWARDS', NULL, NULL, NULL, NULL),
(1006, 'BR-81-002', 1006, 2, '/Users/fransjacobs/jcs/cache/ecos/loco_type_steam-image_type_int-77.png', 'mm14', 126, NULL, 0, TRUE, 'ECoS', FALSE, TRUE, 'esu-ecos', NULL, 'FORWARDS', NULL, NULL, NULL, NULL),
(1007, 'NS 1139', 1007, 5, '/Users/fransjacobs/jcs/cache/ecos/loco_type_e-image_type_int-37.png', 'dcc14', 126, NULL, 0, TRUE, 'ECoS', FALSE, TRUE, 'esu-ecos', NULL, 'BACKWARDS', NULL, NULL, NULL, NULL),
(1008, 'NS 1309', 1008, 68, '/Users/fransjacobs/jcs/cache/ecos/loco_type_e-image_type_int-35.png', 'dcc28', 126, NULL, 0, TRUE, 'ECoS', FALSE, TRUE, 'esu-ecos', NULL, 'FORWARDS', NULL, NULL, NULL, NULL),
(1009, 'Plan V', 1009, 7, '/Users/fransjacobs/jcs/cache/ecos/loco_type_e-image_type_int-53.png', 'dcc28', 126, NULL, 0, TRUE, 'ECoS', FALSE, TRUE, 'esu-ecos', NULL, 'FORWARDS', NULL, NULL, NULL, NULL),
(1010, 'BR 18.4 / Bayr. ', 1010, 9, '/Users/fransjacobs/jcs/cache/ecos/loco_type_steam-image_type_int-0.png', 'dcc28', 126, NULL, 0, TRUE, 'ECoS', FALSE, TRUE, 'esu-ecos', NULL, 'FORWARDS', NULL, NULL, NULL, NULL),
(1011, '247 047-4 DB', 1011, 0, '/Users/fransjacobs/jcs/cache/ecos/loco_type_diesel-image_type_int-21.png', 'mfx', 126, NULL, 0, TRUE, 'ECoS', FALSE, TRUE, 'esu-ecos', NULL, 'BACKWARDS', NULL, NULL, NULL, NULL);             
INSERT INTO "jcs"."locomotives" VALUES
(1012, '66 K714 CFL', 1012, 0, '/Users/fransjacobs/jcs/cache/ecos/loco_type_diesel-image_type_int-21.png', 'mfx', 126, NULL, 0, TRUE, 'ECoS', FALSE, TRUE, 'esu-ecos', NULL, 'FORWARDS', NULL, NULL, NULL, NULL),
(1013, 'BR 216 059-6', 1013, 0, '/Users/fransjacobs/jcs/cache/ecos/loco_type_diesel-image_type_int-21.png', 'mfx', 126, NULL, 0, TRUE, 'ECoS', FALSE, TRUE, 'esu-ecos', NULL, 'FORWARDS', NULL, NULL, NULL, NULL),
(1018, 'V 200 027 DB', 1018, 0, '/Users/fransjacobs/jcs/cache/ecos/loco_type_diesel-image_type_int-21.png', 'mfx', 126, NULL, 0, TRUE, 'ECoS', FALSE, TRUE, 'esu-ecos', NULL, 'FORWARDS', NULL, NULL, NULL, NULL),
(16389, '193 304-3 DB AG', 5, 5, '/Users/fransjacobs/jcs/cache/cs/db br 193 304-3.png', 'mfx', 160, 5, 0, TRUE, 'Manual Updated', FALSE, FALSE, 'marklin.cs', NULL, 'FORWARDS', NULL, NULL, NULL, NULL),
(16390, '152 119-4 DBAG', 6, 6, '/Users/fransjacobs/jcs/cache/cs/db br 152 119-4.png', 'mfxp', 140, 4, 65, TRUE, 'Manual Updated', FALSE, FALSE, 'marklin.cs', NULL, 'FORWARDS', NULL, NULL, NULL, NULL),
(16391, 'DB 640 017-9', 7, 7, '/Users/fransjacobs/jcs/cache/cs/db br 640 017-9.png', 'mfx', 100, 8, 0, TRUE, 'Manual Updated', TRUE, FALSE, 'marklin.cs', NULL, 'FORWARDS', NULL, NULL, NULL, NULL),
(16392, 'BR 44 690', 8, 8, '/Users/fransjacobs/jcs/cache/cs/db br 44 100.png', 'mfx', 80, 5, 0, TRUE, 'Manual Updated', FALSE, FALSE, 'marklin.cs', NULL, 'FORWARDS', NULL, NULL, NULL, NULL),
(16393, 'Rheingold 1', 9, 9, '/Users/fransjacobs/jcs/cache/cs/db br 18 537.png', 'mfx', 81, 4, 0, TRUE, 'Manual Updated', FALSE, FALSE, 'marklin.cs', NULL, 'FORWARDS', NULL, NULL, NULL, NULL),
(16394, '561-05 RRF', 10, 10, '56-05 RRF', 'mfxp', 120, 5, 0, TRUE, 'Manual Updated', FALSE, FALSE, 'marklin.cs', NULL, 'FORWARDS', NULL, NULL, NULL, NULL),
(16395, 'E 186 007-8 NS', 11, 11, '/Users/fransjacobs/jcs/cache/cs/ns 186 012-8.png', 'mfx', 140, 5, 0, TRUE, 'Manual Updated', FALSE, FALSE, 'marklin.cs', NULL, 'FORWARDS', NULL, NULL, NULL, NULL),
(16396, 'BR 216 059-6', 16396, 12, '/Users/fransjacobs/jcs/cache/cs/db br 216 059-6.png', 'mfx', 120, 5, 0, TRUE, 'Manual Updated', FALSE, TRUE, 'marklin.cs', NULL, 'FORWARDS', NULL, NULL, NULL, NULL),
(16397, 'NS 1139', 16397, 13, '/Users/fransjacobs/jcs/cache/cs/ns 1136.png', 'mfx', 140, 6, 0, TRUE, 'CS', FALSE, TRUE, 'marklin.cs', NULL, 'FORWARDS', NULL, NULL, NULL, NULL),
(16398, 'Rheingold 2', 14, 14, '/Users/fransjacobs/jcs/cache/cs/db br 18 473.png', 'mfx', 81, 4, 0, TRUE, 'Manual Updated', FALSE, FALSE, 'marklin.cs', NULL, 'FORWARDS', NULL, NULL, NULL, NULL),
(16399, 'Bpmbdzf 107-5', 15, 15, '/Users/fransjacobs/jcs/cache/cs/db bpmbdzf 296.1.png', 'mfx', 121, 4, 0, TRUE, 'Manual Updated', FALSE, FALSE, 'marklin.cs', NULL, 'FORWARDS', NULL, NULL, NULL, NULL),
(16400, 'SVT 137', 16, 16, '/Users/fransjacobs/jcs/cache/cs/drg svt 137 150.png', 'mfx', 100, 3, 0, TRUE, 'Manual Updated', FALSE, FALSE, 'marklin.cs', NULL, 'FORWARDS', NULL, NULL, NULL, NULL),
(16401, 'BR 01-097', 17, 17, '/Users/fransjacobs/jcs/cache/cs/db br 01 047.png', 'mfx', 120, 4, 0, TRUE, 'Manual Updated', FALSE, FALSE, 'marklin.cs', NULL, 'FORWARDS', NULL, NULL, NULL, NULL),
(16402, 'SBB Ce 6/8 14305', 18, 18, '/Users/fransjacobs/jcs/cache/cs/sbb ce 6_8 14305 hist.png', 'mfx', 75, 4, 0, TRUE, 'Manual Updated', FALSE, FALSE, 'marklin.cs', NULL, 'FORWARDS', NULL, NULL, NULL, NULL),
(16403, '193 733-3 NS', 19, 19, '/Users/fransjacobs/jcs/cache/cs/ns 193 733-3.png', 'mfxp', 160, 4, 0, TRUE, 'Manual Updated', FALSE, FALSE, 'marklin.cs', NULL, 'FORWARDS', NULL, NULL, NULL, NULL),
(16404, 'NS 6503', 20, 20, '/Users/fransjacobs/jcs/cache/cs/ns 6409.png', 'mfx', 120, 3, 0, TRUE, 'Manual Updated', FALSE, TRUE, 'marklin.cs', NULL, 'FORWARDS', NULL, NULL, NULL, NULL),
(16405, 'NS 6505', 21, 21, '/Users/fransjacobs/jcs/cache/cs/ns dhg 6505.png', 'mfx', 80, 3, 0, TRUE, 'Manual Updated', FALSE, FALSE, 'marklin.cs', NULL, 'FORWARDS', NULL, NULL, NULL, NULL),
(16406, 'DHG 700 VW', 22, 22, '/Users/fransjacobs/jcs/cache/cs/dhg 700 vw.png', 'mfx', 100, 3, 0, TRUE, 'Manual Updated', FALSE, FALSE, 'marklin.cs', NULL, 'FORWARDS', NULL, NULL, NULL, NULL);        
INSERT INTO "jcs"."locomotives" VALUES
(16407, '1102 RRF G2000', 23, 23, '/Users/fransjacobs/jcs/cache/cs/rrf 272 001-9.png', 'mfxp', 140, 5, 0, TRUE, 'Manual Updated', FALSE, FALSE, 'marklin.cs', NULL, 'FORWARDS', NULL, NULL, NULL, NULL),
(16408, '1707 NS', 24, 24, '/Users/fransjacobs/jcs/cache/cs/ns 1707.png', 'mfxp', 140, 4, 0, TRUE, 'Manual Updated', FALSE, FALSE, 'marklin.cs', NULL, 'FORWARDS', NULL, NULL, NULL, NULL),
(16409, 'BR 260 471-1', 25, 25, '/Users/fransjacobs/jcs/cache/cs/db br 260 423-9.png', 'mfx', 100, 3, 0, TRUE, 'Manual Updated', FALSE, FALSE, 'marklin.cs', NULL, 'FORWARDS', NULL, NULL, NULL, NULL),
(16410, 'RE 460 004-5', 26, 26, '/Users/fransjacobs/jcs/cache/cs/sbb re 460 006-0.png', 'mfx', 160, 3, 0, TRUE, 'Manual Updated', FALSE, FALSE, 'marklin.cs', NULL, 'FORWARDS', NULL, NULL, NULL, NULL),
(16411, 'BR 610 514-2', 27, 27, 'DB BR 610 514-2', 'mfx', 100, 3, 0, TRUE, 'Manual Updated', FALSE, FALSE, 'marklin.cs', NULL, 'FORWARDS', NULL, NULL, NULL, NULL),
(16412, 'NS 1855', 28, 28, '/Users/fransjacobs/jcs/cache/cs/ns 1855.png', 'mfx', 100, 3, 0, TRUE, 'Manual Updated', FALSE, FALSE, 'marklin.cs', NULL, 'FORWARDS', NULL, NULL, NULL, NULL),
(16413, 'Hondekop 4', 29, 29, 'hondekop-4', 'mfx', 100, 3, 0, TRUE, 'Manual Updated', FALSE, FALSE, 'marklin.cs', NULL, 'FORWARDS', NULL, NULL, NULL, NULL),
(16414, 'ICE 406 353-3', 30, 30, '/Users/fransjacobs/jcs/cache/cs/db br 403 005-2 ice3.png', 'mfx', 100, 3, 0, TRUE, 'Manual Updated', FALSE, FALSE, 'marklin.cs', NULL, 'FORWARDS', NULL, NULL, NULL, NULL),
(16415, 'RAm TEE 501 SBB', 31, 31, '/Users/fransjacobs/jcs/cache/cs/sbb ram edelweiss.png', 'mfxp', 140, 6, 0, TRUE, 'Manual Updated', FALSE, FALSE, 'marklin.cs', NULL, 'FORWARDS', NULL, NULL, NULL, NULL),
(16416, 'SBB Re 4/4 II', 32, 32, '/Users/fransjacobs/jcs/cache/cs/sbb re 420 227-1.png', 'mfx', 100, 3, 0, TRUE, 'Manual Updated', FALSE, FALSE, 'marklin.cs', NULL, 'FORWARDS', NULL, NULL, NULL, NULL),
(16417, 'SNCB/NMBS HLE 27', 33, 33, 'SNCB 1186', 'mfx', 100, 2, 0, TRUE, 'Manual Updated', FALSE, FALSE, 'marklin.cs', NULL, 'FORWARDS', NULL, NULL, NULL, NULL),
(16418, 'BR 221 104-3', 34, 34, '/Users/fransjacobs/jcs/cache/cs/db br 221 120-9.png', 'mfx', 100, 3, 0, TRUE, 'Manual Updated', FALSE, FALSE, 'marklin.cs', NULL, 'FORWARDS', NULL, NULL, NULL, NULL),
(16419, 'Northlander ONR', 35, 35, '/Users/fransjacobs/jcs/cache/cs/onr nothlander.png', 'mfxp', 140, 6, 0, TRUE, 'Manual Updated', FALSE, FALSE, 'marklin.cs', NULL, 'FORWARDS', NULL, NULL, NULL, NULL),
(16420, 'V 200 027 DB', 36, 36, '/Users/fransjacobs/jcs/cache/cs/msd3_logo.png', 'mfx', 140, 4, 0, TRUE, 'Manual Updated', FALSE, FALSE, 'marklin.cs', NULL, 'FORWARDS', NULL, NULL, NULL, NULL),
(16421, '247 047-4 DB', 37, 37, '/Users/fransjacobs/jcs/cache/cs/247 047-4 DB.png', 'mfxp', 120, 5, 2, TRUE, 'Manual Updated', FALSE, FALSE, 'marklin.cs', NULL, 'FORWARDS', NULL, NULL, NULL, NULL),
(49156, 'NS Plan Y', 4, 4, 'NS Plan Y', 'dcc', 120, 0, 0, TRUE, 'Manual Updated', FALSE, FALSE, 'marklin.cs', NULL, 'FORWARDS', NULL, NULL, NULL, NULL),
(49159, 'NS Plan V', 7, 7, 'NS Plan V', 'dcc', 120, 0, 0, TRUE, 'Manual Updated', FALSE, FALSE, 'marklin.cs', NULL, 'FORWARDS', NULL, NULL, NULL, NULL),
(49163, 'NS 1205', 11, 11, '/Users/fransjacobs/jcs/cache/cs/ns 1211.png', 'dcc', 120, 0, 0, TRUE, 'Manual Updated', FALSE, TRUE, 'marklin.cs', NULL, 'FORWARDS', NULL, NULL, NULL, NULL),
(49166, 'V36 236 002', 14, 14, '/Users/fransjacobs/jcs/cache/cs/fs d.236.002.png', 'dcc', 80, 0, 0, TRUE, 'Manual Updated', FALSE, FALSE, 'marklin.cs', NULL, 'FORWARDS', NULL, NULL, NULL, NULL),
(49189, 'NS 1720', 37, 37, '/Users/fransjacobs/jcs/cache/cs/ns 1714.png', 'dcc', 120, 0, 0, TRUE, 'Manual Updated', FALSE, FALSE, 'marklin.cs', NULL, 'FORWARDS', NULL, NULL, NULL, NULL);          
CREATE UNIQUE NULLS DISTINCT INDEX "jcs"."loco_pk_idx" ON "jcs"."locomotives"("id" NULLS FIRST);               
CREATE CACHED TABLE "jcs"."command_stations"(
    "id" CHARACTER VARYING(255) NOT NULL,
    "description" CHARACTER VARYING(255) NOT NULL,
    "short_name" CHARACTER VARYING(255) NOT NULL,
    "class_name" CHARACTER VARYING(255) NOT NULL,
    "connect_via" CHARACTER VARYING(255) NOT NULL,
    "serial_port" CHARACTER VARYING(255),
    "ip_address" CHARACTER VARYING(255),
    "network_port" INTEGER,
    "ip_auto_conf" BOOLEAN DEFAULT FALSE NOT NULL,
    "supports_decoder_control" BOOLEAN DEFAULT TRUE NOT NULL,
    "supports_accessory_control" BOOLEAN DEFAULT TRUE NOT NULL,
    "supports_feedback" BOOLEAN DEFAULT TRUE NOT NULL,
    "supports_loco_synch" BOOLEAN DEFAULT FALSE NOT NULL,
    "supports_accessory_synch" BOOLEAN DEFAULT FALSE NOT NULL,
    "supports_loco_image_synch" BOOLEAN DEFAULT FALSE NOT NULL,
    "supports_loco_function_synch" BOOLEAN DEFAULT FALSE NOT NULL,
    "protocols" CHARACTER VARYING(255) DEFAULT 'DCC' NOT NULL,
    "default_cs" BOOLEAN DEFAULT FALSE NOT NULL,
    "enabled" BOOLEAN DEFAULT FALSE NOT NULL,
    "last_used_serial" CHARACTER VARYING(255),
    "sup_conn_types" CHARACTER VARYING(255) NOT NULL,
    "feedback_module_id" CHARACTER VARYING(255),
    "feedback_bus_count" INTEGER,
    "feedback_bus_0_module_count" INTEGER,
    "feedback_bus_1_module_count" INTEGER,
    "feedback_bus_2_module_count" INTEGER,
    "feedback_bus_3_module_count" INTEGER,
    "virtual" BOOLEAN DEFAULT FALSE NOT NULL
);         
ALTER TABLE "jcs"."command_stations" ADD CONSTRAINT "jcs"."command_station_pk" PRIMARY KEY("id");              
-- 5 +/- SELECT COUNT(*) FROM jcs.command_stations;            
INSERT INTO "jcs"."command_stations" VALUES
('marklin.cs', 'Marklin Central Station 2/3', 'CS', 'jcs.commandStation.marklin.cs.MarklinCentralStationImpl', 'NETWORK', NULL, '192.168.1.180', 15731, TRUE, TRUE, TRUE, TRUE, TRUE, TRUE, TRUE, TRUE, 'DCC,MFX,MM', TRUE, TRUE, NULL, 'NETWORK', NULL, NULL, NULL, NULL, NULL, NULL, FALSE),
('dcc-ex', 'DCC-EX', 'dcc-ex', 'jcs.commandStation.dccex.DccExCommandStationImpl', 'NETWORK', NULL, '192.168.178.73', 2560, FALSE, TRUE, TRUE, FALSE, FALSE, FALSE, FALSE, FALSE, 'DCC', FALSE, FALSE, NULL, 'NETWORK,SERIAL', NULL, NULL, NULL, NULL, NULL, NULL, FALSE),
('hsi-s88', 'HSI S88', 'HSI', 'jcs.commandStation.hsis88.HSIImpl', 'SERIAL', NULL, NULL, 0, FALSE, FALSE, FALSE, TRUE, FALSE, FALSE, FALSE, FALSE, '', FALSE, FALSE, NULL, 'SERIAL', '0', 1, 6, 0, 0, 0, FALSE),
('virtual', 'Virtual CS', 'VIR', 'jcs.commandStation.virtual.VirtualCommandStationImpl', 'NETWORK', NULL, '127.0.0.1', 0, FALSE, TRUE, TRUE, TRUE, FALSE, FALSE, FALSE, FALSE, 'dcc', FALSE, FALSE, '1', 'NETWORK', '0', 1, 1, 0, 0, 0, TRUE),
('esu-ecos', 'ESU ECoS', 'ECoS', 'jcs.commandStation.esu.ecos.EsuEcosCommandStationImpl', 'NETWORK', NULL, '192.168.1.110', 15471, TRUE, TRUE, TRUE, TRUE, TRUE, TRUE, TRUE, TRUE, 'DCC,MFX,MM', FALSE, FALSE, '1', 'NETWORK', '0', 0, 0, 0, 0, 0, FALSE);               
CREATE UNIQUE NULLS DISTINCT INDEX "jcs"."command_station_pk_idx" ON "jcs"."command_stations"("id" NULLS FIRST);               
CREATE CACHED TABLE "jcs"."route_elements"(
    "id" BIGINT GENERATED BY DEFAULT AS IDENTITY(START WITH 1 RESTART WITH 4595) SELECTIVITY 100 NOT NULL,
    "route_id" CHARACTER VARYING(255) SELECTIVITY 4 NOT NULL,
    "node_id" CHARACTER VARYING(255) SELECTIVITY 71 NOT NULL,
    "tile_id" CHARACTER VARYING(255) SELECTIVITY 66 NOT NULL,
    "accessory_value" CHARACTER VARYING(255) SELECTIVITY 1,
    "order_seq" INTEGER DEFAULT 0 SELECTIVITY 15 NOT NULL,
    "incoming_side" CHARACTER VARYING(255) SELECTIVITY 1
);            
ALTER TABLE "jcs"."route_elements" ADD CONSTRAINT "jcs"."roel_pk" PRIMARY KEY("id");           
-- 665 +/- SELECT COUNT(*) FROM jcs.route_elements;            
INSERT INTO "jcs"."route_elements" VALUES
(3930, '[bk-10+]->[bk-18-]', 'bk-10', 'bk-10', NULL, 0, NULL),
(3931, '[bk-10+]->[bk-18-]', 'bk-10+', 'bk-10', NULL, 1, NULL),
(3932, '[bk-10+]->[bk-18-]', 'se-15', 'se-15', NULL, 2, 'West'),
(3933, '[bk-10+]->[bk-18-]', 'si-4', 'si-4', NULL, 3, 'West'),
(3934, '[bk-10+]->[bk-18-]', 'se-22', 'se-22', NULL, 4, 'West'),
(3935, '[bk-10+]->[bk-18-]', 'st-50', 'st-50', NULL, 5, 'West'),
(3936, '[bk-10+]->[bk-18-]', 'sw-8', 'sw-8', 'G', 6, 'West'),
(3937, '[bk-10+]->[bk-18-]', 'st-51', 'st-51', NULL, 7, 'West'),
(3938, '[bk-10+]->[bk-18-]', 'ct-22', 'ct-22', NULL, 8, 'West'),
(3939, '[bk-10+]->[bk-18-]', 'st-53', 'st-53', NULL, 9, 'North'),
(3940, '[bk-10+]->[bk-18-]', 'st-144', 'st-144', NULL, 10, 'North'),
(3941, '[bk-10+]->[bk-18-]', 'st-145', 'st-145', NULL, 11, 'North'),
(3942, '[bk-10+]->[bk-18-]', 'st-146', 'st-146', NULL, 12, 'North'),
(3943, '[bk-10+]->[bk-18-]', 'st-147', 'st-147', NULL, 13, 'North'),
(3944, '[bk-10+]->[bk-18-]', 'cr-1', 'cr-1', NULL, 14, 'North'),
(3945, '[bk-10+]->[bk-18-]', 'cr-3', 'cr-3', NULL, 15, 'North'),
(3946, '[bk-10+]->[bk-18-]', 'st-149', 'st-149', NULL, 16, 'North'),
(3947, '[bk-10+]->[bk-18-]', 'ct-42', 'ct-42', NULL, 17, 'North'),
(3948, '[bk-10+]->[bk-18-]', 'st-172', 'st-172', NULL, 18, 'East'),
(3949, '[bk-10+]->[bk-18-]', 'st-171', 'st-171', NULL, 19, 'East'),
(3950, '[bk-10+]->[bk-18-]', 'st-170', 'st-170', NULL, 20, 'East'),
(3951, '[bk-10+]->[bk-18-]', 'st-169', 'st-169', NULL, 21, 'East'),
(3952, '[bk-10+]->[bk-18-]', 'st-168', 'st-168', NULL, 22, 'East'),
(3953, '[bk-10+]->[bk-18-]', 'st-167', 'st-167', NULL, 23, 'East'),
(3954, '[bk-10+]->[bk-18-]', 'sw-15', 'sw-15', 'G', 24, 'East'),
(3955, '[bk-10+]->[bk-18-]', 'st-156', 'st-156', NULL, 25, 'East'),
(3956, '[bk-10+]->[bk-18-]', 'sd-16', 'sd-16', NULL, 26, 'East'),
(3957, '[bk-10+]->[bk-18-]', 'st-151', 'st-151', NULL, 27, 'East'),
(3958, '[bk-10+]->[bk-18-]', 'se-57', 'se-57', NULL, 28, 'East'),
(3959, '[bk-10+]->[bk-18-]', 'bk-18-', 'bk-18', NULL, 29, 'East'),
(3960, '[bk-3+]->[bk-14-]', 'bk-3', 'bk-3', NULL, 0, NULL),
(3961, '[bk-3+]->[bk-14-]', 'bk-3+', 'bk-3', NULL, 1, NULL),
(3962, '[bk-3+]->[bk-14-]', 'se-19', 'se-19', NULL, 2, 'North'),
(3963, '[bk-3+]->[bk-14-]', 'se-54', 'se-54', NULL, 3, 'North'),
(3964, '[bk-3+]->[bk-14-]', 'st-114', 'st-114', NULL, 4, 'North'),
(3965, '[bk-3+]->[bk-14-]', 'st-115', 'st-115', NULL, 5, 'North'),
(3966, '[bk-3+]->[bk-14-]', 'st-116', 'st-116', NULL, 6, 'North'),
(3967, '[bk-3+]->[bk-14-]', 'st-117', 'st-117', NULL, 7, 'North'),
(3968, '[bk-3+]->[bk-14-]', 'ct-41', 'ct-41', NULL, 8, 'North'),
(3969, '[bk-3+]->[bk-14-]', 'st-137', 'st-137', NULL, 9, 'East'),
(3970, '[bk-3+]->[bk-14-]', 'cr-2', 'cr-2', NULL, 10, 'East'),
(3971, '[bk-3+]->[bk-14-]', 'cr-1', 'cr-1', NULL, 11, 'East'),
(3972, '[bk-3+]->[bk-14-]', 'st-140', 'st-140', NULL, 12, 'East'),
(3973, '[bk-3+]->[bk-14-]', 'st-141', 'st-141', NULL, 13, 'East'),
(3974, '[bk-3+]->[bk-14-]', 'st-96', 'st-96', NULL, 14, 'East'),
(3975, '[bk-3+]->[bk-14-]', 'sw-14', 'sw-14', 'R', 15, 'East'),
(3976, '[bk-3+]->[bk-14-]', 'ct-36', 'ct-36', NULL, 16, 'South'),
(3977, '[bk-3+]->[bk-14-]', 'st-94', 'st-94', NULL, 17, 'East'),
(3978, '[bk-3+]->[bk-14-]', 'st-93', 'st-93', NULL, 18, 'East'),
(3979, '[bk-3+]->[bk-14-]', 'st-90', 'st-90', NULL, 19, 'East'),
(3980, '[bk-3+]->[bk-14-]', 'sd-8', 'sd-8', NULL, 20, 'East'),
(3981, '[bk-3+]->[bk-14-]', 'st-85', 'st-85', NULL, 21, 'East'),
(3982, '[bk-3+]->[bk-14-]', 'st-84', 'st-84', NULL, 22, 'East'),
(3983, '[bk-3+]->[bk-14-]', 'se-43', 'se-43', NULL, 23, 'East'),
(3984, '[bk-3+]->[bk-14-]', 'bk-14-', 'bk-14', NULL, 24, 'East'),
(3985, '[bk-6+]->[bk-1-]', 'bk-6', 'bk-6', NULL, 0, NULL),
(3986, '[bk-6+]->[bk-1-]', 'bk-6+', 'bk-6', NULL, 1, NULL),
(3987, '[bk-6+]->[bk-1-]', 'se-6', 'se-6', NULL, 2, 'East'),
(3988, '[bk-6+]->[bk-1-]', 'st-23', 'st-23', NULL, 3, 'East'),
(3989, '[bk-6+]->[bk-1-]', 'st-24', 'st-24', NULL, 4, 'East'),
(3990, '[bk-6+]->[bk-1-]', 'ct-4', 'ct-4', NULL, 5, 'East'),
(3991, '[bk-6+]->[bk-1-]', 'st-25', 'st-25', NULL, 6, 'South'),
(3992, '[bk-6+]->[bk-1-]', 'st-20', 'st-20', NULL, 7, 'South');      
INSERT INTO "jcs"."route_elements" VALUES
(3993, '[bk-6+]->[bk-1-]', 'ct-3', 'ct-3', NULL, 8, 'South'),
(3994, '[bk-6+]->[bk-1-]', 'st-22', 'st-22', NULL, 9, 'West'),
(3995, '[bk-6+]->[bk-1-]', 'sw-4', 'sw-4', 'G', 10, 'West'),
(3996, '[bk-6+]->[bk-1-]', 'st-19', 'st-19', NULL, 11, 'West'),
(3997, '[bk-6+]->[bk-1-]', 'st-28', 'st-28', NULL, 12, 'West'),
(3998, '[bk-6+]->[bk-1-]', 'se-20', 'se-20', NULL, 13, 'West'),
(3999, '[bk-6+]->[bk-1-]', 'bk-1-', 'bk-1', NULL, 14, 'West'),
(4000, '[bk-14+]->[bk-19-]', 'bk-14', 'bk-14', NULL, 0, NULL),
(4001, '[bk-14+]->[bk-19-]', 'bk-14+', 'bk-14', NULL, 1, NULL),
(4002, '[bk-14+]->[bk-19-]', 'se-42', 'se-42', NULL, 2, 'East'),
(4003, '[bk-14+]->[bk-19-]', 'se-44', 'se-44', NULL, 3, 'East'),
(4004, '[bk-14+]->[bk-19-]', 'st-88', 'st-88', NULL, 4, 'East'),
(4005, '[bk-14+]->[bk-19-]', 'sw-11', 'sw-11', 'G', 5, 'East'),
(4006, '[bk-14+]->[bk-19-]', 'st-158', 'st-158', NULL, 6, 'East'),
(4007, '[bk-14+]->[bk-19-]', 'st-157', 'st-157', NULL, 7, 'East'),
(4008, '[bk-14+]->[bk-19-]', 'ct-46', 'ct-46', NULL, 8, 'East'),
(4009, '[bk-14+]->[bk-19-]', 'st-159', 'st-159', NULL, 9, 'North'),
(4010, '[bk-14+]->[bk-19-]', 'st-160', 'st-160', NULL, 10, 'North'),
(4011, '[bk-14+]->[bk-19-]', 'st-161', 'st-161', NULL, 11, 'North'),
(4012, '[bk-14+]->[bk-19-]', 'st-162', 'st-162', NULL, 12, 'North'),
(4013, '[bk-14+]->[bk-19-]', 'ct-44', 'ct-44', NULL, 13, 'North'),
(4014, '[bk-14+]->[bk-19-]', 'st-165', 'st-165', NULL, 14, 'West'),
(4015, '[bk-14+]->[bk-19-]', 'st-166', 'st-166', NULL, 15, 'West'),
(4016, '[bk-14+]->[bk-19-]', 'sd-13', 'sd-13', NULL, 16, 'West'),
(4017, '[bk-14+]->[bk-19-]', 'st-154', 'st-154', NULL, 17, 'West'),
(4018, '[bk-14+]->[bk-19-]', 'st-153', 'st-153', NULL, 18, 'West'),
(4019, '[bk-14+]->[bk-19-]', 'st-152', 'st-152', NULL, 19, 'West'),
(4020, '[bk-14+]->[bk-19-]', 'se-59', 'se-59', NULL, 20, 'West'),
(4021, '[bk-14+]->[bk-19-]', 'bk-19-', 'bk-19', NULL, 21, 'West'),
(4022, '[bk-3+]->[bk-15-]', 'bk-3', 'bk-3', NULL, 0, NULL),
(4023, '[bk-3+]->[bk-15-]', 'bk-3+', 'bk-3', NULL, 1, NULL),
(4024, '[bk-3+]->[bk-15-]', 'se-19', 'se-19', NULL, 2, 'North'),
(4025, '[bk-3+]->[bk-15-]', 'se-54', 'se-54', NULL, 3, 'North'),
(4026, '[bk-3+]->[bk-15-]', 'st-114', 'st-114', NULL, 4, 'North'),
(4027, '[bk-3+]->[bk-15-]', 'st-115', 'st-115', NULL, 5, 'North'),
(4028, '[bk-3+]->[bk-15-]', 'st-116', 'st-116', NULL, 6, 'North'),
(4029, '[bk-3+]->[bk-15-]', 'st-117', 'st-117', NULL, 7, 'North'),
(4030, '[bk-3+]->[bk-15-]', 'ct-41', 'ct-41', NULL, 8, 'North'),
(4031, '[bk-3+]->[bk-15-]', 'st-137', 'st-137', NULL, 9, 'East'),
(4032, '[bk-3+]->[bk-15-]', 'cr-2', 'cr-2', NULL, 10, 'East'),
(4033, '[bk-3+]->[bk-15-]', 'cr-1', 'cr-1', NULL, 11, 'East'),
(4034, '[bk-3+]->[bk-15-]', 'st-140', 'st-140', NULL, 12, 'East'),
(4035, '[bk-3+]->[bk-15-]', 'st-141', 'st-141', NULL, 13, 'East'),
(4036, '[bk-3+]->[bk-15-]', 'st-96', 'st-96', NULL, 14, 'East'),
(4037, '[bk-3+]->[bk-15-]', 'sw-14', 'sw-14', 'G', 15, 'East'),
(4038, '[bk-3+]->[bk-15-]', 'st-95', 'st-95', NULL, 16, 'East'),
(4039, '[bk-3+]->[bk-15-]', 'st-92', 'st-92', NULL, 17, 'East'),
(4040, '[bk-3+]->[bk-15-]', 'st-91', 'st-91', NULL, 18, 'East'),
(4041, '[bk-3+]->[bk-15-]', 'sd-9', 'sd-9', NULL, 19, 'East'),
(4042, '[bk-3+]->[bk-15-]', 'st-87', 'st-87', NULL, 20, 'East'),
(4043, '[bk-3+]->[bk-15-]', 'st-86', 'st-86', NULL, 21, 'East'),
(4044, '[bk-3+]->[bk-15-]', 'se-47', 'se-47', NULL, 22, 'East'),
(4045, '[bk-3+]->[bk-15-]', 'bk-15-', 'bk-15', NULL, 23, 'East'),
(4046, '[bk-15+]->[bk-19-]', 'bk-15', 'bk-15', NULL, 0, NULL),
(4047, '[bk-15+]->[bk-19-]', 'bk-15+', 'bk-15', NULL, 1, NULL),
(4048, '[bk-15+]->[bk-19-]', 'se-46', 'se-46', NULL, 2, 'East'),
(4049, '[bk-15+]->[bk-19-]', 'se-45', 'se-45', NULL, 3, 'East'),
(4050, '[bk-15+]->[bk-19-]', 'st-89', 'st-89', NULL, 4, 'East'),
(4051, '[bk-15+]->[bk-19-]', 'ct-32', 'ct-32', NULL, 5, 'East'),
(4052, '[bk-15+]->[bk-19-]', 'sw-11', 'sw-11', 'R', 6, 'South'),
(4053, '[bk-15+]->[bk-19-]', 'st-158', 'st-158', NULL, 7, 'East'),
(4054, '[bk-15+]->[bk-19-]', 'st-157', 'st-157', NULL, 8, 'East'),
(4055, '[bk-15+]->[bk-19-]', 'ct-46', 'ct-46', NULL, 9, 'East');  
INSERT INTO "jcs"."route_elements" VALUES
(4056, '[bk-15+]->[bk-19-]', 'st-159', 'st-159', NULL, 10, 'North'),
(4057, '[bk-15+]->[bk-19-]', 'st-160', 'st-160', NULL, 11, 'North'),
(4058, '[bk-15+]->[bk-19-]', 'st-161', 'st-161', NULL, 12, 'North'),
(4059, '[bk-15+]->[bk-19-]', 'st-162', 'st-162', NULL, 13, 'North'),
(4060, '[bk-15+]->[bk-19-]', 'ct-44', 'ct-44', NULL, 14, 'North'),
(4061, '[bk-15+]->[bk-19-]', 'st-165', 'st-165', NULL, 15, 'West'),
(4062, '[bk-15+]->[bk-19-]', 'st-166', 'st-166', NULL, 16, 'West'),
(4063, '[bk-15+]->[bk-19-]', 'sd-13', 'sd-13', NULL, 17, 'West'),
(4064, '[bk-15+]->[bk-19-]', 'st-154', 'st-154', NULL, 18, 'West'),
(4065, '[bk-15+]->[bk-19-]', 'st-153', 'st-153', NULL, 19, 'West'),
(4066, '[bk-15+]->[bk-19-]', 'st-152', 'st-152', NULL, 20, 'West'),
(4067, '[bk-15+]->[bk-19-]', 'se-59', 'se-59', NULL, 21, 'West'),
(4068, '[bk-15+]->[bk-19-]', 'bk-19-', 'bk-19', NULL, 22, 'West'),
(4069, '[bk-4+]->[bk-3-]', 'bk-4', 'bk-4', NULL, 0, NULL),
(4070, '[bk-4+]->[bk-3-]', 'bk-4+', 'bk-4', NULL, 1, NULL),
(4071, '[bk-4+]->[bk-3-]', 'se-1', 'se-1', NULL, 2, 'South'),
(4072, '[bk-4+]->[bk-3-]', 'ct-2', 'ct-2', NULL, 3, 'South'),
(4073, '[bk-4+]->[bk-3-]', 'st-7', 'st-7', NULL, 4, 'West'),
(4074, '[bk-4+]->[bk-3-]', 'sw-1', 'sw-1', 'G', 5, 'West'),
(4075, '[bk-4+]->[bk-3-]', 'st-9', 'st-9', NULL, 6, 'West'),
(4076, '[bk-4+]->[bk-3-]', 'st-12', 'st-12', NULL, 7, 'West'),
(4077, '[bk-4+]->[bk-3-]', 'st-13', 'st-13', NULL, 8, 'West'),
(4078, '[bk-4+]->[bk-3-]', 'st-14', 'st-14', NULL, 9, 'West'),
(4079, '[bk-4+]->[bk-3-]', 'st-15', 'st-15', NULL, 10, 'West'),
(4080, '[bk-4+]->[bk-3-]', 'st-16', 'st-16', NULL, 11, 'West'),
(4081, '[bk-4+]->[bk-3-]', 'st-17', 'st-17', NULL, 12, 'West'),
(4082, '[bk-4+]->[bk-3-]', 'st-18', 'st-18', NULL, 13, 'West'),
(4083, '[bk-4+]->[bk-3-]', 'sd-1', 'sd-1', NULL, 14, 'West'),
(4084, '[bk-4+]->[bk-3-]', 'st-64', 'st-64', NULL, 15, 'West'),
(4085, '[bk-4+]->[bk-3-]', 'st-74', 'st-74', NULL, 16, 'West'),
(4086, '[bk-4+]->[bk-3-]', 'st-77', 'st-77', NULL, 17, 'West'),
(4087, '[bk-4+]->[bk-3-]', 'st-75', 'st-75', NULL, 18, 'West'),
(4088, '[bk-4+]->[bk-3-]', 'st-110', 'st-110', NULL, 19, 'West'),
(4089, '[bk-4+]->[bk-3-]', 'st-118', 'st-118', NULL, 20, 'West'),
(4090, '[bk-4+]->[bk-3-]', 'st-119', 'st-119', NULL, 21, 'West'),
(4091, '[bk-4+]->[bk-3-]', 'st-76', 'st-76', NULL, 22, 'West'),
(4092, '[bk-4+]->[bk-3-]', 'st-120', 'st-120', NULL, 23, 'West'),
(4093, '[bk-4+]->[bk-3-]', 'st-78', 'st-78', NULL, 24, 'West'),
(4094, '[bk-4+]->[bk-3-]', 'st-121', 'st-121', NULL, 25, 'West'),
(4095, '[bk-4+]->[bk-3-]', 'st-79', 'st-79', NULL, 26, 'West'),
(4096, '[bk-4+]->[bk-3-]', 'ct-38', 'ct-38', NULL, 27, 'West'),
(4097, '[bk-4+]->[bk-3-]', 'st-57', 'st-57', NULL, 28, 'North'),
(4098, '[bk-4+]->[bk-3-]', 'st-113', 'st-113', NULL, 29, 'North'),
(4099, '[bk-4+]->[bk-3-]', 'st-112', 'st-112', NULL, 30, 'North'),
(4100, '[bk-4+]->[bk-3-]', 'st-111', 'st-111', NULL, 31, 'North'),
(4101, '[bk-4+]->[bk-3-]', 'se-18', 'se-18', NULL, 32, 'North'),
(4102, '[bk-4+]->[bk-3-]', 'bk-3-', 'bk-3', NULL, 33, 'North'),
(4103, '[bk-12+]->[bk-11-]', 'bk-12', 'bk-12', NULL, 0, NULL),
(4104, '[bk-12+]->[bk-11-]', 'bk-12+', 'bk-12', NULL, 1, NULL),
(4105, '[bk-12+]->[bk-11-]', 'se-39', 'se-39', NULL, 2, 'North'),
(4106, '[bk-12+]->[bk-11-]', 'st-54', 'st-54', NULL, 3, 'North'),
(4107, '[bk-12+]->[bk-11-]', 'se-40', 'se-40', NULL, 4, 'North'),
(4108, '[bk-12+]->[bk-11-]', 'ct-29', 'ct-29', NULL, 5, 'North'),
(4109, '[bk-12+]->[bk-11-]', 'st-58', 'st-58', NULL, 6, 'West'),
(4110, '[bk-12+]->[bk-11-]', 'st-6', 'st-6', NULL, 7, 'West'),
(4111, '[bk-12+]->[bk-11-]', 'st-29', 'st-29', NULL, 8, 'West'),
(4112, '[bk-12+]->[bk-11-]', 'sw-10', 'sw-10', 'G', 9, 'West'),
(4113, '[bk-12+]->[bk-11-]', 'st-55', 'st-55', NULL, 10, 'West'),
(4114, '[bk-12+]->[bk-11-]', 'sw-9', 'sw-9', 'R', 11, 'West'),
(4115, '[bk-12+]->[bk-11-]', 'ct-24', 'ct-24', NULL, 12, 'South'),
(4116, '[bk-12+]->[bk-11-]', 'st-61', 'st-61', NULL, 13, 'West'),
(4117, '[bk-12+]->[bk-11-]', 'st-60', 'st-60', NULL, 14, 'West'),
(4118, '[bk-12+]->[bk-11-]', 'se-28', 'se-28', NULL, 15, 'West');         
INSERT INTO "jcs"."route_elements" VALUES
(4119, '[bk-12+]->[bk-11-]', 'sd-7', 'sd-7', NULL, 16, 'West'),
(4120, '[bk-12+]->[bk-11-]', 'st-49', 'st-49', NULL, 17, 'West'),
(4121, '[bk-12+]->[bk-11-]', 'se-26', 'se-26', NULL, 18, 'West'),
(4122, '[bk-12+]->[bk-11-]', 'bk-11-', 'bk-11', NULL, 19, 'West'),
(4123, '[bk-12+]->[bk-10-]', 'bk-12', 'bk-12', NULL, 0, NULL),
(4124, '[bk-12+]->[bk-10-]', 'bk-12+', 'bk-12', NULL, 1, NULL),
(4125, '[bk-12+]->[bk-10-]', 'se-39', 'se-39', NULL, 2, 'North'),
(4126, '[bk-12+]->[bk-10-]', 'st-54', 'st-54', NULL, 3, 'North'),
(4127, '[bk-12+]->[bk-10-]', 'se-40', 'se-40', NULL, 4, 'North'),
(4128, '[bk-12+]->[bk-10-]', 'ct-29', 'ct-29', NULL, 5, 'North'),
(4129, '[bk-12+]->[bk-10-]', 'st-58', 'st-58', NULL, 6, 'West'),
(4130, '[bk-12+]->[bk-10-]', 'st-6', 'st-6', NULL, 7, 'West'),
(4131, '[bk-12+]->[bk-10-]', 'st-29', 'st-29', NULL, 8, 'West'),
(4132, '[bk-12+]->[bk-10-]', 'sw-10', 'sw-10', 'R', 9, 'West'),
(4133, '[bk-12+]->[bk-10-]', 'ct-25', 'ct-25', NULL, 10, 'South'),
(4134, '[bk-12+]->[bk-10-]', 'ct-26', 'ct-26', NULL, 11, 'West'),
(4135, '[bk-12+]->[bk-10-]', 'ct-27', 'ct-27', NULL, 12, 'South'),
(4136, '[bk-12+]->[bk-10-]', 'st-31', 'st-31', NULL, 13, 'West'),
(4137, '[bk-12+]->[bk-10-]', 'st-62', 'st-62', NULL, 14, 'West'),
(4138, '[bk-12+]->[bk-10-]', 'st-59', 'st-59', NULL, 15, 'West'),
(4139, '[bk-12+]->[bk-10-]', 'se-27', 'se-27', NULL, 16, 'West'),
(4140, '[bk-12+]->[bk-10-]', 'sd-6', 'sd-6', NULL, 17, 'West'),
(4141, '[bk-12+]->[bk-10-]', 'st-48', 'st-48', NULL, 18, 'West'),
(4142, '[bk-12+]->[bk-10-]', 'se-25', 'se-25', NULL, 19, 'West'),
(4143, '[bk-12+]->[bk-10-]', 'bk-10-', 'bk-10', NULL, 20, 'West'),
(4144, '[bk-7+]->[bk-4-]', 'bk-7', 'bk-7', NULL, 0, NULL),
(4145, '[bk-7+]->[bk-4-]', 'bk-7+', 'bk-7', NULL, 1, NULL),
(4146, '[bk-7+]->[bk-4-]', 'se-9', 'se-9', NULL, 2, 'East'),
(4147, '[bk-7+]->[bk-4-]', 'si-2', 'si-2', NULL, 3, 'East'),
(4148, '[bk-7+]->[bk-4-]', 'se-13', 'se-13', NULL, 4, 'East'),
(4149, '[bk-7+]->[bk-4-]', 'ct-7', 'ct-7', NULL, 5, 'East'),
(4150, '[bk-7+]->[bk-4-]', 'sw-6', 'sw-6', 'R', 6, 'North'),
(4151, '[bk-7+]->[bk-4-]', 'st-26', 'st-26', NULL, 7, 'East'),
(4152, '[bk-7+]->[bk-4-]', 'sd-3', 'sd-3', NULL, 8, 'East'),
(4153, '[bk-7+]->[bk-4-]', 'st-41', 'st-41', NULL, 9, 'East'),
(4154, '[bk-7+]->[bk-4-]', 'ct-8', 'ct-8', NULL, 10, 'East'),
(4155, '[bk-7+]->[bk-4-]', 'st-40', 'st-40', NULL, 11, 'South'),
(4156, '[bk-7+]->[bk-4-]', 'se-2', 'se-2', NULL, 12, 'South'),
(4157, '[bk-7+]->[bk-4-]', 'bk-4-', 'bk-4', NULL, 13, 'South'),
(4158, '[bk-12+]->[bk-13-]', 'bk-12', 'bk-12', NULL, 0, NULL),
(4159, '[bk-12+]->[bk-13-]', 'bk-12+', 'bk-12', NULL, 1, NULL),
(4160, '[bk-12+]->[bk-13-]', 'se-39', 'se-39', NULL, 2, 'North'),
(4161, '[bk-12+]->[bk-13-]', 'st-54', 'st-54', NULL, 3, 'North'),
(4162, '[bk-12+]->[bk-13-]', 'se-40', 'se-40', NULL, 4, 'North'),
(4163, '[bk-12+]->[bk-13-]', 'ct-29', 'ct-29', NULL, 5, 'North'),
(4164, '[bk-12+]->[bk-13-]', 'st-58', 'st-58', NULL, 6, 'West'),
(4165, '[bk-12+]->[bk-13-]', 'st-6', 'st-6', NULL, 7, 'West'),
(4166, '[bk-12+]->[bk-13-]', 'st-29', 'st-29', NULL, 8, 'West'),
(4167, '[bk-12+]->[bk-13-]', 'sw-10', 'sw-10', 'G', 9, 'West'),
(4168, '[bk-12+]->[bk-13-]', 'st-55', 'st-55', NULL, 10, 'West'),
(4169, '[bk-12+]->[bk-13-]', 'sw-9', 'sw-9', 'G', 11, 'West'),
(4170, '[bk-12+]->[bk-13-]', 'ct-30', 'ct-30', NULL, 12, 'West'),
(4171, '[bk-12+]->[bk-13-]', 'ct-31', 'ct-31', NULL, 13, 'North'),
(4172, '[bk-12+]->[bk-13-]', 'st-30', 'st-30', NULL, 14, 'West'),
(4173, '[bk-12+]->[bk-13-]', 'si-10', 'si-10', NULL, 15, 'West'),
(4174, '[bk-12+]->[bk-13-]', 'se-36', 'se-36', NULL, 16, 'West'),
(4175, '[bk-12+]->[bk-13-]', 'bk-13-', 'bk-13', NULL, 17, 'West'),
(4176, '[bk-11+]->[bk-18-]', 'bk-11', 'bk-11', NULL, 0, NULL),
(4177, '[bk-11+]->[bk-18-]', 'bk-11+', 'bk-11', NULL, 1, NULL),
(4178, '[bk-11+]->[bk-18-]', 'se-24', 'se-24', NULL, 2, 'West'),
(4179, '[bk-11+]->[bk-18-]', 'si-5', 'si-5', NULL, 3, 'West'),
(4180, '[bk-11+]->[bk-18-]', 'se-23', 'se-23', NULL, 4, 'West'),
(4181, '[bk-11+]->[bk-18-]', 'st-52', 'st-52', NULL, 5, 'West');     
INSERT INTO "jcs"."route_elements" VALUES
(4182, '[bk-11+]->[bk-18-]', 'ct-23', 'ct-23', NULL, 6, 'West'),
(4183, '[bk-11+]->[bk-18-]', 'sw-8', 'sw-8', 'R', 7, 'South'),
(4184, '[bk-11+]->[bk-18-]', 'st-51', 'st-51', NULL, 8, 'West'),
(4185, '[bk-11+]->[bk-18-]', 'ct-22', 'ct-22', NULL, 9, 'West'),
(4186, '[bk-11+]->[bk-18-]', 'st-53', 'st-53', NULL, 10, 'North'),
(4187, '[bk-11+]->[bk-18-]', 'st-144', 'st-144', NULL, 11, 'North'),
(4188, '[bk-11+]->[bk-18-]', 'st-145', 'st-145', NULL, 12, 'North'),
(4189, '[bk-11+]->[bk-18-]', 'st-146', 'st-146', NULL, 13, 'North'),
(4190, '[bk-11+]->[bk-18-]', 'st-147', 'st-147', NULL, 14, 'North'),
(4191, '[bk-11+]->[bk-18-]', 'cr-1', 'cr-1', NULL, 15, 'North'),
(4192, '[bk-11+]->[bk-18-]', 'cr-3', 'cr-3', NULL, 16, 'North'),
(4193, '[bk-11+]->[bk-18-]', 'st-149', 'st-149', NULL, 17, 'North'),
(4194, '[bk-11+]->[bk-18-]', 'ct-42', 'ct-42', NULL, 18, 'North'),
(4195, '[bk-11+]->[bk-18-]', 'st-172', 'st-172', NULL, 19, 'East'),
(4196, '[bk-11+]->[bk-18-]', 'st-171', 'st-171', NULL, 20, 'East'),
(4197, '[bk-11+]->[bk-18-]', 'st-170', 'st-170', NULL, 21, 'East'),
(4198, '[bk-11+]->[bk-18-]', 'st-169', 'st-169', NULL, 22, 'East'),
(4199, '[bk-11+]->[bk-18-]', 'st-168', 'st-168', NULL, 23, 'East'),
(4200, '[bk-11+]->[bk-18-]', 'st-167', 'st-167', NULL, 24, 'East'),
(4201, '[bk-11+]->[bk-18-]', 'sw-15', 'sw-15', 'G', 25, 'East'),
(4202, '[bk-11+]->[bk-18-]', 'st-156', 'st-156', NULL, 26, 'East'),
(4203, '[bk-11+]->[bk-18-]', 'sd-16', 'sd-16', NULL, 27, 'East'),
(4204, '[bk-11+]->[bk-18-]', 'st-151', 'st-151', NULL, 28, 'East'),
(4205, '[bk-11+]->[bk-18-]', 'se-57', 'se-57', NULL, 29, 'East'),
(4206, '[bk-11+]->[bk-18-]', 'bk-18-', 'bk-18', NULL, 30, 'East'),
(4207, '[bk-12-]->[bk-3-]', 'bk-12', 'bk-12', NULL, 0, NULL),
(4208, '[bk-12-]->[bk-3-]', 'bk-12-', 'bk-12', NULL, 1, NULL),
(4209, '[bk-12-]->[bk-3-]', 'se-38', 'se-38', NULL, 2, 'South'),
(4210, '[bk-12-]->[bk-3-]', 'st-5', 'st-5', NULL, 3, 'South'),
(4211, '[bk-12-]->[bk-3-]', 'st-4', 'st-4', NULL, 4, 'South'),
(4212, '[bk-12-]->[bk-3-]', 'st-3', 'st-3', NULL, 5, 'South'),
(4213, '[bk-12-]->[bk-3-]', 'st-2', 'st-2', NULL, 6, 'South'),
(4214, '[bk-12-]->[bk-3-]', 'ct-1', 'ct-1', NULL, 7, 'South'),
(4215, '[bk-12-]->[bk-3-]', 'st-1', 'st-1', NULL, 8, 'West'),
(4216, '[bk-12-]->[bk-3-]', 'st-8', 'st-8', NULL, 9, 'West'),
(4217, '[bk-12-]->[bk-3-]', 'sw-2', 'sw-2', 'R', 10, 'West'),
(4218, '[bk-12-]->[bk-3-]', 'sw-1', 'sw-1', 'R', 11, 'North'),
(4219, '[bk-12-]->[bk-3-]', 'st-9', 'st-9', NULL, 12, 'West'),
(4220, '[bk-12-]->[bk-3-]', 'st-12', 'st-12', NULL, 13, 'West'),
(4221, '[bk-12-]->[bk-3-]', 'st-13', 'st-13', NULL, 14, 'West'),
(4222, '[bk-12-]->[bk-3-]', 'st-14', 'st-14', NULL, 15, 'West'),
(4223, '[bk-12-]->[bk-3-]', 'st-15', 'st-15', NULL, 16, 'West'),
(4224, '[bk-12-]->[bk-3-]', 'st-16', 'st-16', NULL, 17, 'West'),
(4225, '[bk-12-]->[bk-3-]', 'st-17', 'st-17', NULL, 18, 'West'),
(4226, '[bk-12-]->[bk-3-]', 'st-18', 'st-18', NULL, 19, 'West'),
(4227, '[bk-12-]->[bk-3-]', 'sd-1', 'sd-1', NULL, 20, 'West'),
(4228, '[bk-12-]->[bk-3-]', 'st-64', 'st-64', NULL, 21, 'West'),
(4229, '[bk-12-]->[bk-3-]', 'st-74', 'st-74', NULL, 22, 'West'),
(4230, '[bk-12-]->[bk-3-]', 'st-77', 'st-77', NULL, 23, 'West'),
(4231, '[bk-12-]->[bk-3-]', 'st-75', 'st-75', NULL, 24, 'West'),
(4232, '[bk-12-]->[bk-3-]', 'st-110', 'st-110', NULL, 25, 'West'),
(4233, '[bk-12-]->[bk-3-]', 'st-118', 'st-118', NULL, 26, 'West'),
(4234, '[bk-12-]->[bk-3-]', 'st-119', 'st-119', NULL, 27, 'West'),
(4235, '[bk-12-]->[bk-3-]', 'st-76', 'st-76', NULL, 28, 'West'),
(4236, '[bk-12-]->[bk-3-]', 'st-120', 'st-120', NULL, 29, 'West'),
(4237, '[bk-12-]->[bk-3-]', 'st-78', 'st-78', NULL, 30, 'West'),
(4238, '[bk-12-]->[bk-3-]', 'st-121', 'st-121', NULL, 31, 'West'),
(4239, '[bk-12-]->[bk-3-]', 'st-79', 'st-79', NULL, 32, 'West'),
(4240, '[bk-12-]->[bk-3-]', 'ct-38', 'ct-38', NULL, 33, 'West'),
(4241, '[bk-12-]->[bk-3-]', 'st-57', 'st-57', NULL, 34, 'North'),
(4242, '[bk-12-]->[bk-3-]', 'st-113', 'st-113', NULL, 35, 'North'),
(4243, '[bk-12-]->[bk-3-]', 'st-112', 'st-112', NULL, 36, 'North');   
INSERT INTO "jcs"."route_elements" VALUES
(4244, '[bk-12-]->[bk-3-]', 'st-111', 'st-111', NULL, 37, 'North'),
(4245, '[bk-12-]->[bk-3-]', 'se-18', 'se-18', NULL, 38, 'North'),
(4246, '[bk-12-]->[bk-3-]', 'bk-3-', 'bk-3', NULL, 39, 'North'),
(4247, '[bk-16+]->[bk-2-]', 'bk-16', 'bk-16', NULL, 0, NULL),
(4248, '[bk-16+]->[bk-2-]', 'bk-16+', 'bk-16', NULL, 1, NULL),
(4249, '[bk-16+]->[bk-2-]', 'se-48', 'se-48', NULL, 2, 'West'),
(4250, '[bk-16+]->[bk-2-]', 'se-49', 'se-49', NULL, 3, 'West'),
(4251, '[bk-16+]->[bk-2-]', 'sw-13', 'sw-13', 'G', 4, 'West'),
(4252, '[bk-16+]->[bk-2-]', 'st-97', 'st-97', NULL, 5, 'West'),
(4253, '[bk-16+]->[bk-2-]', 'st-142', 'st-142', NULL, 6, 'West'),
(4254, '[bk-16+]->[bk-2-]', 'st-143', 'st-143', NULL, 7, 'West'),
(4255, '[bk-16+]->[bk-2-]', 'cr-3', 'cr-3', NULL, 8, 'West'),
(4256, '[bk-16+]->[bk-2-]', 'cr-4', 'cr-4', NULL, 9, 'West'),
(4257, '[bk-16+]->[bk-2-]', 'st-138', 'st-138', NULL, 10, 'West'),
(4258, '[bk-16+]->[bk-2-]', 'st-139', 'st-139', NULL, 11, 'West'),
(4259, '[bk-16+]->[bk-2-]', 'ct-34', 'ct-34', NULL, 12, 'West'),
(4260, '[bk-16+]->[bk-2-]', 'st-136', 'st-136', NULL, 13, 'South'),
(4261, '[bk-16+]->[bk-2-]', 'st-135', 'st-135', NULL, 14, 'South'),
(4262, '[bk-16+]->[bk-2-]', 'st-134', 'st-134', NULL, 15, 'South'),
(4263, '[bk-16+]->[bk-2-]', 'st-133', 'st-133', NULL, 16, 'South'),
(4264, '[bk-16+]->[bk-2-]', 'st-132', 'st-132', NULL, 17, 'South'),
(4265, '[bk-16+]->[bk-2-]', 'st-131', 'st-131', NULL, 18, 'South'),
(4266, '[bk-16+]->[bk-2-]', 'st-130', 'st-130', NULL, 19, 'South'),
(4267, '[bk-16+]->[bk-2-]', 'st-129', 'st-129', NULL, 20, 'South'),
(4268, '[bk-16+]->[bk-2-]', 'st-128', 'st-128', NULL, 21, 'South'),
(4269, '[bk-16+]->[bk-2-]', 'st-127', 'st-127', NULL, 22, 'South'),
(4270, '[bk-16+]->[bk-2-]', 'st-126', 'st-126', NULL, 23, 'South'),
(4271, '[bk-16+]->[bk-2-]', 'st-125', 'st-125', NULL, 24, 'South'),
(4272, '[bk-16+]->[bk-2-]', 'st-124', 'st-124', NULL, 25, 'South'),
(4273, '[bk-16+]->[bk-2-]', 'st-123', 'st-123', NULL, 26, 'South'),
(4274, '[bk-16+]->[bk-2-]', 'st-83', 'st-83', NULL, 27, 'South'),
(4275, '[bk-16+]->[bk-2-]', 'st-122', 'st-122', NULL, 28, 'South'),
(4276, '[bk-16+]->[bk-2-]', 'ct-39', 'ct-39', NULL, 29, 'South'),
(4277, '[bk-16+]->[bk-2-]', 'st-82', 'st-82', NULL, 30, 'East'),
(4278, '[bk-16+]->[bk-2-]', 'st-81', 'st-81', NULL, 31, 'East'),
(4279, '[bk-16+]->[bk-2-]', 'st-80', 'st-80', NULL, 32, 'East'),
(4280, '[bk-16+]->[bk-2-]', 'st-73', 'st-73', NULL, 33, 'East'),
(4281, '[bk-16+]->[bk-2-]', 'st-72', 'st-72', NULL, 34, 'East'),
(4282, '[bk-16+]->[bk-2-]', 'st-71', 'st-71', NULL, 35, 'East'),
(4283, '[bk-16+]->[bk-2-]', 'st-70', 'st-70', NULL, 36, 'East'),
(4284, '[bk-16+]->[bk-2-]', 'st-69', 'st-69', NULL, 37, 'East'),
(4285, '[bk-16+]->[bk-2-]', 'st-68', 'st-68', NULL, 38, 'East'),
(4286, '[bk-16+]->[bk-2-]', 'st-67', 'st-67', NULL, 39, 'East'),
(4287, '[bk-16+]->[bk-2-]', 'st-66', 'st-66', NULL, 40, 'East'),
(4288, '[bk-16+]->[bk-2-]', 'st-65', 'st-65', NULL, 41, 'East'),
(4289, '[bk-16+]->[bk-2-]', 'st-63', 'st-63', NULL, 42, 'East'),
(4290, '[bk-16+]->[bk-2-]', 'sd-2', 'sd-2', NULL, 43, 'East'),
(4291, '[bk-16+]->[bk-2-]', 'st-11', 'st-11', NULL, 44, 'East'),
(4292, '[bk-16+]->[bk-2-]', 'se-4', 'se-4', NULL, 45, 'East'),
(4293, '[bk-16+]->[bk-2-]', 'bk-2-', 'bk-2', NULL, 46, 'East'),
(4294, '[bk-1-]->[bk-5+]', 'bk-1', 'bk-1', NULL, 0, NULL),
(4295, '[bk-1-]->[bk-5+]', 'bk-1-', 'bk-1', NULL, 1, NULL),
(4296, '[bk-1-]->[bk-5+]', 'se-20', 'se-20', NULL, 2, 'East'),
(4297, '[bk-1-]->[bk-5+]', 'st-28', 'st-28', NULL, 3, 'East'),
(4298, '[bk-1-]->[bk-5+]', 'st-19', 'st-19', NULL, 4, 'East'),
(4299, '[bk-1-]->[bk-5+]', 'sw-4', 'sw-4', 'R', 5, 'East'),
(4300, '[bk-1-]->[bk-5+]', 'st-21', 'st-21', NULL, 6, 'North'),
(4301, '[bk-1-]->[bk-5+]', 'ct-5', 'ct-5', NULL, 7, 'North'),
(4302, '[bk-1-]->[bk-5+]', 'se-5', 'se-5', NULL, 8, 'West'),
(4303, '[bk-1-]->[bk-5+]', 'bk-5+', 'bk-5', NULL, 9, 'West'),
(4304, '[bk-9-]->[bk-18-]', 'bk-9', 'bk-9', NULL, 0, NULL),
(4305, '[bk-9-]->[bk-18-]', 'bk-9-', 'bk-9', NULL, 1, NULL),
(4306, '[bk-9-]->[bk-18-]', 'se-31', 'se-31', NULL, 2, 'North');             
INSERT INTO "jcs"."route_elements" VALUES
(4307, '[bk-9-]->[bk-18-]', 'si-13', 'si-13', NULL, 3, 'North'),
(4308, '[bk-9-]->[bk-18-]', 'st-148', 'st-148', NULL, 4, 'North'),
(4309, '[bk-9-]->[bk-18-]', 'cr-2', 'cr-2', NULL, 5, 'North'),
(4310, '[bk-9-]->[bk-18-]', 'cr-4', 'cr-4', NULL, 6, 'North'),
(4311, '[bk-9-]->[bk-18-]', 'st-181', 'st-181', NULL, 7, 'North'),
(4312, '[bk-9-]->[bk-18-]', 'st-180', 'st-180', NULL, 8, 'North'),
(4313, '[bk-9-]->[bk-18-]', 'ct-45', 'ct-45', NULL, 9, 'North'),
(4314, '[bk-9-]->[bk-18-]', 'st-179', 'st-179', NULL, 10, 'East'),
(4315, '[bk-9-]->[bk-18-]', 'st-178', 'st-178', NULL, 11, 'East'),
(4316, '[bk-9-]->[bk-18-]', 'st-177', 'st-177', NULL, 12, 'East'),
(4317, '[bk-9-]->[bk-18-]', 'st-176', 'st-176', NULL, 13, 'East'),
(4318, '[bk-9-]->[bk-18-]', 'st-175', 'st-175', NULL, 14, 'East'),
(4319, '[bk-9-]->[bk-18-]', 'st-174', 'st-174', NULL, 15, 'East'),
(4320, '[bk-9-]->[bk-18-]', 'st-173', 'st-173', NULL, 16, 'East'),
(4321, '[bk-9-]->[bk-18-]', 'sw-16', 'sw-16', 'R', 17, 'East'),
(4322, '[bk-9-]->[bk-18-]', 'sw-15', 'sw-15', 'R', 18, 'South'),
(4323, '[bk-9-]->[bk-18-]', 'st-156', 'st-156', NULL, 19, 'East'),
(4324, '[bk-9-]->[bk-18-]', 'sd-16', 'sd-16', NULL, 20, 'East'),
(4325, '[bk-9-]->[bk-18-]', 'st-151', 'st-151', NULL, 21, 'East'),
(4326, '[bk-9-]->[bk-18-]', 'se-57', 'se-57', NULL, 22, 'East'),
(4327, '[bk-9-]->[bk-18-]', 'bk-18-', 'bk-18', NULL, 23, 'East'),
(4328, '[bk-1-]->[bk-6+]', 'bk-1', 'bk-1', NULL, 0, NULL),
(4329, '[bk-1-]->[bk-6+]', 'bk-1-', 'bk-1', NULL, 1, NULL),
(4330, '[bk-1-]->[bk-6+]', 'se-20', 'se-20', NULL, 2, 'East'),
(4331, '[bk-1-]->[bk-6+]', 'st-28', 'st-28', NULL, 3, 'East'),
(4332, '[bk-1-]->[bk-6+]', 'st-19', 'st-19', NULL, 4, 'East'),
(4333, '[bk-1-]->[bk-6+]', 'sw-4', 'sw-4', 'G', 5, 'East'),
(4334, '[bk-1-]->[bk-6+]', 'st-22', 'st-22', NULL, 6, 'East'),
(4335, '[bk-1-]->[bk-6+]', 'ct-3', 'ct-3', NULL, 7, 'East'),
(4336, '[bk-1-]->[bk-6+]', 'st-20', 'st-20', NULL, 8, 'North'),
(4337, '[bk-1-]->[bk-6+]', 'st-25', 'st-25', NULL, 9, 'North'),
(4338, '[bk-1-]->[bk-6+]', 'ct-4', 'ct-4', NULL, 10, 'North'),
(4339, '[bk-1-]->[bk-6+]', 'st-24', 'st-24', NULL, 11, 'West'),
(4340, '[bk-1-]->[bk-6+]', 'st-23', 'st-23', NULL, 12, 'West'),
(4341, '[bk-1-]->[bk-6+]', 'se-6', 'se-6', NULL, 13, 'West'),
(4342, '[bk-1-]->[bk-6+]', 'bk-6+', 'bk-6', NULL, 14, 'West'),
(4343, '[bk-5+]->[bk-1-]', 'bk-5', 'bk-5', NULL, 0, NULL),
(4344, '[bk-5+]->[bk-1-]', 'bk-5+', 'bk-5', NULL, 1, NULL),
(4345, '[bk-5+]->[bk-1-]', 'se-5', 'se-5', NULL, 2, 'East'),
(4346, '[bk-5+]->[bk-1-]', 'ct-5', 'ct-5', NULL, 3, 'East'),
(4347, '[bk-5+]->[bk-1-]', 'st-21', 'st-21', NULL, 4, 'South'),
(4348, '[bk-5+]->[bk-1-]', 'sw-4', 'sw-4', 'R', 5, 'South'),
(4349, '[bk-5+]->[bk-1-]', 'st-19', 'st-19', NULL, 6, 'West'),
(4350, '[bk-5+]->[bk-1-]', 'st-28', 'st-28', NULL, 7, 'West'),
(4351, '[bk-5+]->[bk-1-]', 'se-20', 'se-20', NULL, 8, 'West'),
(4352, '[bk-5+]->[bk-1-]', 'bk-1-', 'bk-1', NULL, 9, 'West'),
(4353, '[bk-8+]->[bk-4-]', 'bk-8', 'bk-8', NULL, 0, NULL),
(4354, '[bk-8+]->[bk-4-]', 'bk-8+', 'bk-8', NULL, 1, NULL),
(4355, '[bk-8+]->[bk-4-]', 'se-12', 'se-12', NULL, 2, 'East'),
(4356, '[bk-8+]->[bk-4-]', 'si-3', 'si-3', NULL, 3, 'East'),
(4357, '[bk-8+]->[bk-4-]', 'se-14', 'se-14', NULL, 4, 'East'),
(4358, '[bk-8+]->[bk-4-]', 'sw-6', 'sw-6', 'G', 5, 'East'),
(4359, '[bk-8+]->[bk-4-]', 'st-26', 'st-26', NULL, 6, 'East'),
(4360, '[bk-8+]->[bk-4-]', 'sd-3', 'sd-3', NULL, 7, 'East'),
(4361, '[bk-8+]->[bk-4-]', 'st-41', 'st-41', NULL, 8, 'East'),
(4362, '[bk-8+]->[bk-4-]', 'ct-8', 'ct-8', NULL, 9, 'East'),
(4363, '[bk-8+]->[bk-4-]', 'st-40', 'st-40', NULL, 10, 'South'),
(4364, '[bk-8+]->[bk-4-]', 'se-2', 'se-2', NULL, 11, 'South'),
(4365, '[bk-8+]->[bk-4-]', 'bk-4-', 'bk-4', NULL, 12, 'South'),
(4366, '[bk-19+]->[bk-9-]', 'bk-19', 'bk-19', NULL, 0, NULL),
(4367, '[bk-19+]->[bk-9-]', 'bk-19+', 'bk-19', NULL, 1, NULL),
(4368, '[bk-19+]->[bk-9-]', 'se-60', 'se-60', NULL, 2, 'West'),
(4369, '[bk-19+]->[bk-9-]', 'si-12', 'si-12', NULL, 3, 'West'),
(4370, '[bk-19+]->[bk-9-]', 'sd-15', 'sd-15', NULL, 4, 'West');         
INSERT INTO "jcs"."route_elements" VALUES
(4371, '[bk-19+]->[bk-9-]', 'sw-16', 'sw-16', 'G', 5, 'West'),
(4372, '[bk-19+]->[bk-9-]', 'st-173', 'st-173', NULL, 6, 'West'),
(4373, '[bk-19+]->[bk-9-]', 'st-174', 'st-174', NULL, 7, 'West'),
(4374, '[bk-19+]->[bk-9-]', 'st-175', 'st-175', NULL, 8, 'West'),
(4375, '[bk-19+]->[bk-9-]', 'st-176', 'st-176', NULL, 9, 'West'),
(4376, '[bk-19+]->[bk-9-]', 'st-177', 'st-177', NULL, 10, 'West'),
(4377, '[bk-19+]->[bk-9-]', 'st-178', 'st-178', NULL, 11, 'West'),
(4378, '[bk-19+]->[bk-9-]', 'st-179', 'st-179', NULL, 12, 'West'),
(4379, '[bk-19+]->[bk-9-]', 'ct-45', 'ct-45', NULL, 13, 'West'),
(4380, '[bk-19+]->[bk-9-]', 'st-180', 'st-180', NULL, 14, 'South'),
(4381, '[bk-19+]->[bk-9-]', 'st-181', 'st-181', NULL, 15, 'South'),
(4382, '[bk-19+]->[bk-9-]', 'cr-4', 'cr-4', NULL, 16, 'South'),
(4383, '[bk-19+]->[bk-9-]', 'cr-2', 'cr-2', NULL, 17, 'South'),
(4384, '[bk-19+]->[bk-9-]', 'st-148', 'st-148', NULL, 18, 'South'),
(4385, '[bk-19+]->[bk-9-]', 'si-13', 'si-13', NULL, 19, 'South'),
(4386, '[bk-19+]->[bk-9-]', 'se-31', 'se-31', NULL, 20, 'South'),
(4387, '[bk-19+]->[bk-9-]', 'bk-9-', 'bk-9', NULL, 21, 'South'),
(4388, '[bk-13-]->[bk-12+]', 'bk-13', 'bk-13', NULL, 0, NULL),
(4389, '[bk-13-]->[bk-12+]', 'bk-13-', 'bk-13', NULL, 1, NULL),
(4390, '[bk-13-]->[bk-12+]', 'se-36', 'se-36', NULL, 2, 'East'),
(4391, '[bk-13-]->[bk-12+]', 'si-10', 'si-10', NULL, 3, 'East'),
(4392, '[bk-13-]->[bk-12+]', 'st-30', 'st-30', NULL, 4, 'East'),
(4393, '[bk-13-]->[bk-12+]', 'ct-31', 'ct-31', NULL, 5, 'East'),
(4394, '[bk-13-]->[bk-12+]', 'ct-30', 'ct-30', NULL, 6, 'South'),
(4395, '[bk-13-]->[bk-12+]', 'sw-9', 'sw-9', 'G', 7, 'East'),
(4396, '[bk-13-]->[bk-12+]', 'st-55', 'st-55', NULL, 8, 'East'),
(4397, '[bk-13-]->[bk-12+]', 'sw-10', 'sw-10', 'G', 9, 'East'),
(4398, '[bk-13-]->[bk-12+]', 'st-29', 'st-29', NULL, 10, 'East'),
(4399, '[bk-13-]->[bk-12+]', 'st-6', 'st-6', NULL, 11, 'East'),
(4400, '[bk-13-]->[bk-12+]', 'st-58', 'st-58', NULL, 12, 'East'),
(4401, '[bk-13-]->[bk-12+]', 'ct-29', 'ct-29', NULL, 13, 'East'),
(4402, '[bk-13-]->[bk-12+]', 'se-40', 'se-40', NULL, 14, 'South'),
(4403, '[bk-13-]->[bk-12+]', 'st-54', 'st-54', NULL, 15, 'South'),
(4404, '[bk-13-]->[bk-12+]', 'se-39', 'se-39', NULL, 16, 'South'),
(4405, '[bk-13-]->[bk-12+]', 'bk-12+', 'bk-12', NULL, 17, 'South'),
(4406, '[bk-9+]->[bk-1+]', 'bk-9', 'bk-9', NULL, 0, NULL),
(4407, '[bk-9+]->[bk-1+]', 'bk-9+', 'bk-9', NULL, 1, NULL),
(4408, '[bk-9+]->[bk-1+]', 'se-30', 'se-30', NULL, 2, 'South'),
(4409, '[bk-9+]->[bk-1+]', 'si-6', 'si-6', NULL, 3, 'South'),
(4410, '[bk-9+]->[bk-1+]', 'se-29', 'se-29', NULL, 4, 'South'),
(4411, '[bk-9+]->[bk-1+]', 'ct-21', 'ct-21', NULL, 5, 'South'),
(4412, '[bk-9+]->[bk-1+]', 'st-47', 'st-47', NULL, 6, 'East'),
(4413, '[bk-9+]->[bk-1+]', 'sw-7', 'sw-7', 'G', 7, 'East'),
(4414, '[bk-9+]->[bk-1+]', 'st-39', 'st-39', NULL, 8, 'East'),
(4415, '[bk-9+]->[bk-1+]', 'sw-5', 'sw-5', 'G', 9, 'East'),
(4416, '[bk-9+]->[bk-1+]', 'ct-9', 'ct-9', NULL, 10, 'East'),
(4417, '[bk-9+]->[bk-1+]', 'ct-10', 'ct-10', NULL, 11, 'South'),
(4418, '[bk-9+]->[bk-1+]', 'ct-12', 'ct-12', NULL, 12, 'East'),
(4419, '[bk-9+]->[bk-1+]', 'ct-11', 'ct-11', NULL, 13, 'South'),
(4420, '[bk-9+]->[bk-1+]', 'ct-13', 'ct-13', NULL, 14, 'East'),
(4421, '[bk-9+]->[bk-1+]', 'ct-14', 'ct-14', NULL, 15, 'South'),
(4422, '[bk-9+]->[bk-1+]', 'ct-15', 'ct-15', NULL, 16, 'East'),
(4423, '[bk-9+]->[bk-1+]', 'ct-16', 'ct-16', NULL, 17, 'South'),
(4424, '[bk-9+]->[bk-1+]', 'st-35', 'st-35', NULL, 18, 'East'),
(4425, '[bk-9+]->[bk-1+]', 'si-9', 'si-9', NULL, 19, 'East'),
(4426, '[bk-9+]->[bk-1+]', 'se-21', 'se-21', NULL, 20, 'East'),
(4427, '[bk-9+]->[bk-1+]', 'bk-1+', 'bk-1', NULL, 21, 'East'),
(4428, '[bk-18+]->[bk-16-]', 'bk-18', 'bk-18', NULL, 0, NULL),
(4429, '[bk-18+]->[bk-16-]', 'bk-18+', 'bk-18', NULL, 1, NULL),
(4430, '[bk-18+]->[bk-16-]', 'se-56', 'se-56', NULL, 2, 'East'),
(4431, '[bk-18+]->[bk-16-]', 'si-11', 'si-11', NULL, 3, 'East'),
(4432, '[bk-18+]->[bk-16-]', 'se-58', 'se-58', NULL, 4, 'East'),
(4433, '[bk-18+]->[bk-16-]', 'sd-12', 'sd-12', NULL, 5, 'East');
INSERT INTO "jcs"."route_elements" VALUES
(4434, '[bk-18+]->[bk-16-]', 'st-163', 'st-163', NULL, 6, 'East'),
(4435, '[bk-18+]->[bk-16-]', 'ct-43', 'ct-43', NULL, 7, 'East'),
(4436, '[bk-18+]->[bk-16-]', 'st-56', 'st-56', NULL, 8, 'South'),
(4437, '[bk-18+]->[bk-16-]', 'ct-47', 'ct-47', NULL, 9, 'South'),
(4438, '[bk-18+]->[bk-16-]', 'st-164', 'st-164', NULL, 10, 'West'),
(4439, '[bk-18+]->[bk-16-]', 'sw-12', 'sw-12', 'G', 11, 'West'),
(4440, '[bk-18+]->[bk-16-]', 'st-98', 'st-98', NULL, 12, 'West'),
(4441, '[bk-18+]->[bk-16-]', 'st-99', 'st-99', NULL, 13, 'West'),
(4442, '[bk-18+]->[bk-16-]', 'st-100', 'st-100', NULL, 14, 'West'),
(4443, '[bk-18+]->[bk-16-]', 'sd-10', 'sd-10', NULL, 15, 'West'),
(4444, '[bk-18+]->[bk-16-]', 'st-101', 'st-101', NULL, 16, 'West'),
(4445, '[bk-18+]->[bk-16-]', 'st-102', 'st-102', NULL, 17, 'West'),
(4446, '[bk-18+]->[bk-16-]', 'st-103', 'st-103', NULL, 18, 'West'),
(4447, '[bk-18+]->[bk-16-]', 'se-53', 'se-53', NULL, 19, 'West'),
(4448, '[bk-18+]->[bk-16-]', 'bk-16-', 'bk-16', NULL, 20, 'West'),
(4449, '[bk-18+]->[bk-17-]', 'bk-18', 'bk-18', NULL, 0, NULL),
(4450, '[bk-18+]->[bk-17-]', 'bk-18+', 'bk-18', NULL, 1, NULL),
(4451, '[bk-18+]->[bk-17-]', 'se-56', 'se-56', NULL, 2, 'East'),
(4452, '[bk-18+]->[bk-17-]', 'si-11', 'si-11', NULL, 3, 'East'),
(4453, '[bk-18+]->[bk-17-]', 'se-58', 'se-58', NULL, 4, 'East'),
(4454, '[bk-18+]->[bk-17-]', 'sd-12', 'sd-12', NULL, 5, 'East'),
(4455, '[bk-18+]->[bk-17-]', 'st-163', 'st-163', NULL, 6, 'East'),
(4456, '[bk-18+]->[bk-17-]', 'ct-43', 'ct-43', NULL, 7, 'East'),
(4457, '[bk-18+]->[bk-17-]', 'st-56', 'st-56', NULL, 8, 'South'),
(4458, '[bk-18+]->[bk-17-]', 'ct-47', 'ct-47', NULL, 9, 'South'),
(4459, '[bk-18+]->[bk-17-]', 'st-164', 'st-164', NULL, 10, 'West'),
(4460, '[bk-18+]->[bk-17-]', 'sw-12', 'sw-12', 'R', 11, 'West'),
(4461, '[bk-18+]->[bk-17-]', 'ct-35', 'ct-35', NULL, 12, 'North'),
(4462, '[bk-18+]->[bk-17-]', 'st-109', 'st-109', NULL, 13, 'West'),
(4463, '[bk-18+]->[bk-17-]', 'st-108', 'st-108', NULL, 14, 'West'),
(4464, '[bk-18+]->[bk-17-]', 'st-107', 'st-107', NULL, 15, 'West'),
(4465, '[bk-18+]->[bk-17-]', 'sd-11', 'sd-11', NULL, 16, 'West'),
(4466, '[bk-18+]->[bk-17-]', 'st-106', 'st-106', NULL, 17, 'West'),
(4467, '[bk-18+]->[bk-17-]', 'st-105', 'st-105', NULL, 18, 'West'),
(4468, '[bk-18+]->[bk-17-]', 'st-104', 'st-104', NULL, 19, 'West'),
(4469, '[bk-18+]->[bk-17-]', 'se-52', 'se-52', NULL, 20, 'West'),
(4470, '[bk-18+]->[bk-17-]', 'bk-17-', 'bk-17', NULL, 21, 'West'),
(4471, '[bk-2+]->[bk-12-]', 'bk-2', 'bk-2', NULL, 0, NULL),
(4472, '[bk-2+]->[bk-12-]', 'bk-2+', 'bk-2', NULL, 1, NULL),
(4473, '[bk-2+]->[bk-12-]', 'se-3', 'se-3', NULL, 2, 'East'),
(4474, '[bk-2+]->[bk-12-]', 'si-1', 'si-1', NULL, 3, 'East'),
(4475, '[bk-2+]->[bk-12-]', 'sd-14', 'sd-14', NULL, 4, 'East'),
(4476, '[bk-2+]->[bk-12-]', 'sw-2', 'sw-2', 'G', 5, 'East'),
(4477, '[bk-2+]->[bk-12-]', 'st-8', 'st-8', NULL, 6, 'East'),
(4478, '[bk-2+]->[bk-12-]', 'st-1', 'st-1', NULL, 7, 'East'),
(4479, '[bk-2+]->[bk-12-]', 'ct-1', 'ct-1', NULL, 8, 'East'),
(4480, '[bk-2+]->[bk-12-]', 'st-2', 'st-2', NULL, 9, 'North'),
(4481, '[bk-2+]->[bk-12-]', 'st-3', 'st-3', NULL, 10, 'North'),
(4482, '[bk-2+]->[bk-12-]', 'st-4', 'st-4', NULL, 11, 'North'),
(4483, '[bk-2+]->[bk-12-]', 'st-5', 'st-5', NULL, 12, 'North'),
(4484, '[bk-2+]->[bk-12-]', 'se-38', 'se-38', NULL, 13, 'North'),
(4485, '[bk-2+]->[bk-12-]', 'bk-12-', 'bk-12', NULL, 14, 'North'),
(4486, '[bk-9+]->[bk-8-]', 'bk-9', 'bk-9', NULL, 0, NULL),
(4487, '[bk-9+]->[bk-8-]', 'bk-9+', 'bk-9', NULL, 1, NULL),
(4488, '[bk-9+]->[bk-8-]', 'se-30', 'se-30', NULL, 2, 'South'),
(4489, '[bk-9+]->[bk-8-]', 'si-6', 'si-6', NULL, 3, 'South'),
(4490, '[bk-9+]->[bk-8-]', 'se-29', 'se-29', NULL, 4, 'South'),
(4491, '[bk-9+]->[bk-8-]', 'ct-21', 'ct-21', NULL, 5, 'South'),
(4492, '[bk-9+]->[bk-8-]', 'st-47', 'st-47', NULL, 6, 'East'),
(4493, '[bk-9+]->[bk-8-]', 'sw-7', 'sw-7', 'R', 7, 'East'),
(4494, '[bk-9+]->[bk-8-]', 'ct-17', 'ct-17', NULL, 8, 'North'),
(4495, '[bk-9+]->[bk-8-]', 'ct-19', 'ct-19', NULL, 9, 'East'),
(4496, '[bk-9+]->[bk-8-]', 'ct-20', 'ct-20', NULL, 10, 'North');            
INSERT INTO "jcs"."route_elements" VALUES
(4497, '[bk-9+]->[bk-8-]', 'st-46', 'st-46', NULL, 11, 'East'),
(4498, '[bk-9+]->[bk-8-]', 'st-36', 'st-36', NULL, 12, 'East'),
(4499, '[bk-9+]->[bk-8-]', 'st-27', 'st-27', NULL, 13, 'East'),
(4500, '[bk-9+]->[bk-8-]', 'st-45', 'st-45', NULL, 14, 'East'),
(4501, '[bk-9+]->[bk-8-]', 'se-11', 'se-11', NULL, 15, 'East'),
(4502, '[bk-9+]->[bk-8-]', 'sd-5', 'sd-5', NULL, 16, 'East'),
(4503, '[bk-9+]->[bk-8-]', 'st-43', 'st-43', NULL, 17, 'East'),
(4504, '[bk-9+]->[bk-8-]', 'se-17', 'se-17', NULL, 18, 'East'),
(4505, '[bk-9+]->[bk-8-]', 'bk-8-', 'bk-8', NULL, 19, 'East'),
(4506, '[bk-17+]->[bk-2-]', 'bk-17', 'bk-17', NULL, 0, NULL),
(4507, '[bk-17+]->[bk-2-]', 'bk-17+', 'bk-17', NULL, 1, NULL),
(4508, '[bk-17+]->[bk-2-]', 'se-51', 'se-51', NULL, 2, 'West'),
(4509, '[bk-17+]->[bk-2-]', 'se-50', 'se-50', NULL, 3, 'West'),
(4510, '[bk-17+]->[bk-2-]', 'ct-37', 'ct-37', NULL, 4, 'West'),
(4511, '[bk-17+]->[bk-2-]', 'sw-13', 'sw-13', 'R', 5, 'South'),
(4512, '[bk-17+]->[bk-2-]', 'st-97', 'st-97', NULL, 6, 'West'),
(4513, '[bk-17+]->[bk-2-]', 'st-142', 'st-142', NULL, 7, 'West'),
(4514, '[bk-17+]->[bk-2-]', 'st-143', 'st-143', NULL, 8, 'West'),
(4515, '[bk-17+]->[bk-2-]', 'cr-3', 'cr-3', NULL, 9, 'West'),
(4516, '[bk-17+]->[bk-2-]', 'cr-4', 'cr-4', NULL, 10, 'West'),
(4517, '[bk-17+]->[bk-2-]', 'st-138', 'st-138', NULL, 11, 'West'),
(4518, '[bk-17+]->[bk-2-]', 'st-139', 'st-139', NULL, 12, 'West'),
(4519, '[bk-17+]->[bk-2-]', 'ct-34', 'ct-34', NULL, 13, 'West'),
(4520, '[bk-17+]->[bk-2-]', 'st-136', 'st-136', NULL, 14, 'South'),
(4521, '[bk-17+]->[bk-2-]', 'st-135', 'st-135', NULL, 15, 'South'),
(4522, '[bk-17+]->[bk-2-]', 'st-134', 'st-134', NULL, 16, 'South'),
(4523, '[bk-17+]->[bk-2-]', 'st-133', 'st-133', NULL, 17, 'South'),
(4524, '[bk-17+]->[bk-2-]', 'st-132', 'st-132', NULL, 18, 'South'),
(4525, '[bk-17+]->[bk-2-]', 'st-131', 'st-131', NULL, 19, 'South'),
(4526, '[bk-17+]->[bk-2-]', 'st-130', 'st-130', NULL, 20, 'South'),
(4527, '[bk-17+]->[bk-2-]', 'st-129', 'st-129', NULL, 21, 'South'),
(4528, '[bk-17+]->[bk-2-]', 'st-128', 'st-128', NULL, 22, 'South'),
(4529, '[bk-17+]->[bk-2-]', 'st-127', 'st-127', NULL, 23, 'South'),
(4530, '[bk-17+]->[bk-2-]', 'st-126', 'st-126', NULL, 24, 'South'),
(4531, '[bk-17+]->[bk-2-]', 'st-125', 'st-125', NULL, 25, 'South'),
(4532, '[bk-17+]->[bk-2-]', 'st-124', 'st-124', NULL, 26, 'South'),
(4533, '[bk-17+]->[bk-2-]', 'st-123', 'st-123', NULL, 27, 'South'),
(4534, '[bk-17+]->[bk-2-]', 'st-83', 'st-83', NULL, 28, 'South'),
(4535, '[bk-17+]->[bk-2-]', 'st-122', 'st-122', NULL, 29, 'South'),
(4536, '[bk-17+]->[bk-2-]', 'ct-39', 'ct-39', NULL, 30, 'South'),
(4537, '[bk-17+]->[bk-2-]', 'st-82', 'st-82', NULL, 31, 'East'),
(4538, '[bk-17+]->[bk-2-]', 'st-81', 'st-81', NULL, 32, 'East'),
(4539, '[bk-17+]->[bk-2-]', 'st-80', 'st-80', NULL, 33, 'East'),
(4540, '[bk-17+]->[bk-2-]', 'st-73', 'st-73', NULL, 34, 'East'),
(4541, '[bk-17+]->[bk-2-]', 'st-72', 'st-72', NULL, 35, 'East'),
(4542, '[bk-17+]->[bk-2-]', 'st-71', 'st-71', NULL, 36, 'East'),
(4543, '[bk-17+]->[bk-2-]', 'st-70', 'st-70', NULL, 37, 'East'),
(4544, '[bk-17+]->[bk-2-]', 'st-69', 'st-69', NULL, 38, 'East'),
(4545, '[bk-17+]->[bk-2-]', 'st-68', 'st-68', NULL, 39, 'East'),
(4546, '[bk-17+]->[bk-2-]', 'st-67', 'st-67', NULL, 40, 'East'),
(4547, '[bk-17+]->[bk-2-]', 'st-66', 'st-66', NULL, 41, 'East'),
(4548, '[bk-17+]->[bk-2-]', 'st-65', 'st-65', NULL, 42, 'East'),
(4549, '[bk-17+]->[bk-2-]', 'st-63', 'st-63', NULL, 43, 'East'),
(4550, '[bk-17+]->[bk-2-]', 'sd-2', 'sd-2', NULL, 44, 'East'),
(4551, '[bk-17+]->[bk-2-]', 'st-11', 'st-11', NULL, 45, 'East'),
(4552, '[bk-17+]->[bk-2-]', 'se-4', 'se-4', NULL, 46, 'East'),
(4553, '[bk-17+]->[bk-2-]', 'bk-2-', 'bk-2', NULL, 47, 'East'),
(4554, '[bk-9+]->[bk-7-]', 'bk-9', 'bk-9', NULL, 0, NULL),
(4555, '[bk-9+]->[bk-7-]', 'bk-9+', 'bk-9', NULL, 1, NULL),
(4556, '[bk-9+]->[bk-7-]', 'se-30', 'se-30', NULL, 2, 'South'),
(4557, '[bk-9+]->[bk-7-]', 'si-6', 'si-6', NULL, 3, 'South'),
(4558, '[bk-9+]->[bk-7-]', 'se-29', 'se-29', NULL, 4, 'South'),
(4559, '[bk-9+]->[bk-7-]', 'ct-21', 'ct-21', NULL, 5, 'South');   
INSERT INTO "jcs"."route_elements" VALUES
(4560, '[bk-9+]->[bk-7-]', 'st-47', 'st-47', NULL, 6, 'East'),
(4561, '[bk-9+]->[bk-7-]', 'sw-7', 'sw-7', 'G', 7, 'East'),
(4562, '[bk-9+]->[bk-7-]', 'st-39', 'st-39', NULL, 8, 'East'),
(4563, '[bk-9+]->[bk-7-]', 'sw-5', 'sw-5', 'R', 9, 'East'),
(4564, '[bk-9+]->[bk-7-]', 'ct-6', 'ct-6', NULL, 10, 'North'),
(4565, '[bk-9+]->[bk-7-]', 'st-38', 'st-38', NULL, 11, 'East'),
(4566, '[bk-9+]->[bk-7-]', 'st-37', 'st-37', NULL, 12, 'East'),
(4567, '[bk-9+]->[bk-7-]', 'st-44', 'st-44', NULL, 13, 'East'),
(4568, '[bk-9+]->[bk-7-]', 'se-16', 'se-16', NULL, 14, 'East'),
(4569, '[bk-9+]->[bk-7-]', 'sd-4', 'sd-4', NULL, 15, 'East'),
(4570, '[bk-9+]->[bk-7-]', 'st-42', 'st-42', NULL, 16, 'East'),
(4571, '[bk-9+]->[bk-7-]', 'se-10', 'se-10', NULL, 17, 'East'),
(4572, '[bk-9+]->[bk-7-]', 'bk-7-', 'bk-7', NULL, 18, 'East'),
(4573, '[bk-1+]->[bk-9+]', 'bk-1', 'bk-1', NULL, 0, NULL),
(4574, '[bk-1+]->[bk-9+]', 'bk-1+', 'bk-1', NULL, 1, NULL),
(4575, '[bk-1+]->[bk-9+]', 'se-21', 'se-21', NULL, 2, 'West'),
(4576, '[bk-1+]->[bk-9+]', 'si-9', 'si-9', NULL, 3, 'West'),
(4577, '[bk-1+]->[bk-9+]', 'st-35', 'st-35', NULL, 4, 'West'),
(4578, '[bk-1+]->[bk-9+]', 'ct-16', 'ct-16', NULL, 5, 'West'),
(4579, '[bk-1+]->[bk-9+]', 'ct-15', 'ct-15', NULL, 6, 'North'),
(4580, '[bk-1+]->[bk-9+]', 'ct-14', 'ct-14', NULL, 7, 'West'),
(4581, '[bk-1+]->[bk-9+]', 'ct-13', 'ct-13', NULL, 8, 'North'),
(4582, '[bk-1+]->[bk-9+]', 'ct-11', 'ct-11', NULL, 9, 'West'),
(4583, '[bk-1+]->[bk-9+]', 'ct-12', 'ct-12', NULL, 10, 'North'),
(4584, '[bk-1+]->[bk-9+]', 'ct-10', 'ct-10', NULL, 11, 'West'),
(4585, '[bk-1+]->[bk-9+]', 'ct-9', 'ct-9', NULL, 12, 'North'),
(4586, '[bk-1+]->[bk-9+]', 'sw-5', 'sw-5', 'G', 13, 'West'),
(4587, '[bk-1+]->[bk-9+]', 'st-39', 'st-39', NULL, 14, 'West'),
(4588, '[bk-1+]->[bk-9+]', 'sw-7', 'sw-7', 'G', 15, 'West'),
(4589, '[bk-1+]->[bk-9+]', 'st-47', 'st-47', NULL, 16, 'West'),
(4590, '[bk-1+]->[bk-9+]', 'ct-21', 'ct-21', NULL, 17, 'West'),
(4591, '[bk-1+]->[bk-9+]', 'se-29', 'se-29', NULL, 18, 'North'),
(4592, '[bk-1+]->[bk-9+]', 'si-6', 'si-6', NULL, 19, 'North'),
(4593, '[bk-1+]->[bk-9+]', 'se-30', 'se-30', NULL, 20, 'North'),
(4594, '[bk-1+]->[bk-9+]', 'bk-9+', 'bk-9', NULL, 21, 'North');          
CREATE UNIQUE NULLS DISTINCT INDEX "jcs"."roel_pk_idx" ON "jcs"."route_elements"("id" NULLS FIRST);            
CREATE UNIQUE NULLS DISTINCT INDEX "jcs"."roel_rout_node_tile_un_idx" ON "jcs"."route_elements"("route_id" NULLS FIRST, "node_id" NULLS FIRST, "tile_id" NULLS FIRST);         
CREATE CACHED TABLE "jcs"."jcs_properties"(
    "p_key" CHARACTER VARYING(255) NOT NULL,
    "p_value" CHARACTER VARYING(255) NOT NULL
);      
ALTER TABLE "jcs"."jcs_properties" ADD CONSTRAINT "jcs"."prop_pk" PRIMARY KEY("p_key");        
-- 3 +/- SELECT COUNT(*) FROM jcs.jcs_properties;              
INSERT INTO "jcs"."jcs_properties" VALUES
('jcs.version', '1.0.0'),
('jcs.db.version', '1.0.0'),
('default.switchtime', '500');
CREATE UNIQUE NULLS DISTINCT INDEX "jcs"."prop_pk_idx" ON "jcs"."jcs_properties"("p_key" NULLS FIRST);         
CREATE CACHED TABLE "jcs"."jcs_version"(
    "db_version" CHARACTER VARYING(255) NOT NULL,
    "app_version" CHARACTER VARYING(255) NOT NULL
);
-- 1 +/- SELECT COUNT(*) FROM jcs.jcs_version; 
INSERT INTO "jcs"."jcs_version" VALUES
('0.0.3', '0.0.3');     
CREATE CACHED TABLE "jcs"."routes"(
    "id" CHARACTER VARYING(255) NOT NULL,
    "from_tile_id" CHARACTER VARYING(255) NOT NULL,
    "from_suffix" CHARACTER VARYING(255) NOT NULL,
    "to_tile_id" CHARACTER VARYING(255) NOT NULL,
    "to_suffix" CHARACTER VARYING(255) NOT NULL,
    "route_color" CHARACTER VARYING(255),
    "locked" BOOLEAN DEFAULT FALSE NOT NULL,
    "status" CHARACTER VARYING(255)
);          
ALTER TABLE "jcs"."routes" ADD CONSTRAINT "jcs"."rout_pk" PRIMARY KEY("id");   
-- 29 +/- SELECT COUNT(*) FROM jcs.routes;     
INSERT INTO "jcs"."routes" VALUES
('[bk-10+]->[bk-18-]', 'bk-10', '+', 'bk-18', '-', NULL, FALSE, NULL),
('[bk-3+]->[bk-14-]', 'bk-3', '+', 'bk-14', '-', NULL, FALSE, NULL),
('[bk-6+]->[bk-1-]', 'bk-6', '+', 'bk-1', '-', NULL, FALSE, NULL),
('[bk-14+]->[bk-19-]', 'bk-14', '+', 'bk-19', '-', NULL, FALSE, NULL),
('[bk-3+]->[bk-15-]', 'bk-3', '+', 'bk-15', '-', NULL, FALSE, NULL),
('[bk-15+]->[bk-19-]', 'bk-15', '+', 'bk-19', '-', NULL, FALSE, NULL),
('[bk-4+]->[bk-3-]', 'bk-4', '+', 'bk-3', '-', NULL, FALSE, NULL),
('[bk-12+]->[bk-11-]', 'bk-12', '+', 'bk-11', '-', NULL, FALSE, NULL),
('[bk-12+]->[bk-10-]', 'bk-12', '+', 'bk-10', '-', NULL, FALSE, NULL),
('[bk-7+]->[bk-4-]', 'bk-7', '+', 'bk-4', '-', NULL, FALSE, NULL),
('[bk-12+]->[bk-13-]', 'bk-12', '+', 'bk-13', '-', NULL, FALSE, NULL),
('[bk-11+]->[bk-18-]', 'bk-11', '+', 'bk-18', '-', NULL, FALSE, NULL),
('[bk-12-]->[bk-3-]', 'bk-12', '-', 'bk-3', '-', NULL, FALSE, NULL),
('[bk-16+]->[bk-2-]', 'bk-16', '+', 'bk-2', '-', NULL, FALSE, NULL),
('[bk-1-]->[bk-5+]', 'bk-1', '-', 'bk-5', '+', NULL, FALSE, NULL),
('[bk-9-]->[bk-18-]', 'bk-9', '-', 'bk-18', '-', NULL, FALSE, NULL),
('[bk-1-]->[bk-6+]', 'bk-1', '-', 'bk-6', '+', NULL, FALSE, NULL),
('[bk-5+]->[bk-1-]', 'bk-5', '+', 'bk-1', '-', NULL, FALSE, NULL),
('[bk-8+]->[bk-4-]', 'bk-8', '+', 'bk-4', '-', NULL, FALSE, NULL),
('[bk-19+]->[bk-9-]', 'bk-19', '+', 'bk-9', '-', NULL, FALSE, NULL),
('[bk-13-]->[bk-12+]', 'bk-13', '-', 'bk-12', '+', NULL, FALSE, NULL),
('[bk-9+]->[bk-1+]', 'bk-9', '+', 'bk-1', '+', NULL, FALSE, NULL),
('[bk-18+]->[bk-16-]', 'bk-18', '+', 'bk-16', '-', NULL, FALSE, NULL),
('[bk-18+]->[bk-17-]', 'bk-18', '+', 'bk-17', '-', NULL, FALSE, NULL),
('[bk-2+]->[bk-12-]', 'bk-2', '+', 'bk-12', '-', NULL, FALSE, NULL),
('[bk-9+]->[bk-8-]', 'bk-9', '+', 'bk-8', '-', NULL, FALSE, NULL),
('[bk-17+]->[bk-2-]', 'bk-17', '+', 'bk-2', '-', NULL, FALSE, NULL),
('[bk-9+]->[bk-7-]', 'bk-9', '+', 'bk-7', '-', NULL, FALSE, NULL),
('[bk-1+]->[bk-9+]', 'bk-1', '+', 'bk-9', '+', NULL, FALSE, NULL);               
CREATE UNIQUE NULLS DISTINCT INDEX "jcs"."rout_pk_idx" ON "jcs"."routes"("id" NULLS FIRST);    
CREATE UNIQUE NULLS DISTINCT INDEX "jcs"."rout_from_to_un_idx" ON "jcs"."routes"("from_tile_id" NULLS FIRST, "from_suffix" NULLS FIRST, "to_tile_id" NULLS FIRST, "to_suffix" NULLS FIRST);    
ALTER TABLE "jcs"."tiles" ADD CONSTRAINT "jcs"."tile_acce_sens_arc_ck" CHECK((("accessory_id" IS NOT NULL)
    AND ("sensor_id" IS NULL))
    OR (("accessory_id" IS NULL)
    AND (("sensor_id" IS NOT NULL)
    OR ("sensor_id" IS NULL)))) NOCHECK;         
ALTER TABLE "jcs"."sensors" ADD CONSTRAINT "jcs"."sens_deid_coid_un" UNIQUE NULLS DISTINCT ("device_id", "contact_id", "bus_nr", "command_station_id");        
ALTER TABLE "jcs"."route_elements" ADD CONSTRAINT "jcs"."roel_rout_node_tile_un" UNIQUE NULLS DISTINCT ("route_id", "node_id", "tile_id");     
ALTER TABLE "jcs"."blocks" ADD CONSTRAINT "jcs"."bloc_tile_un" UNIQUE NULLS DISTINCT ("tile_id");              
ALTER TABLE "jcs"."accessories" ADD CONSTRAINT "jcs"."acce_address_un" UNIQUE NULLS DISTINCT ("protocol", "address", "command_station_id");    
ALTER TABLE "jcs"."tiles" ADD CONSTRAINT "jcs"."tile_x_y_un" UNIQUE NULLS DISTINCT ("x", "y"); 
ALTER TABLE "jcs"."locomotive_functions" ADD CONSTRAINT "jcs"."lofu_loid_fnum_un" UNIQUE NULLS DISTINCT ("locomotive_id", "f_number");         
ALTER TABLE "jcs"."routes" ADD CONSTRAINT "jcs"."rout_from_to_un" UNIQUE NULLS DISTINCT ("from_tile_id", "from_suffix", "to_tile_id", "to_suffix");            
ALTER TABLE "jcs"."blocks" ADD CONSTRAINT "jcs"."blck_sens_plus_fk" FOREIGN KEY("plus_sensor_id") REFERENCES "jcs"."sensors"("id") NOCHECK;    
ALTER TABLE "jcs"."routes" ADD CONSTRAINT "jcs"."rout_tile_to_fk" FOREIGN KEY("to_tile_id") REFERENCES "jcs"."tiles"("id") NOCHECK;            
ALTER TABLE "jcs"."blocks" ADD CONSTRAINT "jcs"."blck_tile_fk" FOREIGN KEY("tile_id") REFERENCES "jcs"."tiles"("id") NOCHECK;  
ALTER TABLE "jcs"."accessories" ADD CONSTRAINT "jcs"."acce_cost_fk" FOREIGN KEY("command_station_id") REFERENCES "jcs"."command_stations"("id") NOCHECK;       
ALTER TABLE "jcs"."locomotive_functions" ADD CONSTRAINT "jcs"."lofu_loco_fk" FOREIGN KEY("locomotive_id") REFERENCES "jcs"."locomotives"("id") NOCHECK;        
ALTER TABLE "jcs"."blocks" ADD CONSTRAINT "jcs"."blck_acce_sig_plus_fk" FOREIGN KEY("plus_signal_id") REFERENCES "jcs"."accessories"("id") NOCHECK;            
ALTER TABLE "jcs"."route_elements" ADD CONSTRAINT "jcs"."roel_tile_fk" FOREIGN KEY("tile_id") REFERENCES "jcs"."tiles"("id") NOCHECK;          
ALTER TABLE "jcs"."routes" ADD CONSTRAINT "jcs"."rout_tile_from_fk" FOREIGN KEY("from_tile_id") REFERENCES "jcs"."tiles"("id") NOCHECK;        
ALTER TABLE "jcs"."locomotives" ADD CONSTRAINT "jcs"."loco_cost_fk" FOREIGN KEY("command_station_id") REFERENCES "jcs"."command_stations"("id") NOCHECK;       
ALTER TABLE "jcs"."blocks" ADD CONSTRAINT "jcs"."blck_sens_min_fk" FOREIGN KEY("min_sensor_id") REFERENCES "jcs"."sensors"("id") NOCHECK;      
ALTER TABLE "jcs"."route_elements" ADD CONSTRAINT "jcs"."roel_rout_fk" FOREIGN KEY("route_id") REFERENCES "jcs"."routes"("id") NOCHECK;        
ALTER TABLE "jcs"."blocks" ADD CONSTRAINT "jcs"."blck_acce_sig_min_fk" FOREIGN KEY("min_signal_id") REFERENCES "jcs"."accessories"("id") NOCHECK;              
ALTER TABLE "jcs"."blocks" ADD CONSTRAINT "jcs"."blck_loco_fk" FOREIGN KEY("locomotive_id") REFERENCES "jcs"."locomotives"("id") NOCHECK;      
ALTER TABLE "jcs"."tiles" ADD CONSTRAINT "jcs"."tile_acc_fk" FOREIGN KEY("accessory_id") REFERENCES "jcs"."accessories"("id") NOCHECK;         
ALTER TABLE "jcs"."tiles" ADD CONSTRAINT "jcs"."tile_sens_fk" FOREIGN KEY("sensor_id") REFERENCES "jcs"."sensors"("id") NOCHECK;               
