-- H2 2.4.240; 
;              
CREATE USER IF NOT EXISTS "JCS" SALT 'fc40fdb9b1ff5d96' HASH '7442d719ccf651d1601a11f83df8e7b49fa1f589a7a3a9d04d69998e22249fcd' ADMIN;         
CREATE USER IF NOT EXISTS "SA" SALT 'eb1afca2ae28ad08' HASH 'f2c8c398ba306b98b4cb3ecfe0865559d3a221c6c0bc6aaeaef142c3f78b5915' ADMIN;          
CREATE SCHEMA IF NOT EXISTS "jcs" AUTHORIZATION "JCS";         
DROP TABLE IF EXISTS "jcs"."tiles" CASCADE;    
DROP TABLE IF EXISTS "jcs"."stations" CASCADE; 
DROP TABLE IF EXISTS "jcs"."station_blocks" CASCADE;           
DROP TABLE IF EXISTS "jcs"."accessories" CASCADE;              
DROP TABLE IF EXISTS "jcs"."blocks" CASCADE;   
DROP TABLE IF EXISTS "jcs"."sensors" CASCADE;  
DROP TABLE IF EXISTS "jcs"."locomotive_functions" CASCADE;     
DROP TABLE IF EXISTS "jcs"."locomotives" CASCADE;              
DROP TABLE IF EXISTS "jcs"."command_stations" CASCADE;         
DROP TABLE IF EXISTS "jcs"."routes" CASCADE;   
DROP TABLE IF EXISTS "jcs"."route_elements" CASCADE;           
DROP TABLE IF EXISTS "jcs"."jcs_properties" CASCADE;           
DROP TABLE IF EXISTS "jcs"."jcs_version" CASCADE;              
CREATE CACHED TABLE "jcs"."tiles"(
    "id" CHARACTER VARYING(255) NOT NULL,
    "tile_type" CHARACTER VARYING(255) NOT NULL,
    "orientation" CHARACTER VARYING(255) NOT NULL,
    "direction" CHARACTER VARYING(255) NOT NULL,
    "x" INTEGER NOT NULL,
    "y" INTEGER NOT NULL,
    "signal_type" CHARACTER VARYING(255),
    "accessory_id" CHARACTER VARYING(255),
    "sensor_id" INTEGER
);          
ALTER TABLE "jcs"."tiles" ADD CONSTRAINT "jcs"."tile_pk" PRIMARY KEY("id");    
-- 529 +/- SELECT COUNT(*) FROM jcs.tiles;     
INSERT INTO "jcs"."tiles" VALUES
('bk-1', 'Block', 'South', 'Center', 900, 500, NULL, NULL, NULL),
('bk-2', 'Block', 'South', 'Center', 940, 500, NULL, NULL, NULL),
('bk-3', 'Block', 'North', 'Center', 1020, 500, NULL, NULL, NULL),
('bk-4', 'Block', 'North', 'Center', 1060, 500, NULL, NULL, NULL),
('bk-5', 'Block', 'North', 'Center', 1100, 540, NULL, NULL, NULL),
('se-1', 'Sensor', 'North', 'Center', 900, 420, NULL, NULL, NULL),
('se-2', 'Sensor', 'North', 'Center', 940, 420, NULL, NULL, NULL),
('se-3', 'Sensor', 'North', 'Center', 1020, 420, NULL, NULL, NULL),
('se-4', 'Sensor', 'North', 'Center', 1060, 420, NULL, NULL, NULL),
('se-5', 'Sensor', 'North', 'Center', 1100, 460, NULL, NULL, NULL),
('si-3', 'Signal', 'North', 'Center', 460, 340, 'NONE', NULL, NULL),
('si-4', 'Signal', 'North', 'Center', 580, 380, 'HP01', '33', NULL),
('sw-1', 'Switch', 'South', 'Right', 900, 300, 'NONE', '39', NULL),
('sw-2', 'Switch', 'West', 'Right', 820, 180, 'NONE', '57', NULL),
('sw-3', 'Switch', 'South', 'Left', 900, 180, 'NONE', '56', NULL),
('ct-1', 'Curved', 'South', 'Center', 900, 260, NULL, NULL, NULL),
('ct-2', 'Curved', 'North', 'Center', 860, 260, NULL, NULL, NULL),
('ct-3', 'Curved', 'South', 'Center', 1100, 340, NULL, NULL, NULL),
('ct-4', 'Curved', 'West', 'Center', 1140, 140, NULL, NULL, NULL),
('ct-5', 'Curved', 'South', 'Center', 860, 220, NULL, NULL, NULL),
('ct-6', 'Curved', 'North', 'Center', 820, 220, NULL, NULL, NULL),
('st-2', 'Straight', 'East', 'Center', 820, 60, NULL, NULL, NULL),
('st-3', 'Straight', 'North', 'Center', 420, 420, NULL, NULL, NULL),
('st-4', 'Straight', 'East', 'Center', 860, 20, NULL, NULL, NULL),
('sw-6', 'Switch', 'West', 'Right', 940, 220, 'NONE', '34', NULL),
('ct-7', 'Curved', 'North', 'Center', 900, 220, NULL, NULL, NULL),
('st-7', 'Straight', 'North', 'Center', 940, 380, NULL, NULL, NULL),
('st-8', 'Straight', 'North', 'Center', 1020, 380, NULL, NULL, NULL),
('ct-8', 'Curved', 'South', 'Center', 900, 140, NULL, NULL, NULL),
('st-9', 'Straight', 'West', 'Center', 1500, 780, NULL, NULL, NULL),
('st-10', 'Straight', 'West', 'Center', 1100, 820, NULL, NULL, NULL),
('st-11', 'Straight', 'West', 'Center', 500, 580, NULL, NULL, NULL),
('st-12', 'Straight', 'West', 'Center', 540, 620, NULL, NULL, NULL),
('se-6', 'Sensor', 'West', 'Center', 740, 140, NULL, NULL, NULL),
('se-7', 'Sensor', 'West', 'Center', 740, 180, NULL, NULL, NULL),
('bk-6', 'Block', 'East', 'Center', 660, 180, NULL, NULL, NULL),
('bk-7', 'Block', 'West', 'Center', 660, 140, NULL, NULL, NULL),
('bk-8', 'Block', 'South', 'Center', 1140, 540, NULL, NULL, NULL),
('bk-9', 'Block', 'South', 'Center', 1180, 580, NULL, NULL, NULL),
('sw-8', 'Switch', 'East', 'Left', 1060, 180, 'NONE', '35', NULL),
('st-13', 'Straight', 'East', 'Center', 860, 140, NULL, NULL, NULL),
('ct-9', 'Curved', 'East', 'Center', 1020, 140, NULL, NULL, NULL),
('st-14', 'Straight', 'South', 'Center', 900, 740, NULL, NULL, NULL),
('st-15', 'Straight', 'South', 'Center', 1180, 140, NULL, NULL, NULL),
('st-16', 'Straight', 'South', 'Center', 1060, 220, NULL, NULL, NULL),
('st-17', 'Straight', 'West', 'Center', 1060, 140, NULL, NULL, NULL),
('sw-10', 'Switch', 'North', 'Left', 1180, 420, 'NONE', '54', NULL),
('sw-11', 'Switch', 'West', 'Right', 1140, 380, 'NONE', '48', NULL),
('ct-10', 'Curved', 'South', 'Center', 1180, 380, NULL, NULL, NULL),
('st-22', 'Straight', 'West', 'Center', 860, 180, NULL, NULL, NULL),
('ct-11', 'Curved', 'North', 'Center', 1140, 740, NULL, NULL, NULL),
('st-24', 'Straight', 'South', 'Center', 1060, 740, NULL, NULL, NULL),
('ct-12', 'Curved', 'South', 'Center', 1140, 60, NULL, NULL, NULL),
('st-25', 'Straight', 'West', 'Center', 1100, 60, NULL, NULL, NULL),
('se-8', 'Sensor', 'South', 'Center', 1140, 460, NULL, NULL, NULL),
('se-9', 'Sensor', 'South', 'Center', 1140, 620, NULL, NULL, NULL),
('se-10', 'Sensor', 'West', 'Center', 580, 140, NULL, NULL, NULL),
('se-11', 'Sensor', 'West', 'Center', 580, 180, NULL, NULL, NULL),
('se-12', 'Sensor', 'West', 'Center', 1140, 20, NULL, NULL, NULL),
('se-13', 'Sensor', 'West', 'Center', 980, 20, NULL, NULL, NULL);        
INSERT INTO "jcs"."tiles" VALUES
('st-26', 'Straight', 'North', 'Center', 1540, 900, NULL, NULL, NULL),
('st-27', 'Straight', 'North', 'Center', 260, 180, NULL, NULL, NULL),
('st-28', 'Straight', 'North', 'Center', 1180, 60, NULL, NULL, NULL),
('st-29', 'Straight', 'East', 'Center', 500, 620, NULL, NULL, NULL),
('st-32', 'Straight', 'North', 'Center', 420, 500, NULL, NULL, NULL),
('st-33', 'Straight', 'North', 'Center', 420, 460, NULL, NULL, NULL),
('st-34', 'Straight', 'North', 'Center', 100, 300, NULL, NULL, NULL),
('tw-1', 'ThreeWay', 'South', 'Center', 1060, 780, 'NONE', '51', NULL),
('cs-2', 'CrossSwitch', 'South', 'Left', 1020, 260, 'NONE', '37', NULL),
('cx-10', 'Cross', 'South', 'Center', 980, 220, NULL, NULL, NULL),
('cs-1', 'CrossSwitch', 'South', 'Right', 940, 260, 'NONE', '38', NULL),
('ct-13', 'Curved', 'West', 'Center', 1180, 180, NULL, NULL, NULL),
('ct-15', 'Curved', 'South', 'Center', 1180, 20, NULL, NULL, NULL),
('cs-5', 'CrossSwitch', 'South', 'Right', 1020, 180, 'NONE', '36', NULL),
('si-8', 'Signal', 'North', 'Center', 940, 340, 'NONE', NULL, NULL),
('si-9', 'Signal', 'North', 'Center', 1020, 340, 'NONE', NULL, NULL),
('si-10', 'Signal', 'North', 'Center', 1060, 380, 'NONE', NULL, NULL),
('si-11', 'Signal', 'North', 'Center', 900, 380, 'NONE', NULL, NULL),
('si-12', 'Signal', 'North', 'Center', 1100, 420, 'NONE', NULL, NULL),
('si-13', 'Signal', 'North', 'Center', 1140, 420, 'HP0SH1', '135', NULL),
('si-14', 'Signal', 'North', 'Center', 1180, 460, 'HP0SH1', '137', NULL),
('sw-13', 'Switch', 'South', 'Left', 1220, 420, 'NONE', '41', NULL),
('si-15', 'Signal', 'North', 'Center', 1220, 460, 'HP0SH1', '132', NULL),
('bk-10', 'Block', 'East', 'Center', 1060, 20, NULL, NULL, NULL),
('bk-11', 'Block', 'West', 'Center', 980, 60, NULL, NULL, NULL),
('se-14', 'Sensor', 'West', 'Center', 1060, 60, NULL, NULL, NULL),
('se-15', 'Sensor', 'West', 'Center', 900, 60, NULL, NULL, NULL),
('sd-1', 'StraightDirection', 'West', 'Center', 820, 20, NULL, NULL, NULL),
('sd-2', 'StraightDirection', 'East', 'Center', 860, 60, NULL, NULL, NULL),
('se-16', 'Sensor', 'East', 'Center', 780, 20, NULL, NULL, NULL),
('se-17', 'Sensor', 'East', 'Center', 780, 60, NULL, NULL, NULL),
('bk-12', 'Block', 'East', 'Center', 700, 60, NULL, NULL, NULL),
('bk-13', 'Block', 'West', 'Center', 700, 20, NULL, NULL, NULL),
('se-18', 'Sensor', 'West', 'Center', 620, 20, NULL, NULL, NULL),
('se-19', 'Sensor', 'West', 'Center', 620, 60, NULL, NULL, NULL),
('sd-3', 'StraightDirection', 'West', 'Center', 580, 20, NULL, NULL, NULL),
('sd-4', 'StraightDirection', 'East', 'Center', 580, 60, NULL, NULL, NULL),
('sd-5', 'StraightDirection', 'South', 'Center', 1020, 860, NULL, NULL, NULL),
('sd-6', 'StraightDirection', 'West', 'Center', 1100, 860, NULL, NULL, NULL),
('ct-16', 'Curved', 'East', 'Center', 540, 180, NULL, NULL, NULL),
('sw-14', 'Switch', 'North', 'Left', 540, 260, 'NONE', '29', NULL),
('ct-17', 'Curved', 'South', 'Center', 580, 260, NULL, NULL, NULL),
('sd-7', 'StraightDirection', 'South', 'Center', 540, 300, NULL, NULL, NULL),
('sd-8', 'StraightDirection', 'North', 'Center', 580, 300, NULL, NULL, NULL),
('se-20', 'Sensor', 'North', 'Center', 460, 540, NULL, NULL, NULL),
('se-21', 'Sensor', 'North', 'Center', 580, 420, NULL, NULL, 1037),
('bk-14', 'Block', 'North', 'Center', 580, 500, NULL, NULL, NULL),
('bk-15', 'Block', 'North', 'Center', 460, 460, NULL, NULL, NULL),
('se-22', 'Sensor', 'South', 'Center', 460, 380, NULL, NULL, NULL),
('ct-18', 'Curved', 'North', 'Center', 460, 580, NULL, NULL, NULL),
('ct-19', 'Curved', 'West', 'Center', 540, 580, NULL, NULL, NULL),
('se-23', 'Sensor', 'North', 'Center', 580, 580, NULL, NULL, NULL),
('ct-20', 'Curved', 'West', 'Center', 580, 620, NULL, NULL, NULL),
('ct-21', 'Curved', 'North', 'Center', 420, 620, NULL, NULL, NULL),
('ct-22', 'Curved', 'South', 'Center', 460, 260, NULL, NULL, NULL),
('st-35', 'Straight', 'South', 'Center', 420, 180, NULL, NULL, NULL),
('st-36', 'Straight', 'North', 'Center', 420, 340, NULL, NULL, NULL),
('st-37', 'Straight', 'North', 'Center', 420, 540, NULL, NULL, NULL),
('st-38', 'Straight', 'North', 'Center', 420, 580, NULL, NULL, NULL);              
INSERT INTO "jcs"."tiles" VALUES
('sw-15', 'Switch', 'North', 'Left', 420, 260, 'NONE', '28', NULL),
('sw-16', 'Switch', 'South', 'Right', 420, 220, 'NONE', '27', NULL),
('ct-23', 'Curved', 'West', 'Center', 460, 220, NULL, NULL, NULL),
('ct-24', 'Curved', 'East', 'Center', 460, 180, NULL, NULL, NULL),
('st-40', 'Straight', 'East', 'Center', 460, 60, NULL, NULL, NULL),
('st-41', 'Straight', 'South', 'Center', 540, 340, NULL, NULL, NULL),
('st-42', 'Straight', 'South', 'Center', 540, 380, NULL, NULL, NULL),
('st-43', 'Straight', 'South', 'Center', 540, 500, NULL, NULL, NULL),
('st-44', 'Straight', 'South', 'Center', 540, 420, NULL, NULL, NULL),
('st-45', 'Straight', 'South', 'Center', 540, 460, NULL, NULL, NULL),
('sw-17', 'Switch', 'South', 'Right', 420, 140, 'NONE', '26', NULL),
('cs-8', 'CrossSwitch', 'West', 'Left', 540, 60, 'NONE', NULL, NULL),
('ct-25', 'Curved', 'West', 'Center', 460, 140, NULL, NULL, NULL),
('sw-18', 'Switch', 'East', 'Left', 540, 20, 'NONE', NULL, NULL),
('ct-26', 'Curved', 'West', 'Center', 500, 100, NULL, NULL, NULL),
('ct-37', 'Curved', 'East', 'Center', 460, 100, NULL, NULL, NULL),
('ct-39', 'Curved', 'East', 'Center', 500, 140, NULL, NULL, NULL),
('st-46', 'Straight', 'South', 'Center', 540, 220, NULL, NULL, NULL),
('st-47', 'Straight', 'South', 'Center', 420, 380, NULL, NULL, NULL),
('st-48', 'Straight', 'South', 'Center', 100, 220, NULL, NULL, NULL),
('st-50', 'Straight', 'South', 'Center', 60, 380, NULL, NULL, NULL),
('st-51', 'Straight', 'South', 'Center', 540, 540, NULL, NULL, NULL),
('sw-19', 'Switch', 'West', 'Right', 420, 60, 'NONE', '32', NULL),
('ct-40', 'Curved', 'North', 'Center', 1060, 860, NULL, NULL, NULL),
('ct-41', 'Curved', 'West', 'Center', 500, 180, NULL, NULL, NULL),
('st-53', 'Straight', 'East', 'Center', 500, 20, NULL, NULL, NULL),
('st-54', 'Straight', 'East', 'Center', 460, 20, NULL, NULL, NULL),
('st-55', 'Straight', 'East', 'Center', 420, 20, NULL, NULL, NULL),
('st-56', 'Straight', 'East', 'Center', 380, 20, NULL, NULL, NULL),
('st-57', 'Straight', 'East', 'Center', 300, 20, NULL, NULL, NULL),
('st-58', 'Straight', 'East', 'Center', 220, 300, NULL, NULL, NULL),
('cs-9', 'CrossSwitch', 'South', 'Left', 1060, 300, 'NONE', '40', NULL),
('se-24', 'Sensor', 'South', 'Center', 900, 580, NULL, NULL, NULL),
('se-25', 'Sensor', 'South', 'Center', 940, 580, NULL, NULL, NULL),
('se-26', 'Sensor', 'South', 'Center', 860, 500, NULL, NULL, NULL),
('se-27', 'Sensor', 'South', 'Center', 1020, 580, NULL, NULL, NULL),
('se-28', 'Sensor', 'South', 'Center', 1060, 580, NULL, NULL, NULL),
('se-29', 'Sensor', 'South', 'Center', 1100, 620, NULL, NULL, NULL),
('se-30', 'Sensor', 'South', 'Center', 1180, 500, NULL, NULL, NULL),
('se-31', 'Sensor', 'South', 'Center', 1180, 660, NULL, NULL, NULL),
('se-32', 'Sensor', 'West', 'Center', 860, 100, NULL, NULL, 1029),
('sw-20', 'Switch', 'West', 'Right', 1460, 100, 'NONE', '19', NULL),
('sw-21', 'Switch', 'West', 'Right', 1420, 100, 'NONE', '18', NULL),
('sw-22', 'Switch', 'West', 'Right', 1380, 100, 'NONE', '17', NULL),
('sw-23', 'Switch', 'West', 'Right', 1340, 100, 'NONE', '16', NULL),
('sw-25', 'Switch', 'West', 'Right', 1500, 100, 'NONE', '20', NULL),
('st-59', 'Straight', 'East', 'Center', 1140, 180, NULL, NULL, NULL),
('st-60', 'Straight', 'North', 'Center', 1540, 180, NULL, NULL, NULL),
('st-61', 'Straight', 'North', 'Center', 1500, 460, NULL, NULL, NULL),
('st-62', 'Straight', 'North', 'Center', 1340, 180, NULL, NULL, NULL),
('st-63', 'Straight', 'North', 'Center', 1380, 180, NULL, NULL, NULL),
('st-64', 'Straight', 'North', 'Center', 1420, 180, NULL, NULL, NULL),
('ct-42', 'Curved', 'South', 'Center', 1540, 100, NULL, NULL, NULL),
('st-65', 'Straight', 'South', 'Center', 1500, 180, NULL, NULL, NULL),
('se-33', 'Sensor', 'West', 'Center', 1020, 100, NULL, NULL, NULL),
('se-34', 'Sensor', 'South', 'Center', 1420, 220, NULL, NULL, NULL),
('se-35', 'Sensor', 'South', 'Center', 1340, 220, NULL, NULL, NULL),
('se-36', 'Sensor', 'South', 'Center', 1380, 220, NULL, NULL, NULL),
('se-37', 'Sensor', 'South', 'Center', 1420, 380, NULL, NULL, NULL);             
INSERT INTO "jcs"."tiles" VALUES
('se-38', 'Sensor', 'South', 'Center', 1460, 220, NULL, NULL, NULL),
('se-39', 'Sensor', 'South', 'Center', 1500, 220, NULL, NULL, NULL),
('bk-16', 'Block', 'North', 'Center', 1540, 300, NULL, NULL, NULL),
('bk-17', 'Block', 'North', 'Center', 1500, 300, NULL, NULL, NULL),
('bk-18', 'Block', 'North', 'Center', 1460, 300, NULL, NULL, NULL),
('bk-19', 'Block', 'North', 'Center', 1420, 300, NULL, NULL, NULL),
('bk-20', 'Block', 'North', 'Center', 1380, 300, NULL, NULL, NULL),
('bk-21', 'Block', 'North', 'Center', 1340, 300, NULL, NULL, NULL),
('bk-22', 'Block', 'West', 'Center', 940, 100, NULL, NULL, NULL),
('se-41', 'Sensor', 'North', 'Center', 1340, 380, NULL, NULL, NULL),
('se-42', 'Sensor', 'North', 'Center', 1380, 380, NULL, NULL, NULL),
('se-43', 'Sensor', 'North', 'Center', 1460, 380, NULL, NULL, NULL),
('se-44', 'Sensor', 'North', 'Center', 1500, 380, NULL, NULL, NULL),
('se-45', 'Sensor', 'North', 'Center', 1540, 380, NULL, NULL, NULL),
('se-46', 'Sensor', 'North', 'Center', 1540, 220, NULL, NULL, NULL),
('sw-26', 'Switch', 'East', 'Right', 1460, 500, 'NONE', '23', NULL),
('sw-27', 'Switch', 'East', 'Right', 1500, 500, 'NONE', '22', NULL),
('sw-28', 'Switch', 'South', 'Left', 1540, 500, 'NONE', '21', NULL),
('sw-29', 'Switch', 'East', 'Right', 1420, 500, 'NONE', '24', NULL),
('sw-30', 'Switch', 'East', 'Right', 1380, 500, 'NONE', '25', NULL),
('ct-43', 'Curved', 'North', 'Center', 1340, 500, NULL, NULL, NULL),
('ct-44', 'Curved', 'North', 'Center', 140, 300, NULL, NULL, NULL),
('ct-45', 'Curved', 'West', 'Center', 940, 820, NULL, NULL, NULL),
('ct-46', 'Curved', 'East', 'Center', 820, 780, NULL, NULL, NULL),
('st-66', 'Straight', 'South', 'Center', 260, 100, NULL, NULL, NULL),
('st-67', 'Straight', 'South', 'Center', 100, 180, NULL, NULL, NULL),
('se-47', 'Sensor', 'South', 'Center', 860, 340, NULL, NULL, NULL),
('bk-23', 'Block', 'South', 'Center', 860, 420, NULL, NULL, NULL),
('st-68', 'Straight', 'South', 'Center', 1220, 180, NULL, NULL, NULL),
('se-49', 'Sensor', 'South', 'Center', 1220, 380, NULL, NULL, NULL),
('bk-24', 'Block', 'South', 'Center', 1220, 300, NULL, NULL, NULL),
('se-50', 'Sensor', 'South', 'Center', 1220, 220, NULL, NULL, NULL),
('et-1', 'End', 'North', 'Center', 1220, 140, NULL, NULL, NULL),
('se-51', 'Sensor', 'North', 'Center', 1220, 500, NULL, NULL, NULL),
('bk-25', 'Block', 'North', 'Center', 1220, 580, NULL, NULL, NULL),
('se-52', 'Sensor', 'North', 'Center', 1220, 660, NULL, NULL, NULL),
('et-2', 'End', 'South', 'Center', 1220, 700, NULL, NULL, NULL),
('st-69', 'Straight', 'South', 'Center', 1580, 940, NULL, NULL, NULL),
('et-3', 'End', 'South', 'Center', 1180, 700, NULL, NULL, NULL),
('si-16', 'Signal', 'South', 'Center', 1140, 660, 'HP0SH1', '131', NULL),
('sw-32', 'Switch', 'South', 'Left', 1140, 700, 'NONE', '55', NULL),
('si-17', 'Signal', 'West', 'Center', 1220, 740, 'HP0SH1', '136', NULL),
('se-53', 'Sensor', 'East', 'Center', 1260, 740, NULL, NULL, NULL),
('bk-26', 'Block', 'East', 'Center', 1340, 740, NULL, NULL, NULL),
('se-54', 'Sensor', 'East', 'Center', 1420, 740, NULL, NULL, NULL),
('et-4', 'End', 'East', 'Center', 1460, 740, NULL, NULL, NULL),
('sw-33', 'Switch', 'North', 'Left', 1100, 700, 'NONE', '1', NULL),
('sd-9', 'StraightDirection', 'North', 'Center', 1100, 740, NULL, NULL, NULL),
('ct-47', 'Curved', 'West', 'Center', 1100, 780, NULL, NULL, NULL),
('st-71', 'Straight', 'North', 'Center', 1100, 660, NULL, NULL, NULL),
('cs-10', 'CrossSwitch', 'North', 'Left', 1020, 780, 'NONE', '49', NULL),
('cx-11', 'Cross', 'South', 'Center', 980, 700, NULL, NULL, NULL),
('cs-11', 'CrossSwitch', 'South', 'Right', 1020, 660, 'NONE', '46', NULL),
('sw-34', 'Switch', 'North', 'Right', 1060, 660, 'NONE', '44', NULL),
('si-18', 'Signal', 'South', 'Center', 1060, 620, 'NONE', NULL, NULL),
('si-19', 'Signal', 'South', 'Center', 1020, 620, 'NONE', NULL, NULL),
('st-72', 'Straight', 'South', 'Center', 1060, 260, NULL, NULL, NULL),
('st-74', 'Straight', 'West', 'Center', 1140, 940, NULL, NULL, NULL),
('st-75', 'Straight', 'South', 'Center', 1060, 700, NULL, NULL, NULL);    
INSERT INTO "jcs"."tiles" VALUES
('si-20', 'Signal', 'South', 'Center', 940, 620, 'NONE', NULL, NULL),
('si-21', 'Signal', 'South', 'Center', 900, 620, 'NONE', NULL, NULL),
('cs-12', 'CrossSwitch', 'South', 'Left', 940, 660, 'NONE', '47', NULL),
('cs-14', 'CrossSwitch', 'South', 'Right', 940, 740, 'NONE', '50', NULL),
('sw-35', 'Switch', 'North', 'Left', 900, 660, 'NONE', '45', NULL),
('sw-36', 'Switch', 'West', 'Left', 900, 780, 'NONE', '53', NULL),
('st-76', 'Straight', 'South', 'Center', 900, 700, NULL, NULL, NULL),
('st-80', 'Straight', 'North', 'Center', 900, 340, NULL, NULL, NULL),
('st-82', 'Straight', 'East', 'Center', 860, 860, NULL, NULL, NULL),
('ct-48', 'Curved', 'East', 'Center', 780, 100, NULL, NULL, NULL),
('st-84', 'Straight', 'East', 'Center', 460, 620, NULL, NULL, NULL),
('st-85', 'Straight', 'South', 'Center', 420, 100, NULL, NULL, NULL),
('cs-15', 'CrossSwitch', 'East', 'Right', 340, 60, 'NONE', '7', NULL),
('sw-37', 'Switch', 'West', 'Right', 340, 20, 'NONE', '4', NULL),
('st-87', 'Straight', 'North', 'Center', 380, 100, NULL, NULL, NULL),
('st-88', 'Straight', 'North', 'Center', 380, 140, NULL, NULL, NULL),
('sw-38', 'Switch', 'West', 'Right', 300, 60, 'NONE', '6', NULL),
('sw-39', 'Switch', 'East', 'Left', 260, 60, 'NONE', '5', NULL),
('se-55', 'Sensor', 'South', 'Center', 300, 100, NULL, NULL, 8),
('bk-27', 'Block', 'South', 'Center', 300, 180, NULL, NULL, NULL),
('se-56', 'Sensor', 'South', 'Center', 300, 260, NULL, NULL, 9),
('se-57', 'Sensor', 'South', 'Center', 140, 100, NULL, NULL, 12),
('bk-28', 'Block', 'South', 'Center', 140, 180, NULL, NULL, NULL),
('st-91', 'Straight', 'South', 'Center', 20, 700, NULL, NULL, NULL),
('se-58', 'Sensor', 'South', 'Center', 140, 260, NULL, NULL, 11),
('ct-49', 'Curved', 'North', 'Center', 300, 300, NULL, NULL, NULL),
('ct-50', 'Curved', 'West', 'Center', 380, 300, NULL, NULL, NULL),
('st-92', 'Straight', 'West', 'Center', 340, 300, NULL, NULL, NULL),
('st-93', 'Straight', 'North', 'Center', 380, 260, NULL, NULL, NULL),
('st-94', 'Straight', 'North', 'Center', 380, 220, NULL, NULL, NULL),
('st-95', 'Straight', 'North', 'Center', 20, 460, NULL, NULL, NULL),
('st-96', 'Straight', 'North', 'Center', 380, 180, NULL, NULL, NULL),
('sw-40', 'Switch', 'East', 'Left', 220, 20, 'NONE', '3', NULL),
('sw-42', 'Switch', 'West', 'Left', 220, 60, 'NONE', '2', NULL),
('sw-44', 'Switch', 'East', 'Left', 140, 60, 'NONE', '11', NULL),
('st-97', 'Straight', 'East', 'Center', 940, 860, NULL, NULL, NULL),
('st-98', 'Straight', 'East', 'Center', 140, 20, NULL, NULL, NULL),
('sw-46', 'Switch', 'North', 'Left', 1100, 380, 'NONE', '42', NULL),
('st-99', 'Straight', 'East', 'Center', 1220, 940, NULL, NULL, NULL),
('st-100', 'Straight', 'East', 'Center', 1500, 940, NULL, NULL, NULL),
('cr-1', 'Crossing', 'South', 'Center', 1180, 100, NULL, NULL, NULL),
('cr-2', 'Crossing', 'South', 'Center', 1140, 100, NULL, NULL, NULL),
('cr-3', 'Crossing', 'South', 'Center', 1060, 820, NULL, NULL, NULL),
('cr-4', 'Crossing', 'South', 'Center', 1020, 820, NULL, NULL, NULL),
('se-59', 'Sensor', 'North', 'Center', 860, 700, NULL, NULL, NULL),
('bk-29', 'Block', 'South', 'Center', 860, 620, NULL, NULL, NULL),
('se-60', 'Sensor', 'North', 'Center', 860, 540, NULL, NULL, NULL),
('ct-52', 'Curved', 'West', 'Center', 1540, 780, NULL, NULL, NULL),
('st-103', 'Straight', 'East', 'Center', 1180, 780, NULL, NULL, NULL),
('st-104', 'Straight', 'West', 'Center', 1460, 780, NULL, NULL, NULL),
('bk-30', 'Block', 'North', 'Center', 1540, 660, NULL, NULL, NULL),
('se-61', 'Sensor', 'North', 'Center', 1540, 580, NULL, NULL, NULL),
('se-62', 'Sensor', 'North', 'Center', 1540, 740, NULL, NULL, NULL),
('st-126', 'Straight', 'South', 'Center', 1580, 900, NULL, NULL, NULL),
('st-127', 'Straight', 'West', 'Center', 1100, 940, NULL, NULL, NULL),
('st-128', 'Straight', 'West', 'Center', 820, 900, NULL, NULL, NULL),
('st-132', 'Straight', 'West', 'Center', 1420, 780, NULL, NULL, NULL),
('bk-31', 'Block', 'East', 'Center', 1300, 780, NULL, NULL, NULL),
('se-63', 'Sensor', 'West', 'Center', 1380, 780, NULL, NULL, NULL),
('se-64', 'Sensor', 'West', 'Center', 1220, 780, NULL, NULL, NULL);     
INSERT INTO "jcs"."tiles" VALUES
('st-134', 'Straight', 'South', 'Center', 820, 820, NULL, NULL, NULL),
('st-135', 'Straight', 'South', 'Center', 260, 220, NULL, NULL, NULL),
('st-136', 'Straight', 'South', 'Center', 260, 260, NULL, NULL, NULL),
('ct-54', 'Curved', 'North', 'Center', 820, 860, NULL, NULL, NULL),
('ct-55', 'Curved', 'West', 'Center', 260, 300, NULL, NULL, NULL),
('st-137', 'Straight', 'East', 'Center', 1300, 100, NULL, NULL, NULL),
('st-138', 'Straight', 'East', 'Center', 100, 20, NULL, NULL, NULL),
('st-139', 'Straight', 'East', 'Center', 820, 140, NULL, NULL, NULL),
('st-140', 'Straight', 'South', 'Center', 260, 140, NULL, NULL, NULL),
('st-142', 'Straight', 'East', 'Center', 1300, 980, NULL, NULL, NULL),
('st-144', 'Straight', 'East', 'Center', 820, 100, NULL, NULL, NULL),
('ct-56', 'Curved', 'North', 'Center', 860, 820, NULL, NULL, NULL),
('cr-8', 'Crossing', 'East', 'Center', 780, 180, NULL, NULL, NULL),
('cr-9', 'Crossing', 'East', 'Center', 780, 140, NULL, NULL, NULL),
('cr-10', 'Crossing', 'East', 'Center', 860, 780, NULL, NULL, NULL),
('st-148', 'Straight', 'East', 'Center', 60, 20, NULL, NULL, NULL),
('st-150', 'Straight', 'East', 'Center', 1220, 100, NULL, NULL, NULL),
('st-151', 'Straight', 'East', 'Center', 180, 300, NULL, NULL, NULL),
('st-152', 'Straight', 'East', 'Center', 1060, 100, NULL, NULL, NULL),
('ct-57', 'Curved', 'North', 'Center', 780, 260, NULL, NULL, NULL),
('ct-58', 'Curved', 'South', 'Center', 820, 260, NULL, NULL, NULL),
('sd-14', 'StraightDirection', 'North', 'Center', 1540, 540, NULL, NULL, NULL),
('sd-22', 'StraightDirection', 'East', 'Center', 900, 860, NULL, NULL, NULL),
('sd-24', 'StraightDirection', 'South', 'Center', 780, 220, NULL, NULL, NULL),
('sd-25', 'StraightDirection', 'East', 'Center', 900, 820, NULL, NULL, NULL),
('sd-26', 'StraightDirection', 'West', 'Center', 180, 20, NULL, NULL, NULL),
('st-156', 'Straight', 'South', 'Center', 1340, 420, NULL, NULL, NULL),
('st-157', 'Straight', 'South', 'Center', 1380, 420, NULL, NULL, NULL),
('st-158', 'Straight', 'South', 'Center', 1460, 420, NULL, NULL, NULL),
('st-159', 'Straight', 'South', 'Center', 1420, 420, NULL, NULL, NULL),
('st-160', 'Straight', 'South', 'Center', 1500, 420, NULL, NULL, NULL),
('st-161', 'Straight', 'South', 'Center', 1540, 420, NULL, NULL, NULL),
('sd-27', 'StraightDirection', 'West', 'Center', 540, 140, NULL, NULL, NULL),
('sd-28', 'StraightDirection', 'North', 'Center', 460, 300, NULL, NULL, NULL),
('sd-29', 'StraightDirection', 'South', 'Center', 420, 300, NULL, NULL, NULL),
('sd-31', 'StraightDirection', 'East', 'Center', 1100, 180, NULL, NULL, NULL),
('si-22', 'Signal', 'West', 'Center', 1220, 820, 'HP012', '100', NULL),
('se-65', 'Sensor', 'West', 'Center', 1260, 820, NULL, NULL, NULL),
('bk-32', 'Block', 'West', 'Center', 1340, 820, NULL, NULL, NULL),
('se-66', 'Sensor', 'West', 'Center', 1420, 820, NULL, NULL, NULL),
('ct-59', 'Curved', 'North', 'Center', 1020, 900, NULL, NULL, NULL),
('ct-60', 'Curved', 'South', 'Center', 1580, 820, NULL, NULL, NULL),
('ct-61', 'Curved', 'North', 'Center', 380, 980, NULL, NULL, NULL),
('se-67', 'Sensor', 'East', 'Center', 1060, 900, NULL, NULL, NULL),
('bk-33', 'Block', 'East', 'Center', 1140, 900, NULL, NULL, NULL),
('se-68', 'Sensor', 'East', 'Center', 1220, 900, NULL, NULL, NULL),
('si-23', 'Signal', 'East', 'Center', 1300, 860, 'HP01', '120', NULL),
('ct-62', 'Curved', 'South', 'Center', 1540, 860, NULL, NULL, NULL),
('ct-63', 'Curved', 'West', 'Center', 1540, 940, NULL, NULL, NULL),
('ct-64', 'Curved', 'West', 'Center', 1580, 980, NULL, NULL, NULL),
('bk-34', 'Block', 'East', 'Center', 1420, 860, NULL, NULL, NULL),
('se-69', 'Sensor', 'West', 'Center', 1500, 860, NULL, NULL, NULL),
('se-70', 'Sensor', 'West', 'Center', 1340, 860, NULL, NULL, NULL),
('se-71', 'Sensor', 'West', 'Center', 1460, 940, NULL, NULL, NULL),
('bk-35', 'Block', 'West', 'Center', 1380, 940, NULL, NULL, NULL),
('se-72', 'Sensor', 'West', 'Center', 1300, 940, NULL, NULL, NULL),
('si-24', 'Signal', 'West', 'Center', 1260, 940, 'HP012', '104', NULL),
('se-73', 'Sensor', 'West', 'Center', 1060, 940, NULL, NULL, NULL);       
INSERT INTO "jcs"."tiles" VALUES
('bk-36', 'Block', 'West', 'Center', 980, 940, NULL, NULL, NULL),
('se-74', 'Sensor', 'West', 'Center', 900, 940, NULL, NULL, NULL),
('sd-32', 'StraightDirection', 'West', 'Center', 780, 900, NULL, NULL, NULL),
('sd-33', 'StraightDirection', 'North', 'Center', -180, 140, NULL, NULL, NULL),
('sd-34', 'StraightDirection', 'East', 'Center', 780, 940, NULL, NULL, NULL),
('sd-35', 'StraightDirection', 'West', 'Center', 1260, 100, NULL, NULL, NULL),
('si-25', 'Signal', 'East', 'Center', 1540, 980, 'HP01', '121', NULL),
('se-75', 'Sensor', 'East', 'Center', 1500, 980, NULL, NULL, NULL),
('bk-37', 'Block', 'East', 'Center', 1420, 980, NULL, NULL, NULL),
('se-76', 'Sensor', 'East', 'Center', 1340, 980, NULL, NULL, NULL),
('se-77', 'Sensor', 'East', 'Center', 1260, 980, NULL, NULL, NULL),
('bk-38', 'Block', 'East', 'Center', 1180, 980, NULL, NULL, NULL),
('se-78', 'Sensor', 'East', 'Center', 1100, 980, NULL, NULL, NULL),
('se-79', 'Sensor', 'East', 'Center', 1020, 980, NULL, NULL, NULL),
('bk-39', 'Block', 'East', 'Center', 940, 980, NULL, NULL, NULL),
('st-162', 'Straight', 'East', 'Center', 1060, 980, NULL, NULL, NULL),
('se-80', 'Sensor', 'East', 'Center', 860, 980, NULL, NULL, NULL),
('sw-47', 'Switch', 'East', 'Left', 740, 900, 'NONE', '15', NULL),
('cs-16', 'CrossSwitch', 'East', 'Left', 700, 940, 'NONE', '14', NULL),
('ct-65', 'Curved', 'West', 'Center', 700, 980, NULL, NULL, NULL),
('si-26', 'Signal', 'East', 'Center', 660, 940, 'HP012', '110', NULL),
('si-27', 'Signal', 'East', 'Center', 660, 980, 'HP012SH1', '138', NULL),
('st-163', 'Straight', 'East', 'Center', 700, 900, NULL, NULL, NULL),
('st-164', 'Straight', 'East', 'Center', 660, 900, NULL, NULL, NULL),
('se-81', 'Sensor', 'East', 'Center', 620, 900, NULL, NULL, NULL),
('se-82', 'Sensor', 'East', 'Center', 620, 940, NULL, NULL, NULL),
('se-83', 'Sensor', 'East', 'Center', 620, 980, NULL, NULL, NULL),
('bk-40', 'Block', 'West', 'Center', 540, 900, NULL, NULL, NULL),
('bk-41', 'Block', 'East', 'Center', 540, 940, NULL, NULL, NULL),
('bk-42', 'Block', 'East', 'Center', 540, 980, NULL, NULL, NULL),
('se-84', 'Sensor', 'East', 'Center', 460, 900, NULL, NULL, NULL),
('se-85', 'Sensor', 'East', 'Center', 460, 940, NULL, NULL, NULL),
('se-86', 'Sensor', 'East', 'Center', 460, 980, NULL, NULL, NULL),
('si-28', 'Signal', 'West', 'Center', 420, 900, 'HP012', '106', NULL),
('si-29', 'Signal', 'West', 'Center', 420, 940, 'HP012', '108', NULL),
('si-30', 'Signal', 'West', 'Center', 420, 980, 'HP012', '112', NULL),
('cs-17', 'CrossSwitch', 'West', 'Right', 380, 940, 'NONE', '12', NULL),
('sw-48', 'Switch', 'West', 'Right', 340, 900, 'NONE', '13', NULL),
('st-165', 'Straight', 'West', 'Center', 380, 900, NULL, NULL, NULL),
('sd-36', 'StraightDirection', 'West', 'Center', 300, 900, NULL, NULL, NULL),
('sd-37', 'StraightDirection', 'East', 'Center', 300, 940, NULL, NULL, NULL),
('se-87', 'Sensor', 'East', 'Center', 260, 900, NULL, NULL, NULL),
('bk-43', 'Block', 'West', 'Center', 180, 900, NULL, NULL, NULL),
('bk-44', 'Block', 'East', 'Center', 180, 940, NULL, NULL, NULL),
('se-88', 'Sensor', 'West', 'Center', 260, 940, NULL, NULL, NULL),
('se-90', 'Sensor', 'West', 'Center', 100, 900, NULL, NULL, NULL),
('se-91', 'Sensor', 'West', 'Center', 100, 940, NULL, NULL, NULL),
('ct-66', 'Curved', 'East', 'Center', 20, 20, NULL, NULL, NULL),
('ct-67', 'Curved', 'North', 'Center', 20, 940, NULL, NULL, NULL),
('st-166', 'Straight', 'East', 'Center', 1180, 940, NULL, NULL, NULL),
('st-168', 'Straight', 'North', 'Center', 1540, 140, NULL, NULL, NULL),
('st-169', 'Straight', 'North', 'Center', 1500, 140, NULL, NULL, NULL),
('st-170', 'Straight', 'North', 'Center', 1460, 140, NULL, NULL, NULL),
('st-171', 'Straight', 'North', 'Center', 1420, 140, NULL, NULL, NULL),
('st-172', 'Straight', 'North', 'Center', 1380, 140, NULL, NULL, NULL),
('st-173', 'Straight', 'North', 'Center', 1340, 140, NULL, NULL, NULL),
('st-174', 'Straight', 'North', 'Center', 1540, 460, NULL, NULL, NULL),
('st-175', 'Straight', 'North', 'Center', 1340, 460, NULL, NULL, NULL),
('st-176', 'Straight', 'North', 'Center', 1380, 460, NULL, NULL, NULL);        
INSERT INTO "jcs"."tiles" VALUES
('st-177', 'Straight', 'North', 'Center', 1420, 460, NULL, NULL, NULL),
('st-178', 'Straight', 'North', 'Center', 1460, 460, NULL, NULL, NULL),
('st-179', 'Straight', 'North', 'Center', 1460, 180, NULL, NULL, NULL),
('ct-68', 'Curved', 'East', 'Center', 980, 820, NULL, NULL, NULL),
('ct-69', 'Curved', 'West', 'Center', 980, 860, NULL, NULL, NULL),
('ct-70', 'Curved', 'East', 'Center', 60, 60, NULL, NULL, NULL),
('sw-49', 'Switch', 'South', 'Left', 100, 780, 'NONE', '58', NULL),
('et-5', 'End', 'East', 'Center', 380, 340, NULL, NULL, NULL),
('et-6', 'End', 'East', 'Center', 380, 380, NULL, NULL, NULL),
('se-92', 'Sensor', 'East', 'Center', 340, 340, NULL, NULL, 14),
('se-93', 'Sensor', 'East', 'Center', 340, 380, NULL, NULL, 13),
('bk-45', 'Block', 'East', 'Center', 260, 340, NULL, NULL, NULL),
('bk-46', 'Block', 'East', 'Center', 260, 380, NULL, NULL, NULL),
('se-94', 'Sensor', 'East', 'Center', 180, 340, NULL, NULL, 2033),
('se-95', 'Sensor', 'East', 'Center', 180, 380, NULL, NULL, 2036),
('si-31', 'Signal', 'West', 'Center', 140, 340, 'NONE', NULL, NULL),
('si-32', 'Signal', 'West', 'Center', 140, 380, 'NONE', NULL, NULL),
('sw-50', 'Switch', 'North', 'Left', 100, 340, 'NONE', '9', NULL),
('ct-71', 'Curved', 'North', 'Center', 100, 380, NULL, NULL, NULL),
('sw-51', 'Switch', 'North', 'Left', 60, 100, 'NONE', '10', NULL),
('ct-72', 'Curved', 'South', 'Center', 100, 100, NULL, NULL, NULL),
('ct-73', 'Curved', 'North', 'Center', 60, 900, NULL, NULL, NULL),
('st-181', 'Straight', 'East', 'Center', 180, 60, NULL, NULL, NULL),
('st-182', 'Straight', 'East', 'Center', 100, 60, NULL, NULL, NULL),
('st-183', 'Straight', 'South', 'Center', 20, 60, NULL, NULL, NULL),
('st-184', 'Straight', 'South', 'Center', 100, 260, NULL, NULL, NULL),
('st-185', 'Straight', 'South', 'Center', 100, 140, NULL, NULL, NULL),
('st-187', 'Straight', 'South', 'Center', 20, 300, NULL, NULL, NULL),
('se-96', 'Sensor', 'South', 'Center', 20, 100, NULL, NULL, 10),
('bk-47', 'Block', 'South', 'Center', 20, 180, NULL, NULL, NULL),
('se-97', 'Sensor', 'South', 'Center', 20, 260, NULL, NULL, 2034),
('se-98', 'Sensor', 'North', 'Center', 60, 180, NULL, NULL, NULL),
('bk-48', 'Block', 'North', 'Center', 60, 260, NULL, NULL, NULL),
('se-100', 'Sensor', 'North', 'Center', 60, 340, NULL, NULL, NULL),
('bk-49', 'Block', 'West', 'Center', 220, 460, NULL, NULL, NULL),
('se-101', 'Sensor', 'East', 'Center', -180, 180, NULL, NULL, NULL),
('se-102', 'Sensor', 'East', 'Center', 300, 460, NULL, NULL, NULL),
('se-103', 'Sensor', 'East', 'Center', 140, 700, NULL, NULL, NULL),
('bk-50', 'Block', 'West', 'Center', 180, 620, NULL, NULL, NULL),
('bk-51', 'Block', 'East', 'Center', 180, 540, NULL, NULL, NULL),
('ct-74', 'Curved', 'East', 'Center', 60, 820, NULL, NULL, NULL),
('se-104', 'Sensor', 'West', 'Center', 300, 740, NULL, NULL, NULL),
('ct-75', 'Curved', 'North', 'Center', 60, 780, NULL, NULL, NULL),
('ct-76', 'Curved', 'West', 'Center', 100, 820, NULL, NULL, NULL),
('bk-52', 'Block', 'East', 'Center', 220, 700, NULL, NULL, NULL),
('se-106', 'Sensor', 'East', 'Center', 300, 700, NULL, NULL, NULL),
('et-7', 'End', 'East', 'Center', 340, 740, NULL, NULL, NULL),
('sd-38', 'StraightDirection', 'North', 'Center', 60, 860, NULL, NULL, NULL),
('sd-39', 'StraightDirection', 'East', 'Center', 60, 940, NULL, NULL, NULL),
('se-107', 'Sensor', 'West', 'Center', 100, 620, NULL, NULL, 1),
('se-108', 'Sensor', 'West', 'Center', 260, 620, NULL, NULL, 5),
('se-109', 'Sensor', 'West', 'Center', 260, 540, NULL, NULL, 2043),
('bk-53', 'Block', 'West', 'Center', 220, 740, NULL, NULL, NULL),
('se-110', 'Sensor', 'West', 'Center', 100, 540, NULL, NULL, 2045),
('st-190', 'Straight', 'South', 'Center', 20, 420, NULL, NULL, NULL),
('st-192', 'Straight', 'East', 'Center', 260, 20, NULL, NULL, NULL),
('st-193', 'Straight', 'East', 'Center', 1180, 740, NULL, NULL, NULL),
('st-194', 'Straight', 'East', 'Center', 900, 20, NULL, NULL, NULL),
('st-195', 'Straight', 'East', 'Center', 940, 20, NULL, NULL, NULL),
('st-196', 'Straight', 'East', 'Center', 1100, 100, NULL, NULL, NULL);       
INSERT INTO "jcs"."tiles" VALUES
('sd-40', 'StraightDirection', 'West', 'Center', 1100, 140, NULL, NULL, NULL),
('ct-77', 'Curved', 'North', 'Center', 820, 300, NULL, NULL, NULL),
('ct-78', 'Curved', 'South', 'Center', 860, 300, NULL, NULL, NULL),
('ct-79', 'Curved', 'East', 'Center', 1140, 780, NULL, NULL, NULL),
('ct-80', 'Curved', 'West', 'Center', 1140, 820, NULL, NULL, NULL),
('ct-81', 'Curved', 'North', 'Center', 60, 460, NULL, NULL, NULL),
('ct-82', 'Curved', 'South', 'Center', 340, 460, NULL, NULL, NULL),
('st-197', 'Straight', 'North', 'Center', 60, 420, NULL, NULL, NULL),
('st-198', 'Straight', 'East', 'Center', 100, 460, NULL, NULL, NULL),
('st-201', 'Straight', 'South', 'Center', 340, 500, NULL, NULL, NULL),
('ct-101', 'Curved', 'North', 'Center', 20, 540, NULL, NULL, NULL),
('ct-102', 'Curved', 'South', 'Center', 300, 540, NULL, NULL, NULL),
('st-204', 'Straight', 'West', 'Center', 60, 540, NULL, NULL, NULL),
('st-206', 'Straight', 'North', 'Center', 20, 500, NULL, NULL, NULL),
('st-207', 'Straight', 'North', 'Center', 300, 580, NULL, NULL, NULL),
('ct-112', 'Curved', 'West', 'Center', 300, 620, NULL, NULL, NULL),
('ct-113', 'Curved', 'West', 'Center', 340, 700, NULL, NULL, NULL),
('ct-115', 'Curved', 'East', 'Center', 100, 740, NULL, NULL, NULL),
('ct-116', 'Curved', 'West', 'Center', -260, 180, NULL, NULL, NULL),
('se-112', 'Sensor', 'West', 'Center', 140, 460, NULL, NULL, NULL),
('ct-117', 'Curved', 'East', 'Center', 20, 620, NULL, NULL, NULL),
('ct-118', 'Curved', 'East', 'Center', 60, 700, NULL, NULL, NULL),
('st-208', 'Straight', 'East', 'Center', 60, 620, NULL, NULL, NULL),
('st-209', 'Straight', 'South', 'Center', 20, 660, NULL, NULL, NULL),
('st-210', 'Straight', 'South', 'Center', 340, 540, NULL, NULL, NULL),
('st-211', 'Straight', 'South', 'Center', 340, 580, NULL, NULL, NULL),
('st-212', 'Straight', 'South', 'Center', 340, 620, NULL, NULL, NULL),
('st-213', 'Straight', 'South', 'Center', 340, 660, NULL, NULL, NULL),
('st-214', 'Straight', 'West', 'Center', 100, 700, NULL, NULL, NULL),
('se-115', 'Sensor', 'East', 'Center', 140, 740, NULL, NULL, NULL),
('st-215', 'Straight', 'South', 'Center', 60, 740, NULL, NULL, NULL),
('ct-120', 'Curved', 'West', 'Center', 1180, 860, NULL, NULL, NULL),
('ct-121', 'Curved', 'East', 'Center', 1180, 820, NULL, NULL, NULL),
('st-217', 'Straight', 'East', 'Center', 1140, 860, NULL, NULL, NULL),
('st-218', 'Straight', 'East', 'Center', 1460, 820, NULL, NULL, NULL),
('st-219', 'Straight', 'East', 'Center', 1500, 820, NULL, NULL, NULL),
('st-220', 'Straight', 'South', 'Center', 1580, 860, NULL, NULL, NULL),
('st-221', 'Straight', 'South', 'Center', 580, 340, NULL, NULL, NULL),
('st-223', 'Straight', 'South', 'Center', 20, 740, NULL, NULL, NULL),
('st-224', 'Straight', 'South', 'Center', 20, 780, NULL, NULL, NULL),
('st-225', 'Straight', 'South', 'Center', 20, 820, NULL, NULL, NULL),
('st-226', 'Straight', 'South', 'Center', 20, 860, NULL, NULL, NULL),
('st-227', 'Straight', 'South', 'Center', 20, 900, NULL, NULL, NULL),
('ct-123', 'Curved', 'East', 'Center', 1260, 860, NULL, NULL, NULL),
('ct-124', 'Curved', 'West', 'Center', 1260, 900, NULL, NULL, NULL),
('ct-125', 'Curved', 'South', 'Center', 860, 900, NULL, NULL, NULL),
('ct-126', 'Curved', 'North', 'Center', 860, 940, NULL, NULL, NULL),
('ct-129', 'Curved', 'South', 'Center', 820, 940, NULL, NULL, NULL),
('ct-130', 'Curved', 'North', 'Center', 820, 980, NULL, NULL, NULL),
('st-230', 'Straight', 'North', 'Center', 60, 140, NULL, NULL, NULL),
('st-231', 'Straight', 'North', 'Center', 20, 380, NULL, NULL, NULL),
('st-232', 'Straight', 'East', 'Center', 1540, 820, NULL, NULL, NULL),
('st-233', 'Straight', 'South', 'Center', 20, 340, NULL, NULL, NULL),
('sw-53', 'Switch', 'West', 'Right', 380, 60, 'NONE', '8', NULL),
('si-33', 'Signal', 'South', 'Center', 860, 740, 'HP012', '102', NULL);            
CREATE UNIQUE NULLS DISTINCT INDEX "jcs"."tile_pk_idx" ON "jcs"."tiles"("id" NULLS FIRST);     
CREATE UNIQUE NULLS DISTINCT INDEX "jcs"."tile_x_y_un_idx" ON "jcs"."tiles"("x" NULLS FIRST, "y" NULLS FIRST); 
CREATE CACHED TABLE "jcs"."stations"(
    "id" CHARACTER VARYING(255) NOT NULL,
    "name" CHARACTER VARYING(255) NOT NULL,
    "min_locs" INTEGER DEFAULT 0 NOT NULL,
    "loc_count" INTEGER DEFAULT 0 NOT NULL,
    "use_fifo" BOOLEAN DEFAULT FALSE NOT NULL
);            
ALTER TABLE "jcs"."stations" ADD CONSTRAINT "jcs"."stat_pk" PRIMARY KEY("id"); 
-- 1 +/- SELECT COUNT(*) FROM jcs.stations;    
INSERT INTO "jcs"."stations" VALUES
('station-1', 'Schaduw Station', 5, 0, TRUE);              
CREATE CACHED TABLE "jcs"."station_blocks"(
    "id" CHARACTER VARYING(255) NOT NULL,
    "station_id" CHARACTER VARYING(255) NOT NULL,
    "block_id" CHARACTER VARYING(255) NOT NULL,
    "last_updated" TIMESTAMP
);        
ALTER TABLE "jcs"."station_blocks" ADD CONSTRAINT "jcs"."stbl_pk" PRIMARY KEY("id");           
-- 6 +/- SELECT COUNT(*) FROM jcs.station_blocks;              
INSERT INTO "jcs"."station_blocks" VALUES
('station-1~bk-20', 'station-1', 'bk-20', TIMESTAMP '2026-06-16 20:55:43.531'),
('station-1~bk-21', 'station-1', 'bk-21', TIMESTAMP '2026-06-16 20:55:43.531'),
('station-1~bk-19', 'station-1', 'bk-19', TIMESTAMP '2026-06-16 20:55:43.531'),
('station-1~bk-17', 'station-1', 'bk-17', TIMESTAMP '2026-06-16 20:55:43.531'),
('station-1~bk-18', 'station-1', 'bk-18', TIMESTAMP '2026-06-16 20:55:43.531'),
('station-1~bk-16', 'station-1', 'bk-16', TIMESTAMP '2026-06-16 20:55:43.531');      
CREATE UNIQUE NULLS DISTINCT INDEX "jcs"."stbl_stat_blck_un_idx" ON "jcs"."station_blocks"("station_id" NULLS FIRST, "block_id" NULLS FIRST);  
CREATE CACHED TABLE "jcs"."accessories"(
    "id" CHARACTER VARYING(255) NOT NULL,
    "address" INTEGER NOT NULL,
    "name" CHARACTER VARYING(255) NOT NULL,
    "type" CHARACTER VARYING(255) NOT NULL,
    "state" INTEGER,
    "states" INTEGER,
    "switch_time" INTEGER,
    "protocol" CHARACTER VARYING(255),
    "decoder" CHARACTER VARYING(255),
    "accessory_group" CHARACTER VARYING(255),
    "icon" CHARACTER VARYING(255),
    "icon_file" CHARACTER VARYING(255),
    "imported" CHARACTER VARYING(255),
    "command_station_id" CHARACTER VARYING(255) NOT NULL,
    "synchronize" BOOLEAN DEFAULT FALSE NOT NULL,
    "address2" INTEGER
);            
ALTER TABLE "jcs"."accessories" ADD CONSTRAINT "jcs"."acce_pk" PRIMARY KEY("id");              
-- 72 +/- SELECT COUNT(*) FROM jcs.accessories;
INSERT INTO "jcs"."accessories" VALUES
('100', 100, 'S 100', 'urc_lichtsignal_HP012', 0, 3, 200, 'mm', 'ein_neu', NULL, NULL, NULL, 'CS', 'marklin.cs', TRUE, 101),
('102', 102, 'S 102', 'urc_lichtsignal_HP012', 0, 3, 200, 'mm', 'ein_alt', NULL, NULL, NULL, 'CS', 'marklin.cs', TRUE, 103),
('104', 104, 'S 104', 'urc_lichtsignal_HP012', 0, 3, 200, 'mm', 'ein_alt', NULL, NULL, NULL, 'CS', 'marklin.cs', TRUE, 105),
('130', 130, 'S 130', 'urc_lichtsignal_SH01', 1, 2, 200, 'mm', 'ein_alt', NULL, NULL, NULL, 'CS', 'marklin.cs', TRUE, NULL),
('131', 131, 'S 131', 'urc_lichtsignal_SH01', 0, 2, 200, 'mm', 'ein_alt', NULL, NULL, NULL, 'CS', 'marklin.cs', TRUE, NULL),
('132', 132, 'S 132', 'urc_lichtsignal_SH01', 0, 2, 200, 'mm', 'ein_alt', NULL, NULL, NULL, 'CS', 'marklin.cs', TRUE, NULL),
('135', 135, 'S 135', 'urc_lichtsignal_SH01', 0, 2, 200, 'mm', 'ein_alt', NULL, NULL, NULL, 'CS', 'marklin.cs', TRUE, NULL),
('136', 136, 'S 136', 'urc_lichtsignal_SH01', 0, 2, 200, 'mm', 'ein_alt', NULL, NULL, NULL, 'CS', 'marklin.cs', TRUE, NULL),
('137', 137, 'S 137', 'urc_lichtsignal_SH01', 0, 2, 200, 'mm', 'ein_alt', NULL, NULL, NULL, 'CS', 'marklin.cs', TRUE, NULL),
('33', 33, 'S 33', 'lichtsignal_HP01', 0, 2, 200, 'dcc', 'ein_alt', NULL, NULL, NULL, 'CS', 'marklin.cs', TRUE, NULL),
('34', 34, 'W  34', 'linksweiche', 0, 2, 200, 'mm', 'ein_alt', NULL, NULL, NULL, 'CS', 'marklin.cs', TRUE, NULL),
('35', 35, 'W  35', 'linksweiche', 1, 2, 200, 'mm', 'ein_alt', NULL, NULL, NULL, 'CS', 'marklin.cs', TRUE, NULL),
('36', 36, 'W  36', 'dkw_1antrieb', 0, 2, 200, 'mm', 'ein_alt', NULL, NULL, NULL, 'CS', 'marklin.cs', TRUE, NULL),
('37', 37, 'W 37', 'dkw_1antrieb', 0, 2, 200, 'mm', 'ein_alt', NULL, NULL, NULL, 'CS', 'marklin.cs', TRUE, NULL),
('106', 106, 'S106', 'urc_lichtsignal_HP012', 0, 3, 200, 'mm', 'ein_alt', NULL, NULL, NULL, 'CS', 'marklin.cs', TRUE, 107),
('108', 108, 'S108', 'urc_lichtsignal_HP012', 0, 3, 200, 'mm', 'ein_alt', NULL, NULL, NULL, 'CS', 'marklin.cs', TRUE, 109),
('110', 110, 'S110', 'urc_lichtsignal_HP012', 0, 3, 200, 'mm', 'ein_alt', NULL, NULL, NULL, 'CS', 'marklin.cs', TRUE, 111),
('112', 112, 'S112', 'urc_lichtsignal_HP012', 0, 3, 200, 'mm', 'ein_alt', NULL, NULL, NULL, 'CS', 'marklin.cs', TRUE, 113),
('120', 120, 'S120', 'urc_lichtsignal_HP01', 0, 2, 200, 'mm', 'ein_alt', NULL, NULL, NULL, 'CS', 'marklin.cs', TRUE, NULL),
('121', 121, 'S121', 'urc_lichtsignal_HP01', 0, 2, 200, 'mm', 'ein_alt', NULL, NULL, NULL, 'CS', 'marklin.cs', TRUE, NULL),
('138', 138, 'S138', 'urc_lichtsignal_HP012_SH01', 0, 4, 200, 'mm', 'ein_alt', NULL, NULL, NULL, 'CS', 'marklin.cs', TRUE, 139),
('11', 11, 'W 11', 'linksweiche', 1, 2, 200, 'mm', 'ein_alt', NULL, NULL, NULL, 'CS', 'marklin.cs', TRUE, NULL),
('12', 12, 'W 12', 'dkw_1antrieb', 1, 2, 200, 'mm', 'ein_alt', NULL, NULL, NULL, 'CS', 'marklin.cs', TRUE, NULL),
('15', 15, 'W  15', 'rechtsweiche', 0, 2, 200, 'mm', 'ein_alt', NULL, NULL, NULL, 'CS', 'marklin.cs', TRUE, NULL),
('16', 16, 'W  16', 'linksweiche', 1, 2, 200, 'mm', 'ein_alt', NULL, NULL, NULL, 'CS', 'marklin.cs', TRUE, NULL),
('18', 18, 'W  18', 'linksweiche', 1, 2, 200, 'mm', 'ein_alt', NULL, NULL, NULL, 'CS', 'marklin.cs', TRUE, NULL),
('19', 19, 'W  19', 'rechtsweiche', 1, 2, 200, 'mm', 'ein_alt', NULL, NULL, NULL, 'CS', 'marklin.cs', TRUE, NULL),
('20', 20, 'W  20', 'rechtsweiche', 1, 2, 200, 'mm', 'ein_alt', NULL, NULL, NULL, 'CS', 'marklin.cs', TRUE, NULL),
('21', 21, 'W  21', 'linksweiche', 1, 2, 200, 'mm', 'ein_alt', NULL, NULL, NULL, 'CS', 'marklin.cs', TRUE, NULL),
('22', 22, 'W  22', 'linksweiche', 1, 2, 200, 'mm', 'ein_alt', NULL, NULL, NULL, 'CS', 'marklin.cs', TRUE, NULL),
('23', 23, 'W  23', 'linksweiche', 0, 2, 200, 'mm', 'ein_alt', NULL, NULL, NULL, 'CS', 'marklin.cs', TRUE, NULL),
('24', 24, 'W  24', 'rechtsweiche', 1, 2, 200, 'mm', 'ein_alt', NULL, NULL, NULL, 'CS', 'marklin.cs', TRUE, NULL),
('25', 25, 'W  25', 'linksweiche', 0, 2, 200, 'mm', 'ein_alt', NULL, NULL, NULL, 'CS', 'marklin.cs', TRUE, NULL),
('26', 26, 'W  26', 'rechtsweiche', 1, 2, 200, 'mm', 'ein_alt', NULL, NULL, NULL, 'CS', 'marklin.cs', TRUE, NULL);             
INSERT INTO "jcs"."accessories" VALUES
('29', 29, 'W  29', 'linksweiche', 1, 2, 200, 'mm', 'ein_alt', NULL, NULL, NULL, 'CS', 'marklin.cs', TRUE, NULL),
('30', 30, 'W  30', 'dkw_1antrieb', 1, 2, 200, 'mm', 'ein_alt', NULL, NULL, NULL, 'CS', 'marklin.cs', TRUE, NULL),
('31', 31, 'W  31', 'rechtsweiche', 1, 2, 200, 'mm', 'ein_alt', NULL, NULL, NULL, 'CS', 'marklin.cs', TRUE, NULL),
('1', 1, 'W 01', 'linksweiche', 0, 2, 200, 'mm', 'ein_alt', NULL, NULL, NULL, 'CS', 'marklin.cs', TRUE, NULL),
('2', 2, 'W 02', 'linksweiche', 0, 2, 200, 'mm', 'ein_alt', NULL, NULL, NULL, 'CS', 'marklin.cs', TRUE, NULL),
('3', 3, 'W 03', 'linksweiche', 1, 2, 200, 'mm', 'ein_alt', NULL, NULL, NULL, 'CS', 'marklin.cs', TRUE, NULL),
('4', 4, 'W 04', 'rechtsweiche', 1, 2, 200, 'mm', 'ein_alt', NULL, NULL, NULL, 'CS', 'marklin.cs', TRUE, NULL),
('5', 5, 'W 05', 'linksweiche', 0, 2, 200, 'mm', 'ein_alt', NULL, NULL, NULL, 'CS', 'marklin.cs', TRUE, NULL),
('6', 6, 'W 06', 'rechtsweiche', 1, 2, 200, 'mm', 'ein_alt', NULL, NULL, NULL, 'CS', 'marklin.cs', TRUE, NULL),
('7', 7, 'W 07', 'linksweiche', 1, 2, 200, 'mm', 'ein_alt', NULL, NULL, NULL, 'CS', 'marklin.cs', TRUE, NULL),
('8', 8, 'W 08', 'linksweiche', 1, 2, 200, 'mm', 'ein_alt', NULL, NULL, NULL, 'CS', 'marklin.cs', TRUE, NULL),
('9', 9, 'W 09', 'linksweiche', 1, 2, 200, 'mm', 'ein_alt', NULL, NULL, NULL, 'CS', 'marklin.cs', TRUE, NULL),
('10', 10, 'W 10', 'rechtsweiche', 0, 2, 200, 'mm', 'ein_alt', NULL, NULL, NULL, 'CS', 'marklin.cs', TRUE, NULL),
('13', 13, 'W 13', 'rechtsweiche', 1, 2, 200, 'mm', 'ein_alt', NULL, NULL, NULL, 'CS', 'marklin.cs', TRUE, NULL),
('14', 14, 'W 14', 'dkw_1antrieb', 0, 2, 200, 'mm', 'ein_alt', NULL, NULL, NULL, 'CS', 'marklin.cs', TRUE, NULL),
('17', 17, 'W 17', 'rechtsweiche', 1, 2, 200, 'mm', 'ein_alt', NULL, NULL, NULL, 'CS', 'marklin.cs', TRUE, NULL),
('27', 27, 'W 27', 'rechtsweiche', 1, 2, 200, 'mm', 'ein_alt', NULL, NULL, NULL, 'CS', 'marklin.cs', TRUE, NULL),
('28', 28, 'W 28', 'rechtsweiche', 0, 2, 200, 'mm', 'ein_alt', NULL, NULL, NULL, 'CS', 'marklin.cs', TRUE, NULL),
('32', 32, 'W 32', 'rechtsweiche', 0, 2, 200, 'mm', 'ein_alt', NULL, NULL, NULL, 'CS', 'marklin.cs', TRUE, NULL),
('38', 38, 'W 38', 'dkw_1antrieb', 1, 2, 200, 'mm', 'ein_alt', NULL, NULL, NULL, 'CS', 'marklin.cs', TRUE, NULL),
('39', 39, 'W 39', 'rechtsweiche', 1, 2, 200, 'mm', 'ein_alt', NULL, NULL, NULL, 'CS', 'marklin.cs', TRUE, NULL),
('40', 40, 'W 40', 'dkw_1antrieb', 1, 2, 200, 'mm', 'ein_alt', NULL, NULL, NULL, 'CS', 'marklin.cs', TRUE, NULL),
('41', 41, 'W 41', 'linksweiche', 1, 2, 200, 'mm', 'ein_alt', NULL, NULL, NULL, 'CS', 'marklin.cs', TRUE, NULL),
('42', 42, 'W 42', 'linksweiche', 0, 2, 200, 'mm', 'ein_alt', NULL, NULL, NULL, 'CS', 'marklin.cs', TRUE, NULL),
('44', 44, 'W 44', 'rechtsweiche', 0, 2, 200, 'mm', 'ein_alt', NULL, NULL, NULL, 'CS', 'marklin.cs', TRUE, NULL),
('45', 45, 'W 45', 'linksweiche', 0, 2, 200, 'mm', 'ein_alt', NULL, NULL, NULL, 'CS', 'marklin.cs', TRUE, NULL),
('46', 46, 'W 46', 'dkw_1antrieb', 1, 2, 200, 'mm', 'ein_alt', NULL, NULL, NULL, 'CS', 'marklin.cs', TRUE, NULL),
('47', 47, 'W 47', 'dkw_1antrieb', 0, 2, 200, 'mm', 'ein_alt', NULL, NULL, NULL, 'CS', 'marklin.cs', TRUE, NULL),
('48', 48, 'W 48', 'rechtsweiche', 0, 2, 200, 'mm', 'ein_alt', NULL, NULL, NULL, 'CS', 'marklin.cs', TRUE, NULL),
('49', 49, 'W 49', 'dkw_1antrieb', 1, 2, 200, 'mm', 'ein_alt', NULL, NULL, NULL, 'CS', 'marklin.cs', TRUE, NULL),
('50', 50, 'W 50', 'dkw_1antrieb', 0, 2, 200, 'mm', 'ein_alt', NULL, NULL, NULL, 'CS', 'marklin.cs', TRUE, NULL),
('51', 51, 'W 51', 'dreiwegweiche', 2, 3, 200, 'mm', 'ein_alt', NULL, NULL, NULL, 'CS', 'marklin.cs', TRUE, 52),
('53', 53, 'W 53', 'rechtsweiche', 1, 2, 200, 'mm', 'ein_alt', NULL, NULL, NULL, 'CS', 'marklin.cs', TRUE, NULL),
('54', 54, 'W 54', 'linksweiche', 1, 2, 200, 'mm', 'ein_alt', NULL, NULL, NULL, 'CS', 'marklin.cs', TRUE, NULL),
('55', 55, 'W 55', 'linksweiche', 1, 2, 200, 'mm', 'ein_alt', NULL, NULL, NULL, 'CS', 'marklin.cs', TRUE, NULL),
('56', 56, 'W 56', 'linksweiche', 0, 2, 200, 'mm', 'ein_alt', NULL, NULL, NULL, 'CS', 'marklin.cs', TRUE, NULL);               
INSERT INTO "jcs"."accessories" VALUES
('57', 57, 'W 57', 'rechtsweiche', 0, 2, 200, 'mm', 'ein_alt', NULL, NULL, NULL, 'CS', 'marklin.cs', TRUE, NULL),
('58', 58, 'W 58', 'linksweiche', 0, 2, 200, 'mm', 'ein_alt', NULL, NULL, NULL, 'CS', 'marklin.cs', TRUE, NULL);      
CREATE UNIQUE NULLS DISTINCT INDEX "jcs"."acce_address_un_idx" ON "jcs"."accessories"("address" NULLS FIRST, "protocol" NULLS FIRST, "command_station_id" NULLS FIRST);        
CREATE UNIQUE NULLS DISTINCT INDEX "jcs"."acce_pk_idx" ON "jcs"."accessories"("id" NULLS FIRST);               
CREATE CACHED TABLE "jcs"."blocks"(
    "id" CHARACTER VARYING(255) NOT NULL,
    "tile_id" CHARACTER VARYING(255) NOT NULL,
    "description" CHARACTER VARYING(255),
    "plus_sensor_id" INTEGER,
    "min_sensor_id" INTEGER,
    "plus_signal_id" CHARACTER VARYING(255),
    "min_signal_id" CHARACTER VARYING(255),
    "locomotive_id" BIGINT,
    "allow_non_commuter_only" BOOLEAN DEFAULT FALSE NOT NULL,
    "status" CHARACTER VARYING(255),
    "incoming_suffix" CHARACTER VARYING(255),
    "min_wait_time" INTEGER DEFAULT 10 NOT NULL,
    "max_wait_time" INTEGER,
    "random_wait" BOOLEAN DEFAULT FALSE NOT NULL,
    "always_stop" BOOLEAN DEFAULT FALSE NOT NULL,
    "allow_commuter_only" BOOLEAN DEFAULT FALSE NOT NULL,
    "logical_direction" CHARACTER VARYING(255),
    "allow_direction_change" BOOLEAN DEFAULT TRUE NOT NULL
);              
ALTER TABLE "jcs"."blocks" ADD CONSTRAINT "jcs"."bloc_pk" PRIMARY KEY("id");   
-- 53 +/- SELECT COUNT(*) FROM jcs.blocks;     
INSERT INTO "jcs"."blocks" VALUES
('bk-1', 'bk-1', NULL, NULL, NULL, NULL, NULL, NULL, FALSE, 'Free', NULL, 10, NULL, FALSE, TRUE, FALSE, NULL, FALSE),
('bk-2', 'bk-2', NULL, NULL, NULL, NULL, NULL, NULL, FALSE, 'Free', NULL, 10, NULL, FALSE, TRUE, FALSE, NULL, FALSE),
('bk-3', 'bk-3', NULL, NULL, NULL, NULL, NULL, NULL, FALSE, 'Free', NULL, 10, NULL, FALSE, TRUE, FALSE, NULL, FALSE),
('bk-4', 'bk-4', NULL, NULL, NULL, NULL, NULL, NULL, FALSE, 'Free', NULL, 10, NULL, FALSE, TRUE, FALSE, NULL, FALSE),
('bk-5', 'bk-5', NULL, NULL, NULL, NULL, NULL, NULL, FALSE, 'Free', NULL, 10, NULL, FALSE, TRUE, FALSE, NULL, FALSE),
('bk-6', 'bk-6', NULL, NULL, NULL, NULL, NULL, NULL, FALSE, 'Free', NULL, 10, NULL, FALSE, TRUE, FALSE, NULL, FALSE),
('bk-7', 'bk-7', NULL, NULL, NULL, NULL, NULL, NULL, FALSE, 'Free', NULL, 10, NULL, FALSE, TRUE, FALSE, NULL, FALSE),
('bk-8', 'bk-8', NULL, NULL, NULL, NULL, NULL, NULL, FALSE, 'Free', NULL, 10, NULL, FALSE, TRUE, FALSE, NULL, FALSE),
('bk-9', 'bk-9', NULL, NULL, NULL, NULL, NULL, NULL, FALSE, 'Free', NULL, 10, NULL, FALSE, TRUE, FALSE, NULL, FALSE),
('bk-10', 'bk-10', NULL, NULL, NULL, NULL, NULL, NULL, FALSE, 'Free', NULL, 10, NULL, FALSE, TRUE, FALSE, NULL, FALSE),
('bk-11', 'bk-11', NULL, NULL, NULL, NULL, NULL, NULL, FALSE, 'Free', NULL, 10, NULL, FALSE, TRUE, FALSE, NULL, FALSE),
('bk-12', 'bk-12', NULL, NULL, NULL, NULL, NULL, NULL, FALSE, 'Free', NULL, 10, NULL, FALSE, TRUE, FALSE, NULL, FALSE),
('bk-13', 'bk-13', NULL, NULL, NULL, NULL, NULL, NULL, FALSE, 'Free', NULL, 10, NULL, FALSE, TRUE, FALSE, NULL, FALSE),
('bk-14', 'bk-14', NULL, NULL, NULL, NULL, NULL, NULL, FALSE, 'Free', NULL, 10, NULL, FALSE, TRUE, FALSE, NULL, FALSE),
('bk-15', 'bk-15', NULL, NULL, NULL, NULL, NULL, NULL, FALSE, 'Free', NULL, 10, NULL, FALSE, TRUE, FALSE, NULL, FALSE),
('bk-16', 'bk-16', NULL, NULL, NULL, NULL, NULL, NULL, FALSE, 'Free', NULL, 10, NULL, FALSE, TRUE, FALSE, NULL, FALSE),
('bk-17', 'bk-17', NULL, NULL, NULL, NULL, NULL, NULL, FALSE, 'Free', NULL, 10, NULL, FALSE, TRUE, FALSE, NULL, FALSE),
('bk-18', 'bk-18', NULL, NULL, NULL, NULL, NULL, NULL, FALSE, 'Free', NULL, 10, NULL, FALSE, TRUE, FALSE, NULL, FALSE),
('bk-19', 'bk-19', NULL, NULL, NULL, NULL, NULL, NULL, FALSE, 'Free', NULL, 10, NULL, FALSE, TRUE, FALSE, NULL, FALSE),
('bk-20', 'bk-20', NULL, NULL, NULL, NULL, NULL, NULL, FALSE, 'Free', NULL, 10, NULL, FALSE, TRUE, FALSE, NULL, FALSE),
('bk-21', 'bk-21', NULL, NULL, NULL, NULL, NULL, NULL, FALSE, 'Free', NULL, 10, NULL, FALSE, TRUE, FALSE, NULL, FALSE),
('bk-22', 'bk-22', NULL, NULL, NULL, NULL, NULL, NULL, FALSE, 'Free', NULL, 10, NULL, FALSE, TRUE, FALSE, NULL, FALSE),
('bk-23', 'bk-23', NULL, NULL, NULL, NULL, NULL, NULL, FALSE, 'Free', NULL, 10, NULL, FALSE, TRUE, FALSE, NULL, FALSE),
('bk-24', 'bk-24', NULL, NULL, NULL, NULL, NULL, NULL, FALSE, 'Free', NULL, 10, NULL, FALSE, TRUE, FALSE, NULL, FALSE),
('bk-25', 'bk-25', NULL, NULL, NULL, NULL, NULL, NULL, FALSE, 'Free', NULL, 10, NULL, FALSE, TRUE, FALSE, NULL, FALSE),
('bk-26', 'bk-26', NULL, NULL, NULL, NULL, NULL, NULL, FALSE, 'Free', NULL, 10, NULL, FALSE, TRUE, FALSE, NULL, FALSE),
('bk-27', 'bk-27', NULL, NULL, NULL, NULL, NULL, NULL, FALSE, 'Free', NULL, 10, NULL, FALSE, TRUE, FALSE, NULL, FALSE),
('bk-28', 'bk-28', NULL, NULL, NULL, NULL, NULL, NULL, FALSE, 'Free', NULL, 10, NULL, FALSE, TRUE, FALSE, NULL, FALSE),
('bk-29', 'bk-29', NULL, NULL, NULL, NULL, NULL, NULL, FALSE, 'Free', NULL, 10, NULL, FALSE, TRUE, FALSE, NULL, FALSE),
('bk-30', 'bk-30', NULL, NULL, NULL, NULL, NULL, NULL, FALSE, 'Free', NULL, 10, NULL, FALSE, TRUE, FALSE, NULL, FALSE),
('bk-31', 'bk-31', NULL, NULL, NULL, NULL, NULL, NULL, FALSE, 'Free', NULL, 10, NULL, FALSE, TRUE, FALSE, NULL, FALSE),
('bk-32', 'bk-32', NULL, NULL, NULL, NULL, NULL, NULL, FALSE, 'Free', NULL, 10, NULL, FALSE, TRUE, FALSE, NULL, FALSE),
('bk-33', 'bk-33', NULL, NULL, NULL, NULL, NULL, NULL, FALSE, 'Free', NULL, 10, NULL, FALSE, TRUE, FALSE, NULL, FALSE),
('bk-34', 'bk-34', NULL, NULL, NULL, NULL, NULL, NULL, FALSE, 'Free', NULL, 10, NULL, FALSE, TRUE, FALSE, NULL, FALSE),
('bk-35', 'bk-35', NULL, NULL, NULL, NULL, NULL, NULL, FALSE, 'Free', NULL, 10, NULL, FALSE, TRUE, FALSE, NULL, FALSE);        
INSERT INTO "jcs"."blocks" VALUES
('bk-36', 'bk-36', NULL, NULL, NULL, NULL, NULL, NULL, FALSE, 'Free', NULL, 10, NULL, FALSE, TRUE, FALSE, NULL, FALSE),
('bk-37', 'bk-37', NULL, NULL, NULL, NULL, NULL, NULL, FALSE, 'Free', NULL, 10, NULL, FALSE, TRUE, FALSE, NULL, FALSE),
('bk-38', 'bk-38', NULL, NULL, NULL, NULL, NULL, NULL, FALSE, 'Free', NULL, 10, NULL, FALSE, TRUE, FALSE, NULL, FALSE),
('bk-39', 'bk-39', NULL, NULL, NULL, NULL, NULL, NULL, FALSE, 'Free', NULL, 10, NULL, FALSE, TRUE, FALSE, NULL, FALSE),
('bk-40', 'bk-40', NULL, NULL, NULL, NULL, NULL, NULL, FALSE, 'Free', NULL, 10, NULL, FALSE, TRUE, FALSE, NULL, FALSE),
('bk-41', 'bk-41', NULL, NULL, NULL, NULL, NULL, NULL, FALSE, 'Free', NULL, 10, NULL, FALSE, TRUE, FALSE, NULL, FALSE),
('bk-42', 'bk-42', NULL, NULL, NULL, NULL, NULL, NULL, FALSE, 'Free', NULL, 10, NULL, FALSE, TRUE, FALSE, NULL, FALSE),
('bk-43', 'bk-43', NULL, NULL, NULL, NULL, NULL, NULL, FALSE, 'Free', NULL, 10, NULL, FALSE, TRUE, FALSE, NULL, FALSE),
('bk-44', 'bk-44', NULL, NULL, NULL, NULL, NULL, NULL, FALSE, 'Free', NULL, 10, NULL, FALSE, TRUE, FALSE, NULL, FALSE),
('bk-45', 'bk-45', NULL, NULL, NULL, NULL, NULL, NULL, FALSE, 'Free', NULL, 10, NULL, FALSE, TRUE, TRUE, NULL, TRUE),
('bk-46', 'bk-46', NULL, NULL, NULL, NULL, NULL, NULL, FALSE, 'Free', NULL, 10, NULL, FALSE, TRUE, FALSE, NULL, FALSE),
('bk-47', 'bk-47', NULL, NULL, NULL, NULL, NULL, NULL, FALSE, 'Free', NULL, 10, NULL, FALSE, TRUE, FALSE, NULL, FALSE),
('bk-48', 'bk-48', NULL, NULL, NULL, NULL, NULL, NULL, FALSE, 'Free', NULL, 10, NULL, FALSE, TRUE, FALSE, NULL, FALSE),
('bk-49', 'bk-49', NULL, NULL, NULL, NULL, NULL, NULL, FALSE, 'Free', NULL, 10, NULL, FALSE, TRUE, FALSE, NULL, FALSE),
('bk-50', 'bk-50', NULL, NULL, NULL, NULL, NULL, NULL, FALSE, 'Free', NULL, 10, NULL, FALSE, TRUE, FALSE, NULL, FALSE),
('bk-51', 'bk-51', '', NULL, NULL, NULL, NULL, NULL, FALSE, 'Free', NULL, 10, NULL, FALSE, TRUE, FALSE, NULL, FALSE),
('bk-52', 'bk-52', NULL, NULL, NULL, NULL, NULL, NULL, FALSE, 'Free', NULL, 10, NULL, FALSE, TRUE, FALSE, NULL, FALSE),
('bk-53', 'bk-53', NULL, NULL, NULL, NULL, NULL, NULL, FALSE, 'Free', NULL, 10, NULL, FALSE, TRUE, FALSE, NULL, FALSE);  
CREATE UNIQUE NULLS DISTINCT INDEX "jcs"."bloc_pk_idx" ON "jcs"."blocks"("id" NULLS FIRST);    
CREATE UNIQUE NULLS DISTINCT INDEX "jcs"."bloc_tile_idx" ON "jcs"."blocks"("tile_id" NULLS FIRST);             
CREATE CACHED TABLE "jcs"."sensors"(
    "id" INTEGER NOT NULL,
    "name" CHARACTER VARYING(255) NOT NULL,
    "device_id" INTEGER,
    "contact_id" INTEGER,
    "status" INTEGER,
    "previous_status" INTEGER,
    "millis" INTEGER,
    "last_updated" DATE,
    "node_id" INTEGER,
    "bus_nr" INTEGER DEFAULT 0 NOT NULL,
    "command_station_id" CHARACTER VARYING(255) NOT NULL
); 
ALTER TABLE "jcs"."sensors" ADD CONSTRAINT "jcs"."sens_pk" PRIMARY KEY("id");  
-- 128 +/- SELECT COUNT(*) FROM jcs.sensors;   
INSERT INTO "jcs"."sensors" VALUES
(1, 'B0-M01-C01', 1, 1, 0, 0, 0, DATE '2026-06-16', 1, 0, 'marklin.cs'),
(2, 'B0-M01-C02', 1, 2, 0, 0, 0, DATE '2026-06-16', 1, 0, 'marklin.cs'),
(3, 'B0-M01-C03', 1, 3, 0, 0, 0, DATE '2026-06-16', 1, 0, 'marklin.cs'),
(4, 'B0-M01-C04', 1, 4, 0, 0, 0, DATE '2026-06-16', 1, 0, 'marklin.cs'),
(5, 'B0-M01-C05', 1, 5, 0, 0, 0, DATE '2026-06-16', 1, 0, 'marklin.cs'),
(6, 'B0-M01-C06', 1, 6, 0, 0, 0, DATE '2026-06-16', 1, 0, 'marklin.cs'),
(7, 'B0-M01-C07', 1, 7, 0, 0, 0, DATE '2026-06-16', 1, 0, 'marklin.cs'),
(8, 'B0-M01-C08', 1, 8, 0, 0, 0, DATE '2026-06-16', 1, 0, 'marklin.cs'),
(9, 'B0-M01-C09', 1, 9, 0, 0, 0, DATE '2026-06-16', 1, 0, 'marklin.cs'),
(10, 'B0-M01-C10', 1, 10, 0, 0, 0, DATE '2026-06-16', 1, 0, 'marklin.cs'),
(11, 'B0-M01-C11', 1, 11, 0, 0, 0, DATE '2026-06-16', 1, 0, 'marklin.cs'),
(12, 'B0-M01-C12', 1, 12, 1, 1, 0, DATE '2026-06-16', 1, 0, 'marklin.cs'),
(13, 'B0-M01-C13', 1, 13, 1, 1, 0, DATE '2026-06-16', 1, 0, 'marklin.cs'),
(14, 'B0-M01-C14', 1, 14, 1, 1, 0, DATE '2026-06-16', 1, 0, 'marklin.cs'),
(15, 'B0-M01-C15', 1, 15, 0, 0, 0, DATE '2026-06-16', 1, 0, 'marklin.cs'),
(16, 'B0-M01-C16', 1, 16, 0, 0, 0, DATE '2026-06-16', 1, 0, 'marklin.cs'),
(1001, 'B1-M01-C01', 1, 1001, 0, 0, 0, DATE '2026-06-16', 1, 1, 'marklin.cs'),
(1002, 'B1-M01-C02', 1, 1002, 1, 0, 0, DATE '2026-06-16', 1, 1, 'marklin.cs'),
(1003, 'B1-M01-C03', 1, 1003, 0, 0, 0, DATE '2026-06-16', 1, 1, 'marklin.cs'),
(1004, 'B1-M01-C04', 1, 1004, 0, 0, 0, DATE '2026-06-16', 1, 1, 'marklin.cs'),
(1005, 'B1-M01-C05', 1, 1005, 1, 0, 0, DATE '2026-06-16', 1, 1, 'marklin.cs'),
(1006, 'B1-M01-C06', 1, 1006, 0, 0, 0, DATE '2026-06-16', 1, 1, 'marklin.cs'),
(1007, 'B1-M01-C07', 1, 1007, 1, 0, 0, DATE '2026-06-16', 1, 1, 'marklin.cs'),
(1008, 'B1-M01-C08', 1, 1008, 1, 0, 0, DATE '2026-06-16', 1, 1, 'marklin.cs'),
(1009, 'B1-M01-C09', 1, 1009, 0, 0, 0, DATE '2026-06-16', 1, 1, 'marklin.cs'),
(1010, 'B1-M01-C10', 1, 1010, 1, 0, 0, DATE '2026-06-16', 1, 1, 'marklin.cs'),
(1011, 'B1-M01-C11', 1, 1011, 1, 0, 0, DATE '2026-06-16', 1, 1, 'marklin.cs'),
(1012, 'B1-M01-C12', 1, 1012, 0, 0, 0, DATE '2026-06-16', 1, 1, 'marklin.cs'),
(1013, 'B1-M01-C13', 1, 1013, 0, 0, 0, DATE '2026-06-16', 1, 1, 'marklin.cs'),
(1014, 'B1-M01-C14', 1, 1014, 0, 0, 0, DATE '2026-06-16', 1, 1, 'marklin.cs'),
(1015, 'B1-M01-C15', 1, 1015, 0, 0, 0, DATE '2026-06-16', 1, 1, 'marklin.cs'),
(1016, 'B1-M01-C16', 1, 1016, 1, 0, 0, DATE '2026-06-16', 1, 1, 'marklin.cs'),
(1017, 'B1-M02-C01', 1, 1017, 0, 0, 0, DATE '2026-06-16', 1, 1, 'marklin.cs'),
(1018, 'B1-M02-C02', 1, 1018, 0, 0, 0, DATE '2026-06-16', 1, 1, 'marklin.cs'),
(1019, 'B1-M02-C03', 1, 1019, 1, 0, 0, DATE '2026-06-16', 1, 1, 'marklin.cs'),
(1020, 'B1-M02-C04', 1, 1020, 0, 0, 0, DATE '2026-06-16', 1, 1, 'marklin.cs'),
(1021, 'B1-M02-C05', 1, 1021, 0, 0, 0, DATE '2026-06-16', 1, 1, 'marklin.cs'),
(1022, 'B1-M02-C06', 1, 1022, 0, 0, 0, DATE '2026-06-16', 1, 1, 'marklin.cs'),
(1023, 'B1-M02-C07', 1, 1023, 0, 0, 0, DATE '2026-06-16', 1, 1, 'marklin.cs'),
(1024, 'B1-M02-C08', 1, 1024, 0, 0, 0, DATE '2026-06-16', 1, 1, 'marklin.cs'),
(1025, 'B1-M02-C09', 1, 1025, 0, 0, 0, DATE '2026-06-16', 1, 1, 'marklin.cs'),
(1026, 'B1-M02-C10', 1, 1026, 1, 0, 0, DATE '2026-06-16', 1, 1, 'marklin.cs'),
(1027, 'B1-M02-C11', 1, 1027, 0, 0, 0, DATE '2026-06-16', 1, 1, 'marklin.cs'),
(1028, 'B1-M02-C12', 1, 1028, 0, 0, 0, DATE '2026-06-16', 1, 1, 'marklin.cs'),
(1029, 'B1-M02-C13', 1, NULL, 0, 0, 0, DATE '2026-06-16', 1, 1, 'marklin.cs'),
(1030, 'B1-M02-C14', 1, 1030, 0, 0, 0, DATE '2026-06-16', 1, 1, 'marklin.cs'),
(1031, 'B1-M02-C15', 1, 1031, 0, 0, 0, DATE '2026-06-16', 1, 1, 'marklin.cs'),
(1032, 'B1-M02-C16', 1, 1032, 0, 0, 0, DATE '2026-06-16', 1, 1, 'marklin.cs'),
(1033, 'B1-M03-C01', 1, 1033, 1, 0, 0, DATE '2026-06-16', 1, 1, 'marklin.cs'),
(1034, 'B1-M03-C02', 1, 1034, 0, 0, 0, DATE '2026-06-16', 1, 1, 'marklin.cs'),
(1035, 'B1-M03-C03', 1, 1035, 1, 0, 0, DATE '2026-06-16', 1, 1, 'marklin.cs'),
(1036, 'B1-M03-C04', 1, 1036, 0, 0, 0, DATE '2026-06-16', 1, 1, 'marklin.cs'),
(1037, 'B1-M03-C05', 1, NULL, 0, 0, 0, DATE '2026-06-16', 1, 1, 'marklin.cs');    
INSERT INTO "jcs"."sensors" VALUES
(1038, 'B1-M03-C06', 1, 1038, 0, 0, 0, DATE '2026-06-16', 1, 1, 'marklin.cs'),
(1039, 'B1-M03-C07', 1, 1039, 0, 0, 0, DATE '2026-06-16', 1, 1, 'marklin.cs'),
(1040, 'B1-M03-C08', 1, 1040, 0, 0, 0, DATE '2026-06-16', 1, 1, 'marklin.cs'),
(1041, 'B1-M03-C09', 1, 1041, 0, 0, 0, DATE '2026-06-16', 1, 1, 'marklin.cs'),
(1042, 'B1-M03-C10', 1, 1042, 0, 0, 0, DATE '2026-06-16', 1, 1, 'marklin.cs'),
(1043, 'B1-M03-C11', 1, 1043, 0, 0, 0, DATE '2026-06-16', 1, 1, 'marklin.cs'),
(1044, 'B1-M03-C12', 1, 1044, 0, 0, 0, DATE '2026-06-16', 1, 1, 'marklin.cs'),
(1045, 'B1-M03-C13', 1, 1045, 0, 0, 0, DATE '2026-06-16', 1, 1, 'marklin.cs'),
(1046, 'B1-M03-C14', 1, 1046, 1, 0, 0, DATE '2026-06-16', 1, 1, 'marklin.cs'),
(1047, 'B1-M03-C15', 1, 1047, 0, 0, 0, DATE '2026-06-16', 1, 1, 'marklin.cs'),
(1048, 'B1-M03-C16', 1, 1048, 0, 0, 0, DATE '2026-06-16', 1, 1, 'marklin.cs'),
(2001, 'B2-M01-C01', 1, 2001, 0, 0, 0, DATE '2026-06-16', 1, 2, 'marklin.cs'),
(2002, 'B2-M01-C02', 1, 2002, 0, 0, 0, DATE '2026-06-16', 1, 2, 'marklin.cs'),
(2003, 'B2-M01-C03', 1, 2003, 0, 0, 0, DATE '2026-06-16', 1, 2, 'marklin.cs'),
(2004, 'B2-M01-C04', 1, 2004, 0, 0, 0, DATE '2026-06-16', 1, 2, 'marklin.cs'),
(2005, 'B2-M01-C05', 1, 2005, 0, 0, 0, DATE '2026-06-16', 1, 2, 'marklin.cs'),
(2006, 'B2-M01-C06', 1, 2006, 0, 0, 0, DATE '2026-06-16', 1, 2, 'marklin.cs'),
(2007, 'B2-M01-C07', 1, 2007, 0, 0, 0, DATE '2026-06-16', 1, 2, 'marklin.cs'),
(2008, 'B2-M01-C08', 1, 2008, 0, 0, 0, DATE '2026-06-16', 1, 2, 'marklin.cs'),
(2009, 'B2-M01-C09', 1, 2009, 0, 0, 0, DATE '2026-06-16', 1, 2, 'marklin.cs'),
(2010, 'B2-M01-C10', 1, 2010, 0, 0, 0, DATE '2026-06-16', 1, 2, 'marklin.cs'),
(2011, 'B2-M01-C11', 1, 2011, 0, 0, 0, DATE '2026-06-16', 1, 2, 'marklin.cs'),
(2012, 'B2-M01-C12', 1, 2012, 0, 0, 0, DATE '2026-06-16', 1, 2, 'marklin.cs'),
(2013, 'B2-M01-C13', 1, 2013, 0, 0, 0, DATE '2026-06-16', 1, 2, 'marklin.cs'),
(2014, 'B2-M01-C14', 1, 2014, 0, 0, 0, DATE '2026-06-16', 1, 2, 'marklin.cs'),
(2015, 'B2-M01-C15', 1, 2015, 0, 0, 0, DATE '2026-06-16', 1, 2, 'marklin.cs'),
(2016, 'B2-M01-C16', 1, 2016, 0, 0, 0, DATE '2026-06-16', 1, 2, 'marklin.cs'),
(2017, 'B2-M02-C01', 1, 2017, 1, 0, 0, DATE '2026-06-16', 1, 2, 'marklin.cs'),
(2018, 'B2-M02-C02', 1, 2018, 1, 0, 0, DATE '2026-06-16', 1, 2, 'marklin.cs'),
(2019, 'B2-M02-C03', 1, 2019, 1, 0, 0, DATE '2026-06-16', 1, 2, 'marklin.cs'),
(2020, 'B2-M02-C04', 1, 2020, 1, 0, 0, DATE '2026-06-16', 1, 2, 'marklin.cs'),
(2021, 'B2-M02-C05', 1, 2021, 0, 0, 0, DATE '2026-06-16', 1, 2, 'marklin.cs'),
(2022, 'B2-M02-C06', 1, 2022, 0, 0, 0, DATE '2026-06-16', 1, 2, 'marklin.cs'),
(2023, 'B2-M02-C07', 1, 2023, 0, 0, 0, DATE '2026-06-16', 1, 2, 'marklin.cs'),
(2024, 'B2-M02-C08', 1, 2024, 0, 0, 0, DATE '2026-06-16', 1, 2, 'marklin.cs'),
(2025, 'B2-M02-C09', 1, 2025, 0, 0, 0, DATE '2026-06-16', 1, 2, 'marklin.cs'),
(2026, 'B2-M02-C10', 1, 2026, 0, 0, 0, DATE '2026-06-16', 1, 2, 'marklin.cs'),
(2027, 'B2-M02-C11', 1, 2027, 0, 0, 0, DATE '2026-06-16', 1, 2, 'marklin.cs'),
(2028, 'B2-M02-C12', 1, 2028, 0, 0, 0, DATE '2026-06-16', 1, 2, 'marklin.cs'),
(2029, 'B2-M02-C13', 1, 2029, 1, 0, 12200, DATE '2026-06-16', 1, 2, 'marklin.cs'),
(2030, 'B2-M02-C14', 1, 2030, 0, 0, 0, DATE '2026-06-16', 1, 2, 'marklin.cs'),
(2031, 'B2-M02-C15', 1, 2031, 0, 0, 0, DATE '2026-06-16', 1, 2, 'marklin.cs'),
(2032, 'B2-M02-C16', 1, 2032, 0, 0, 0, DATE '2026-06-16', 1, 2, 'marklin.cs'),
(2033, 'B2-M03-C01', 1, 2033, 1, 0, 0, DATE '2026-06-16', 1, 2, 'marklin.cs'),
(2034, 'B2-M03-C02', 1, 2034, 0, 0, 0, DATE '2026-06-16', 1, 2, 'marklin.cs'),
(2035, 'B2-M03-C03', 1, 2035, 0, 0, 0, DATE '2026-06-16', 1, 2, 'marklin.cs'),
(2036, 'B2-M03-C04', 1, 2036, 0, 0, 0, DATE '2026-06-16', 1, 2, 'marklin.cs'),
(2037, 'B2-M03-C05', 1, 2037, 1, 0, 0, DATE '2026-06-16', 1, 2, 'marklin.cs'),
(2038, 'B2-M03-C06', 1, 2038, 0, 0, 0, DATE '2026-06-16', 1, 2, 'marklin.cs'),
(2039, 'B2-M03-C07', 1, 2039, 0, 0, 0, DATE '2026-06-16', 1, 2, 'marklin.cs'),
(2040, 'B2-M03-C08', 1, 2040, 0, 0, 0, DATE '2026-06-16', 1, 2, 'marklin.cs'),
(2041, 'B2-M03-C09', 1, 2041, 1, 0, 1100, DATE '2026-06-16', 1, 2, 'marklin.cs');          
INSERT INTO "jcs"."sensors" VALUES
(2042, 'B2-M03-C10', 1, 2042, 0, 0, 0, DATE '2026-06-16', 1, 2, 'marklin.cs'),
(2043, 'B2-M03-C11', 1, 2043, 0, 0, 0, DATE '2026-06-16', 1, 2, 'marklin.cs'),
(2044, 'B2-M03-C12', 1, 2044, 0, 0, 0, DATE '2026-06-16', 1, 2, 'marklin.cs'),
(2045, 'B2-M03-C13', 1, 2045, 0, 0, 0, DATE '2026-06-16', 1, 2, 'marklin.cs'),
(2046, 'B2-M03-C14', 1, 2046, 0, 0, 0, DATE '2026-06-16', 1, 2, 'marklin.cs'),
(2047, 'B2-M03-C15', 1, 2047, 0, 0, 0, DATE '2026-06-16', 1, 2, 'marklin.cs'),
(2048, 'B2-M03-C16', 1, 2048, 0, 0, 0, DATE '2026-06-16', 1, 2, 'marklin.cs'),
(3001, 'B3-M01-C01', 1, 3001, 0, 0, 0, DATE '2026-06-16', 1, 3, 'marklin.cs'),
(3002, 'B3-M01-C02', 1, 3002, 0, 0, 0, DATE '2026-06-16', 1, 3, 'marklin.cs'),
(3003, 'B3-M01-C03', 1, 3003, 0, 0, 0, DATE '2026-06-16', 1, 3, 'marklin.cs'),
(3004, 'B3-M01-C04', 1, 3004, 0, 0, 0, DATE '2026-06-16', 1, 3, 'marklin.cs'),
(3005, 'B3-M01-C05', 1, 3005, 0, 0, 0, DATE '2026-06-16', 1, 3, 'marklin.cs'),
(3006, 'B3-M01-C06', 1, 3006, 0, 0, 0, DATE '2026-06-16', 1, 3, 'marklin.cs'),
(3007, 'B3-M01-C07', 1, 3007, 0, 0, 0, DATE '2026-06-16', 1, 3, 'marklin.cs'),
(3008, 'B3-M01-C08', 1, 3008, 0, 0, 0, DATE '2026-06-16', 1, 3, 'marklin.cs'),
(3009, 'B3-M01-C09', 1, 3009, 0, 0, 0, DATE '2026-06-16', 1, 3, 'marklin.cs'),
(3010, 'B3-M01-C10', 1, 3010, 0, 0, 0, DATE '2026-06-16', 1, 3, 'marklin.cs'),
(3011, 'B3-M01-C11', 1, 3011, 0, 0, 0, DATE '2026-06-16', 1, 3, 'marklin.cs'),
(3012, 'B3-M01-C12', 1, 3012, 0, 0, 0, DATE '2026-06-16', 1, 3, 'marklin.cs'),
(3013, 'B3-M01-C13', 1, 3013, 0, 0, 0, DATE '2026-06-16', 1, 3, 'marklin.cs'),
(3014, 'B3-M01-C14', 1, 3014, 0, 0, 0, DATE '2026-06-16', 1, 3, 'marklin.cs'),
(3015, 'B3-M01-C15', 1, 3015, 0, 0, 0, DATE '2026-06-16', 1, 3, 'marklin.cs'),
(3016, 'B3-M01-C16', 1, 3016, 0, 0, 0, DATE '2026-06-16', 1, 3, 'marklin.cs');    
CREATE UNIQUE NULLS DISTINCT INDEX "jcs"."sens_pk_idx" ON "jcs"."sensors"("id" NULLS FIRST);   
CREATE CACHED TABLE "jcs"."locomotive_functions"(
    "id" BIGINT GENERATED BY DEFAULT AS IDENTITY(START WITH 1 RESTART WITH 683) SELECTIVITY 100 NOT NULL,
    "locomotive_id" BIGINT SELECTIVITY 7 NOT NULL,
    "f_number" INTEGER SELECTIVITY 4 NOT NULL,
    "f_type" INTEGER SELECTIVITY 15 NOT NULL,
    "f_value" INTEGER SELECTIVITY 1,
    "f_icon" CHARACTER VARYING(255) SELECTIVITY 17,
    "momentary" BOOLEAN DEFAULT FALSE SELECTIVITY 1 NOT NULL
);           
ALTER TABLE "jcs"."locomotive_functions" ADD CONSTRAINT "jcs"."lofu_pk" PRIMARY KEY("id");     
-- 682 +/- SELECT COUNT(*) FROM jcs.locomotive_functions;      
INSERT INTO "jcs"."locomotive_functions" VALUES
(1, 16392, 0, 1, 1, 'fkticon_a_001', FALSE),
(2, 16392, 1, 32, 1, 'fkticon_a_032', FALSE),
(3, 16392, 2, 23, 0, 'fkticon_i_023', FALSE),
(4, 16392, 3, 10, 0, 'fkticon_i_010', FALSE),
(5, 16392, 4, 18, 0, 'fkticon_i_018', FALSE),
(6, 16392, 5, 20, 0, 'fkticon_i_020', FALSE),
(7, 16392, 6, 85, 0, 'fkticon_i_085', FALSE),
(8, 16392, 7, 233, 0, 'fkticon_i_233', FALSE),
(9, 16392, 8, 84, 0, 'fkticon_i_084', FALSE),
(10, 16392, 9, 25, 0, 'fkticon_i_025', TRUE),
(11, 16392, 10, 211, 0, 'fkticon_i_211', TRUE),
(12, 16392, 11, 4, 0, 'fkticon_i_004', FALSE),
(13, 16392, 12, 25, 0, 'fkticon_i_025', TRUE),
(14, 16392, 13, 11, 0, 'fkticon_i_011', FALSE),
(15, 16392, 14, 28, 0, 'fkticon_i_028', FALSE),
(16, 16392, 15, 112, 0, 'fkticon_i_112', FALSE),
(17, 16392, 16, 211, 0, 'fkticon_i_211', TRUE),
(18, 16392, 17, 10, 0, 'fkticon_i_010', TRUE),
(19, 16392, 18, 211, 0, 'fkticon_i_211', TRUE),
(20, 16392, 19, 25, 0, 'fkticon_i_025', TRUE),
(21, 16392, 20, 6, 0, 'fkticon_i_006', FALSE),
(22, 16392, 21, 6, 0, 'fkticon_i_006', FALSE),
(23, 16392, 22, 117, 0, 'fkticon_i_117', FALSE),
(24, 16392, 23, 48, 0, 'fkticon_i_048', FALSE),
(25, 16392, 24, 48, 0, 'fkticon_i_048', FALSE),
(26, 16392, 25, 105, 0, 'fkticon_i_105', FALSE),
(27, 16392, 26, 118, 0, 'fkticon_i_118', FALSE),
(28, 16392, 27, 47, 0, 'fkticon_i_047', FALSE),
(29, 16392, 28, 1, 0, 'fkticon_i_001', FALSE),
(30, 16392, 29, 1, 0, 'fkticon_i_001', FALSE),
(31, 16392, 30, 40, 1, 'fkticon_a_040', FALSE),
(32, 16392, 31, 146, 0, 'fkticon_i_146', FALSE),
(33, 16410, 0, 282, 1, 'fkticon_a_282', FALSE),
(34, 16410, 1, 45, 0, 'fkticon_i_045', TRUE),
(35, 16410, 2, 23, 0, 'fkticon_i_023', FALSE),
(36, 16410, 3, 10, 0, 'fkticon_i_010', FALSE),
(37, 16410, 4, 18, 0, 'fkticon_i_018', FALSE),
(38, 16410, 5, 20, 0, 'fkticon_i_020', FALSE),
(39, 16410, 6, 41, 0, 'fkticon_i_041', FALSE),
(40, 16410, 7, 10, 0, 'fkticon_i_010', FALSE),
(41, 16410, 8, 42, 0, 'fkticon_i_042', FALSE),
(42, 16410, 9, 5, 0, 'fkticon_i_005', FALSE),
(43, 16410, 10, 11, 0, 'fkticon_i_011', FALSE),
(44, 16410, 11, 28, 0, 'fkticon_i_028', FALSE),
(45, 16410, 12, 45, 0, 'fkticon_i_045', TRUE),
(46, 16410, 13, 121, 0, 'fkticon_i_121', TRUE),
(47, 16410, 14, 43, 0, 'fkticon_i_043', FALSE),
(48, 16410, 15, 112, 0, 'fkticon_i_112', FALSE),
(49, 16410, 16, 101, 0, 'fkticon_i_101', FALSE),
(50, 16410, 17, 108, 0, 'fkticon_i_108', TRUE),
(51, 16410, 18, 29, 0, 'fkticon_i_029', FALSE),
(52, 16410, 19, 92, 0, 'fkticon_i_092', TRUE),
(53, 16410, 20, 116, 0, 'fkticon_i_116', FALSE),
(54, 16410, 21, 25, 0, 'fkticon_i_025', TRUE),
(55, 16393, 0, 1, 0, 'fkticon_i_001', FALSE),
(56, 16393, 1, 4, 0, 'fkticon_i_004', FALSE),
(57, 16393, 2, 23, 0, 'fkticon_i_023', FALSE),
(58, 16393, 3, 10, 0, 'fkticon_i_010', FALSE),
(59, 16393, 4, 18, 0, 'fkticon_i_018', FALSE),
(60, 16393, 5, 20, 0, 'fkticon_i_020', FALSE),
(61, 16393, 6, 41, 0, 'fkticon_i_041', FALSE),
(62, 16393, 7, 10, 0, 'fkticon_i_010', FALSE),
(63, 16393, 8, 42, 0, 'fkticon_i_042', FALSE),
(64, 16393, 9, 116, 0, 'fkticon_i_116', FALSE),
(65, 16393, 10, 92, 0, 'fkticon_i_092', TRUE),
(66, 16393, 11, 25, 0, 'fkticon_i_025', TRUE),
(67, 16393, 12, 11, 1, 'fkticon_a_011', FALSE),
(68, 16393, 13, 25, 0, 'fkticon_i_025', TRUE),
(69, 16393, 14, 112, 1, 'fkticon_a_112', FALSE),
(70, 16404, 0, 1, 0, 'fkticon_i_001', FALSE),
(71, 16404, 1, 48, 0, 'fkticon_i_048', FALSE),
(72, 16404, 2, 23, 0, 'fkticon_i_023', FALSE),
(73, 16404, 3, 251, 0, 'fkticon_i_251', FALSE),
(74, 16404, 4, 18, 0, 'fkticon_i_018', FALSE),
(75, 16404, 5, 20, 0, 'fkticon_i_020', FALSE),
(76, 16404, 6, 41, 0, 'fkticon_i_041', FALSE),
(77, 16404, 7, 251, 0, 'fkticon_i_251', FALSE),
(78, 16404, 8, 42, 0, 'fkticon_i_042', FALSE),
(79, 16404, 9, 4, 0, 'fkticon_i_004', FALSE),
(80, 16404, 10, 118, 0, 'fkticon_i_118', FALSE),
(81, 16404, 11, 118, 0, 'fkticon_i_118', FALSE),
(82, 16404, 12, 3, 0, 'fkticon_i_003', FALSE),
(83, 16404, 13, 47, 0, 'fkticon_i_047', FALSE),
(84, 16404, 14, 250, 0, 'fkticon_i_250', TRUE),
(85, 16404, 15, 112, 0, 'fkticon_i_112', FALSE),
(86, 16404, 16, 8, 0, 'fkticon_i_008', FALSE);        
INSERT INTO "jcs"."locomotive_functions" VALUES
(87, 16404, 17, 29, 0, 'fkticon_i_029', FALSE),
(88, 16404, 18, 116, 0, 'fkticon_i_116', FALSE),
(89, 16404, 19, 92, 0, 'fkticon_i_092', TRUE),
(90, 16404, 20, 108, 0, 'fkticon_i_108', TRUE),
(91, 16404, 21, 146, 1, 'fkticon_a_146', FALSE),
(92, 16404, 22, 244, 0, 'fkticon_i_244', FALSE),
(93, 16404, 23, 132, 0, 'fkticon_i_132', TRUE),
(94, 16404, 24, 132, 0, 'fkticon_i_132', TRUE),
(95, 16404, 25, 118, 0, 'fkticon_i_118', FALSE),
(96, 16404, 26, 43, 0, 'fkticon_i_043', TRUE),
(97, 16404, 27, 43, 0, 'fkticon_i_043', TRUE),
(98, 16406, 0, 1, 1, 'fkticon_a_001', FALSE),
(99, 16406, 1, 7, 0, 'fkticon_i_007', FALSE),
(100, 16406, 2, 23, 0, 'fkticon_i_023', FALSE),
(101, 16406, 3, 12, 0, 'fkticon_i_012', FALSE),
(102, 16406, 4, 18, 0, 'fkticon_i_018', FALSE),
(103, 16406, 5, 20, 0, 'fkticon_i_020', FALSE),
(104, 16406, 6, 48, 1, 'fkticon_a_048', FALSE),
(105, 16406, 7, 12, 0, 'fkticon_i_012', TRUE),
(106, 16406, 8, 105, 0, 'fkticon_i_105', FALSE),
(107, 16406, 9, 91, 0, 'fkticon_i_091', TRUE),
(108, 16406, 10, 26, 0, 'fkticon_i_026', FALSE),
(109, 16406, 11, 36, 0, 'fkticon_i_036', FALSE),
(110, 16406, 12, 106, 0, 'fkticon_i_106', FALSE),
(111, 16406, 13, 111, 0, 'fkticon_i_111', FALSE),
(112, 16406, 14, 49, 0, 'fkticon_i_049', FALSE),
(113, 16406, 15, 112, 1, 'fkticon_a_112', FALSE),
(114, 16406, 16, 37, 0, 'fkticon_i_037', FALSE),
(115, 16406, 17, 227, 0, 'fkticon_i_227', FALSE),
(116, 16406, 18, 229, 0, 'fkticon_i_229', FALSE),
(117, 16406, 19, 232, 0, 'fkticon_i_232', FALSE),
(118, 16406, 20, 108, 0, 'fkticon_i_108', TRUE),
(119, 16406, 21, 11, 0, 'fkticon_i_011', FALSE),
(120, 16406, 22, 123, 0, 'fkticon_i_123', FALSE),
(121, 16406, 23, 118, 0, 'fkticon_i_118', FALSE),
(122, 16406, 24, 8, 0, 'fkticon_i_008', FALSE),
(123, 16406, 25, 43, 0, 'fkticon_i_043', FALSE),
(124, 16413, 0, 1, 1, 'fkticon_a_001', FALSE),
(125, 16413, 1, 7, 0, 'fkticon_i_007', FALSE),
(126, 16413, 2, 23, 0, 'fkticon_i_023', FALSE),
(127, 16413, 3, 251, 0, 'fkticon_i_251', FALSE),
(128, 16413, 4, 18, 0, 'fkticon_i_018', FALSE),
(129, 16413, 5, 20, 0, 'fkticon_i_020', FALSE),
(130, 16413, 6, 41, 0, 'fkticon_i_041', FALSE),
(131, 16413, 7, 250, 0, 'fkticon_i_250', TRUE),
(132, 16413, 8, 42, 0, 'fkticon_i_042', FALSE),
(133, 16413, 9, 48, 0, 'fkticon_i_048', FALSE),
(134, 16413, 10, 29, 0, 'fkticon_i_029', FALSE),
(135, 16413, 11, 117, 0, 'fkticon_i_117', FALSE),
(136, 16413, 12, 116, 0, 'fkticon_i_116', FALSE),
(137, 16413, 13, 92, 0, 'fkticon_i_092', TRUE),
(138, 16413, 14, 118, 0, 'fkticon_i_118', FALSE),
(139, 16413, 15, 112, 0, 'fkticon_i_112', FALSE),
(140, 16413, 16, 8, 0, 'fkticon_i_008', FALSE),
(141, 16413, 17, 108, 0, 'fkticon_i_108', TRUE),
(142, 16413, 18, 251, 0, 'fkticon_i_251', FALSE),
(143, 16413, 19, 250, 0, 'fkticon_i_250', TRUE),
(144, 16413, 20, 8, 0, 'fkticon_i_008', FALSE),
(145, 16413, 21, 43, 0, 'fkticon_i_043', TRUE),
(146, 16413, 22, 228, 0, 'fkticon_i_228', FALSE),
(147, 16413, 23, 43, 0, 'fkticon_i_043', TRUE),
(148, 16413, 24, 132, 0, 'fkticon_i_132', FALSE),
(149, 16413, 25, 132, 0, 'fkticon_i_132', FALSE),
(150, 16413, 26, 146, 0, 'fkticon_i_146', FALSE),
(151, 16408, 0, 282, 1, 'fkticon_a_282', FALSE),
(152, 16408, 1, 7, 0, 'fkticon_i_007', FALSE),
(153, 16408, 2, 23, 0, 'fkticon_i_023', FALSE),
(154, 16408, 3, 10, 0, 'fkticon_i_010', FALSE),
(155, 16408, 4, 18, 0, 'fkticon_i_018', FALSE),
(156, 16408, 5, 20, 0, 'fkticon_i_020', FALSE),
(157, 16408, 6, 41, 0, 'fkticon_i_041', FALSE),
(158, 16408, 7, 10, 0, 'fkticon_i_010', TRUE),
(159, 16408, 8, 42, 0, 'fkticon_i_042', FALSE),
(160, 16408, 9, 48, 0, 'fkticon_i_048', FALSE),
(161, 16408, 10, 29, 0, 'fkticon_i_029', FALSE),
(162, 16408, 11, 117, 0, 'fkticon_i_117', FALSE),
(163, 16408, 12, 116, 0, 'fkticon_i_116', FALSE),
(164, 16408, 13, 118, 0, 'fkticon_i_118', FALSE),
(165, 16408, 14, 118, 0, 'fkticon_i_118', FALSE),
(166, 16408, 15, 112, 1, 'fkticon_a_112', FALSE),
(167, 16408, 16, 10, 0, 'fkticon_i_010', FALSE),
(168, 16408, 17, 10, 0, 'fkticon_i_010', TRUE),
(169, 16408, 18, 8, 0, 'fkticon_i_008', FALSE),
(170, 16408, 19, 92, 0, 'fkticon_i_092', TRUE);              
INSERT INTO "jcs"."locomotive_functions" VALUES
(171, 16408, 20, 108, 0, 'fkticon_i_108', TRUE),
(172, 16408, 21, 43, 0, 'fkticon_i_043', TRUE),
(173, 16408, 22, 5, 0, 'fkticon_i_005', FALSE),
(174, 16408, 23, 43, 0, 'fkticon_i_043', TRUE),
(175, 16408, 24, 132, 0, 'fkticon_i_132', FALSE),
(176, 16408, 25, 132, 0, 'fkticon_i_132', FALSE),
(177, 16408, 26, 28, 0, 'fkticon_i_028', FALSE),
(178, 16418, 0, 1, 1, 'fkticon_a_001', FALSE),
(179, 16418, 1, 7, 0, 'fkticon_i_007', FALSE),
(180, 16418, 2, 23, 0, 'fkticon_i_023', FALSE),
(181, 16418, 3, 10, 0, 'fkticon_i_010', FALSE),
(182, 16418, 4, 18, 0, 'fkticon_i_018', FALSE),
(183, 16418, 5, 20, 0, 'fkticon_i_020', FALSE),
(184, 16418, 6, 41, 0, 'fkticon_i_041', FALSE),
(185, 16418, 7, 10, 0, 'fkticon_i_010', TRUE),
(186, 16418, 8, 42, 0, 'fkticon_i_042', FALSE),
(187, 16418, 9, 48, 0, 'fkticon_i_048', FALSE),
(188, 16418, 10, 4, 0, 'fkticon_i_004', FALSE),
(189, 16418, 11, 117, 0, 'fkticon_i_117', FALSE),
(190, 16418, 12, 29, 0, 'fkticon_i_029', FALSE),
(191, 16418, 13, 118, 0, 'fkticon_i_118', FALSE),
(192, 16418, 14, 212, 0, 'fkticon_i_212', FALSE),
(193, 16418, 15, 112, 0, 'fkticon_i_112', FALSE),
(194, 16418, 16, 10, 0, 'fkticon_i_010', FALSE),
(195, 16418, 17, 116, 0, 'fkticon_i_116', FALSE),
(196, 16418, 18, 10, 0, 'fkticon_i_010', TRUE),
(197, 16418, 19, 8, 0, 'fkticon_i_008', FALSE),
(198, 16418, 20, 92, 0, 'fkticon_i_092', TRUE),
(199, 16418, 21, 108, 0, 'fkticon_i_108', TRUE),
(200, 16418, 22, 5, 0, 'fkticon_i_005', FALSE),
(201, 16418, 23, 43, 0, 'fkticon_i_043', TRUE),
(202, 16418, 24, 43, 0, 'fkticon_i_043', TRUE),
(203, 16418, 25, 132, 0, 'fkticon_i_132', FALSE),
(204, 16418, 26, 132, 0, 'fkticon_i_132', FALSE),
(205, 16418, 27, 28, 0, 'fkticon_i_028', FALSE),
(206, 16419, 0, 1, 1, 'fkticon_a_001', FALSE),
(207, 16419, 1, 7, 0, 'fkticon_i_007', FALSE),
(208, 16419, 2, 23, 0, 'fkticon_i_023', FALSE),
(209, 16419, 3, 12, 0, 'fkticon_i_012', FALSE),
(210, 16419, 4, 18, 0, 'fkticon_i_018', FALSE),
(211, 16419, 5, 20, 1, 'fkticon_a_020', FALSE),
(212, 16419, 6, 136, 0, 'fkticon_i_136', FALSE),
(213, 16419, 7, 31, 1, 'fkticon_a_031', FALSE),
(214, 16419, 8, 106, 0, 'fkticon_i_106', FALSE),
(215, 16419, 9, 91, 0, 'fkticon_i_091', TRUE),
(216, 16419, 10, 26, 0, 'fkticon_i_026', FALSE),
(217, 16419, 11, 36, 0, 'fkticon_i_036', FALSE),
(218, 16419, 12, 111, 0, 'fkticon_i_111', FALSE),
(219, 16419, 13, 49, 0, 'fkticon_i_049', FALSE),
(220, 16419, 14, 12, 0, 'fkticon_i_012', TRUE),
(221, 16419, 15, 112, 0, 'fkticon_i_112', FALSE),
(222, 16419, 16, 42, 0, 'fkticon_i_042', FALSE),
(223, 16419, 17, 41, 1, 'fkticon_a_041', FALSE),
(224, 16419, 18, 13, 0, 'fkticon_i_013', FALSE),
(225, 16419, 19, 108, 0, 'fkticon_i_108', TRUE),
(226, 16419, 20, 47, 0, 'fkticon_i_047', FALSE),
(227, 16419, 21, 8, 0, 'fkticon_i_008', FALSE),
(228, 16419, 22, 22, 0, 'fkticon_i_022', FALSE),
(229, 16419, 23, 25, 0, 'fkticon_i_025', TRUE),
(230, 16419, 24, 37, 0, 'fkticon_i_037', FALSE),
(231, 16419, 25, 123, 0, 'fkticon_i_123', FALSE),
(232, 16419, 26, 43, 0, 'fkticon_i_043', TRUE),
(233, 16419, 27, 43, 0, 'fkticon_i_043', TRUE),
(234, 16419, 28, 11, 0, 'fkticon_i_011', FALSE),
(235, 3, 0, 1, 1, 'fkticon_a_001', FALSE),
(236, 3, 1, 51, 0, 'fkticon_i_051', FALSE),
(237, 3, 2, 52, 0, 'fkticon_i_052', FALSE),
(238, 3, 3, 53, 0, 'fkticon_i_053', FALSE),
(239, 3, 4, 54, 0, 'fkticon_i_054', FALSE),
(240, 3, 5, 55, 0, 'fkticon_i_055', FALSE),
(241, 3, 6, 56, 0, 'fkticon_i_056', FALSE),
(242, 3, 7, 57, 1, 'fkticon_a_057', FALSE),
(243, 16, 0, 1, 1, 'fkticon_a_001', FALSE),
(244, 16, 2, 12, 0, 'fkticon_i_012', TRUE),
(245, 16, 3, 12, 0, 'fkticon_i_012', TRUE),
(246, 16, 4, 18, 0, 'fkticon_i_018', FALSE),
(247, 16401, 0, 1, 1, 'fkticon_a_001', FALSE),
(248, 16401, 3, 8, 0, 'fkticon_i_008', FALSE),
(249, 16401, 4, 18, 0, 'fkticon_i_018', FALSE),
(250, 16401, 5, 42, 0, 'fkticon_i_042', FALSE),
(251, 16401, 6, 41, 0, 'fkticon_i_041', FALSE),
(252, 16401, 7, 3, 0, 'fkticon_i_003', FALSE),
(253, 16401, 8, 105, 0, 'fkticon_i_105', FALSE),
(254, 16396, 0, 1, 1, 'fkticon_a_001', FALSE),
(255, 16396, 1, 83, 0, 'fkticon_i_083', TRUE);               
INSERT INTO "jcs"."locomotive_functions" VALUES
(256, 16396, 2, 82, 0, 'fkticon_i_082', TRUE),
(257, 16396, 3, 8, 0, 'fkticon_i_008', FALSE),
(258, 16396, 4, 18, 0, 'fkticon_i_018', FALSE),
(259, 16396, 5, 118, 0, 'fkticon_i_118', FALSE),
(260, 16416, 0, 1, 1, 'fkticon_a_001', FALSE),
(261, 16416, 1, 7, 0, 'fkticon_i_007', FALSE),
(262, 16416, 2, 23, 0, 'fkticon_i_023', FALSE),
(263, 16416, 3, 12, 0, 'fkticon_i_012', FALSE),
(264, 16416, 4, 18, 0, 'fkticon_i_018', FALSE),
(265, 16416, 5, 20, 0, 'fkticon_i_020', FALSE),
(266, 16416, 6, 82, 0, 'fkticon_i_082', FALSE),
(267, 16416, 7, 12, 0, 'fkticon_i_012', TRUE),
(268, 16416, 8, 31, 1, 'fkticon_a_031', FALSE),
(269, 16416, 9, 106, 0, 'fkticon_i_106', FALSE),
(270, 16416, 10, 91, 0, 'fkticon_i_091', TRUE),
(271, 16416, 11, 26, 0, 'fkticon_i_026', FALSE),
(272, 16416, 12, 36, 0, 'fkticon_i_036', FALSE),
(273, 16416, 13, 111, 0, 'fkticon_i_111', FALSE),
(274, 16416, 14, 49, 0, 'fkticon_i_049', FALSE),
(275, 16416, 16, 5, 0, 'fkticon_i_005', FALSE),
(276, 16416, 17, 5, 0, 'fkticon_i_005', FALSE),
(277, 16416, 18, 5, 0, 'fkticon_i_005', FALSE),
(278, 16416, 19, 108, 0, 'fkticon_i_108', TRUE),
(279, 16416, 20, 43, 0, 'fkticon_i_043', FALSE),
(280, 16416, 21, 8, 0, 'fkticon_i_008', FALSE),
(281, 16416, 22, 22, 0, 'fkticon_i_022', FALSE),
(282, 16416, 23, 1, 0, 'fkticon_i_001', FALSE),
(283, 16416, 24, 31, 0, 'fkticon_i_031', FALSE),
(284, 16416, 25, 37, 0, 'fkticon_i_037', FALSE),
(285, 16416, 26, 123, 0, 'fkticon_i_123', TRUE),
(286, 16416, 28, 3, 0, 'fkticon_i_003', FALSE),
(287, 16391, 0, 1, 1, 'fkticon_a_001', FALSE),
(288, 16391, 1, 7, 0, 'fkticon_i_007', FALSE),
(289, 16391, 2, 9, 0, 'fkticon_i_009', FALSE),
(290, 16391, 3, 23, 0, 'fkticon_i_023', FALSE),
(291, 16391, 4, 18, 0, 'fkticon_i_018', FALSE),
(292, 16391, 5, 12, 0, 'fkticon_i_012', TRUE),
(293, 16391, 6, 5, 0, 'fkticon_i_005', FALSE),
(294, 16391, 7, 5, 0, 'fkticon_i_005', FALSE),
(295, 16391, 8, 200, 1, 'fkticon_a_200', FALSE),
(296, 61, 0, 1, 1, 'fkticon_a_001', FALSE),
(297, 61, 3, 8, 0, 'fkticon_i_008', FALSE),
(298, 61, 4, 18, 0, 'fkticon_i_018', FALSE),
(299, 16400, 0, 1, 1, 'fkticon_a_001', FALSE),
(300, 16400, 1, 48, 1, 'fkticon_a_048', FALSE),
(301, 16400, 2, 48, 1, 'fkticon_a_048', FALSE),
(302, 16400, 3, 8, 0, 'fkticon_i_008', FALSE),
(303, 16400, 4, 18, 0, 'fkticon_i_018', FALSE),
(304, 16411, 0, 1, 1, 'fkticon_a_001', FALSE),
(305, 16411, 1, 1, 0, 'fkticon_i_001', FALSE),
(306, 16411, 2, 1, 0, 'fkticon_i_001', FALSE),
(307, 16411, 3, 8, 0, 'fkticon_i_008', FALSE),
(308, 16411, 4, 18, 0, 'fkticon_i_018', FALSE),
(309, 16423, 0, 1, 1, 'fkticon_a_001', FALSE),
(310, 16423, 1, 9, 0, 'fkticon_i_009', FALSE),
(311, 16423, 2, 9, 0, 'fkticon_i_009', FALSE),
(312, 16423, 3, 8, 0, 'fkticon_i_008', FALSE),
(313, 16423, 4, 18, 0, 'fkticon_i_018', FALSE),
(314, 16417, 0, 1, 1, 'fkticon_a_001', FALSE),
(315, 16417, 1, 4, 0, 'fkticon_i_004', FALSE),
(316, 16417, 2, 32, 1, 'fkticon_a_032', FALSE),
(317, 16417, 3, 48, 0, 'fkticon_i_048', FALSE),
(318, 16417, 4, 32, 1, 'fkticon_a_032', FALSE),
(319, 16424, 0, 282, 1, 'fkticon_a_282', FALSE),
(320, 16424, 2, 23, 0, 'fkticon_i_023', FALSE),
(321, 16424, 3, 10, 0, 'fkticon_i_010', TRUE),
(322, 16424, 4, 18, 0, 'fkticon_i_018', FALSE),
(323, 16394, 0, 1, 1, 'fkticon_a_001', FALSE),
(324, 16394, 1, 47, 0, 'fkticon_i_047', FALSE),
(325, 16394, 2, 118, 0, 'fkticon_i_118', FALSE),
(326, 16394, 3, 8, 0, 'fkticon_i_008', FALSE),
(327, 16394, 4, 18, 0, 'fkticon_i_018', FALSE),
(328, 16394, 5, 42, 0, 'fkticon_i_042', FALSE),
(329, 16394, 6, 41, 0, 'fkticon_i_041', FALSE),
(330, 16395, 0, 1, 1, 'fkticon_a_001', FALSE),
(331, 16395, 1, 44, 0, 'fkticon_i_044', TRUE),
(332, 16395, 2, 23, 0, 'fkticon_i_023', FALSE),
(333, 16395, 3, 10, 0, 'fkticon_i_010', FALSE),
(334, 16395, 4, 18, 0, 'fkticon_i_018', FALSE),
(335, 16395, 5, 20, 0, 'fkticon_i_020', FALSE),
(336, 16395, 6, 41, 0, 'fkticon_i_041', FALSE),
(337, 16395, 7, 10, 0, 'fkticon_i_010', TRUE),
(338, 16395, 8, 42, 0, 'fkticon_i_042', FALSE),
(339, 16395, 9, 43, 0, 'fkticon_i_043', TRUE),
(340, 16395, 10, 43, 0, 'fkticon_i_043', TRUE);         
INSERT INTO "jcs"."locomotive_functions" VALUES
(341, 16395, 11, 92, 0, 'fkticon_i_092', TRUE),
(342, 16395, 12, 29, 0, 'fkticon_i_029', FALSE),
(343, 16395, 13, 11, 0, 'fkticon_i_011', FALSE),
(344, 16395, 14, 37, 0, 'fkticon_i_037', FALSE),
(345, 41, 0, 1, 1, 'fkticon_a_001', FALSE),
(346, 41, 1, 51, 0, 'fkticon_i_051', FALSE),
(347, 41, 2, 52, 1, 'fkticon_a_052', FALSE),
(348, 41, 3, 53, 0, 'fkticon_i_053', FALSE),
(349, 41, 4, 54, 0, 'fkticon_i_054', FALSE),
(350, 41, 5, 55, 0, 'fkticon_i_055', FALSE),
(351, 41, 6, 56, 0, 'fkticon_i_056', FALSE),
(352, 41, 7, 57, 0, 'fkticon_i_057', FALSE),
(353, 41, 8, 58, 0, 'fkticon_i_058', FALSE),
(354, 41, 9, 59, 0, 'fkticon_i_059', FALSE),
(355, 41, 10, 60, 0, 'fkticon_i_060', FALSE),
(356, 41, 11, 61, 0, 'fkticon_i_061', FALSE),
(357, 41, 12, 62, 1, 'fkticon_a_062', FALSE),
(358, 41, 13, 63, 0, 'fkticon_i_063', FALSE),
(359, 41, 14, 64, 0, 'fkticon_i_064', FALSE),
(360, 41, 15, 65, 0, 'fkticon_i_065', FALSE),
(361, 16390, 0, 282, 1, 'fkticon_a_282', FALSE),
(362, 16390, 1, 281, 0, 'fkticon_i_281', FALSE),
(363, 16390, 2, 2, 0, 'fkticon_i_002', FALSE),
(364, 16390, 3, 23, 0, 'fkticon_i_023', FALSE),
(365, 16390, 4, 18, 0, 'fkticon_i_018', FALSE),
(366, 16390, 5, 13, 0, 'fkticon_i_013', FALSE),
(367, 16390, 6, 10, 0, 'fkticon_i_010', FALSE),
(368, 16390, 7, 6, 0, 'fkticon_i_006', TRUE),
(369, 16390, 8, 29, 0, 'fkticon_i_029', FALSE),
(370, 16390, 9, 21, 0, 'fkticon_i_021', TRUE),
(371, 16390, 10, 103, 0, 'fkticon_i_103', TRUE),
(372, 16390, 11, 9, 0, 'fkticon_i_009', TRUE),
(373, 16390, 12, 37, 0, 'fkticon_i_037', FALSE),
(374, 16390, 14, 200, 0, 'fkticon_i_200', FALSE),
(375, 77, 0, 1, 0, 'fkticon_i_001', FALSE),
(376, 77, 2, 15, 0, 'fkticon_i_015', FALSE),
(377, 77, 3, 15, 0, 'fkticon_i_015', FALSE),
(378, 77, 4, 16, 0, 'fkticon_i_016', FALSE),
(379, 77, 8, 58, 0, 'fkticon_i_058', FALSE),
(380, 77, 9, 59, 0, 'fkticon_i_059', FALSE),
(381, 77, 10, 60, 0, 'fkticon_i_060', FALSE),
(382, 77, 11, 61, 0, 'fkticon_i_061', FALSE),
(383, 77, 12, 62, 0, 'fkticon_i_062', FALSE),
(384, 77, 13, 63, 0, 'fkticon_i_063', FALSE),
(385, 77, 14, 64, 0, 'fkticon_i_064', FALSE),
(386, 77, 15, 65, 0, 'fkticon_i_065', FALSE),
(387, 16407, 0, 1, 1, 'fkticon_a_001', FALSE),
(388, 16407, 1, 1, 0, 'fkticon_i_001', FALSE),
(389, 16407, 2, 48, 1, 'fkticon_a_048', FALSE),
(390, 16407, 3, 5, 0, 'fkticon_i_005', FALSE),
(391, 16407, 4, 10, 0, 'fkticon_i_010', TRUE),
(392, 16407, 5, 10, 0, 'fkticon_i_010', TRUE),
(393, 16407, 6, 8, 0, 'fkticon_i_008', FALSE),
(394, 16407, 7, 5, 0, 'fkticon_i_005', TRUE),
(395, 16407, 8, 28, 0, 'fkticon_i_028', FALSE),
(396, 16407, 9, 103, 0, 'fkticon_i_103', TRUE),
(397, 16407, 10, 10, 0, 'fkticon_i_010', TRUE),
(398, 16407, 11, 23, 0, 'fkticon_i_023', FALSE),
(399, 16407, 12, 28, 0, 'fkticon_i_028', FALSE),
(400, 16407, 13, 5, 0, 'fkticon_i_005', TRUE),
(401, 16407, 14, 45, 0, 'fkticon_i_045', TRUE),
(402, 16407, 15, 28, 0, 'fkticon_i_028', FALSE),
(403, 16407, 16, 28, 0, 'fkticon_i_028', FALSE),
(404, 16407, 17, 11, 0, 'fkticon_i_011', TRUE),
(405, 16407, 18, 129, 0, 'fkticon_i_129', FALSE),
(406, 16407, 19, 89, 0, 'fkticon_i_089', FALSE),
(407, 16407, 20, 28, 0, 'fkticon_i_028', FALSE),
(408, 16407, 21, 37, 0, 'fkticon_i_037', FALSE),
(409, 16407, 22, 5, 0, 'fkticon_i_005', FALSE),
(410, 16407, 23, 28, 0, 'fkticon_i_028', FALSE),
(411, 16407, 24, 23, 0, 'fkticon_i_023', FALSE),
(412, 16407, 25, 20, 0, 'fkticon_i_020', FALSE),
(413, 16407, 26, 13, 0, 'fkticon_i_013', TRUE),
(414, 16409, 0, 1, 1, 'fkticon_a_001', FALSE),
(415, 16409, 1, 4, 1, 'fkticon_a_004', FALSE),
(416, 16409, 2, 40, 1, 'fkticon_a_040', FALSE),
(417, 16409, 3, 32, 1, 'fkticon_a_032', FALSE),
(418, 16409, 4, 48, 1, 'fkticon_a_048', FALSE),
(419, 16399, 0, 1, 1, 'fkticon_a_001', FALSE),
(420, 16399, 2, 4, 0, 'fkticon_i_004', FALSE),
(421, 16399, 3, 8, 0, 'fkticon_i_008', FALSE),
(422, 16399, 4, 18, 0, 'fkticon_i_018', FALSE),
(423, 64, 0, 1, 1, 'fkticon_a_001', FALSE),
(424, 64, 3, 8, 0, 'fkticon_i_008', FALSE),
(425, 64, 4, 18, 0, 'fkticon_i_018', FALSE),
(426, 65, 0, 1, 1, 'fkticon_a_001', FALSE),
(427, 65, 3, 8, 1, 'fkticon_a_008', FALSE);           
INSERT INTO "jcs"."locomotive_functions" VALUES
(428, 65, 4, 18, 0, 'fkticon_i_018', FALSE),
(429, 11, 0, 1, 1, 'fkticon_a_001', FALSE),
(430, 11, 2, 8, 0, 'fkticon_i_008', FALSE),
(431, 11, 3, 18, 0, 'fkticon_i_018', FALSE),
(432, 11, 4, 18, 0, 'fkticon_i_018', FALSE),
(433, 15, 0, 1, 1, 'fkticon_a_001', FALSE),
(434, 15, 1, 51, 0, 'fkticon_i_051', FALSE),
(435, 15, 2, 52, 0, 'fkticon_i_052', FALSE),
(436, 15, 3, 53, 0, 'fkticon_i_053', FALSE),
(437, 15, 4, 54, 0, 'fkticon_i_054', FALSE),
(438, 15, 5, 55, 0, 'fkticon_i_055', FALSE),
(439, 15, 6, 56, 0, 'fkticon_i_056', FALSE),
(440, 15, 7, 57, 0, 'fkticon_i_057', FALSE),
(441, 16415, 0, 1, 1, 'fkticon_a_001', FALSE),
(442, 16415, 1, 48, 0, 'fkticon_i_048', FALSE),
(443, 16415, 2, 48, 0, 'fkticon_i_048', FALSE),
(444, 16415, 3, 8, 0, 'fkticon_i_008', FALSE),
(445, 16415, 4, 18, 0, 'fkticon_i_018', FALSE),
(446, 16415, 5, 42, 0, 'fkticon_i_042', FALSE),
(447, 16415, 6, 41, 0, 'fkticon_i_041', FALSE),
(448, 16415, 7, 118, 0, 'fkticon_i_118', FALSE),
(449, 39, 0, 1, 1, 'fkticon_a_001', FALSE),
(450, 39, 3, 8, 0, 'fkticon_i_008', FALSE),
(451, 39, 4, 18, 0, 'fkticon_i_018', FALSE),
(452, 49189, 0, 1, 1, 'fkticon_a_001', FALSE),
(453, 49189, 1, 118, 0, 'fkticon_i_118', FALSE),
(454, 49189, 2, 52, 0, 'fkticon_i_052', FALSE),
(455, 49189, 3, 8, 0, 'fkticon_i_008', FALSE),
(456, 49189, 4, 102, 0, 'fkticon_i_102', FALSE),
(457, 49189, 5, 42, 0, 'fkticon_i_042', FALSE),
(458, 49189, 6, 41, 0, 'fkticon_i_041', FALSE),
(459, 49189, 7, 47, 0, 'fkticon_i_047', FALSE),
(460, 16397, 0, 1, 1, 'fkticon_a_001', FALSE),
(461, 16397, 1, 118, 0, 'fkticon_i_118', FALSE),
(462, 16397, 3, 8, 0, 'fkticon_i_008', FALSE),
(463, 16397, 4, 18, 0, 'fkticon_i_018', FALSE),
(464, 16397, 5, 42, 0, 'fkticon_i_042', FALSE),
(465, 16397, 6, 42, 0, 'fkticon_i_042', FALSE),
(466, 16397, 7, 47, 0, 'fkticon_i_047', FALSE),
(467, 16397, 8, 199, 0, 'fkticon_i_199', FALSE),
(468, 16421, 0, 1, 1, 'fkticon_a_001', FALSE),
(469, 16421, 1, 47, 0, 'fkticon_i_047', FALSE),
(470, 16421, 2, 118, 0, 'fkticon_i_118', FALSE),
(471, 16421, 3, 8, 0, 'fkticon_i_008', FALSE),
(472, 16421, 4, 18, 0, 'fkticon_i_018', FALSE),
(473, 16421, 5, 42, 1, 'fkticon_a_042', FALSE),
(474, 16421, 6, 42, 0, 'fkticon_i_042', FALSE),
(475, 49156, 0, 1, 1, 'fkticon_a_001', FALSE),
(476, 49156, 1, 48, 1, 'fkticon_a_048', FALSE),
(477, 49156, 2, 48, 1, 'fkticon_a_048', FALSE),
(478, 49156, 3, 8, 0, 'fkticon_i_008', FALSE),
(479, 49156, 4, 18, 0, 'fkticon_i_018', FALSE),
(480, 16402, 0, 1, 1, 'fkticon_a_001', FALSE),
(481, 16402, 1, 32, 1, 'fkticon_a_032', FALSE),
(482, 16402, 2, 23, 0, 'fkticon_i_023', FALSE),
(483, 16402, 3, 251, 0, 'fkticon_i_251', FALSE),
(484, 16402, 4, 18, 0, 'fkticon_i_018', FALSE),
(485, 16402, 5, 20, 0, 'fkticon_i_020', FALSE),
(486, 16402, 6, 48, 0, 'fkticon_i_048', FALSE),
(487, 16402, 7, 251, 0, 'fkticon_i_251', FALSE),
(488, 16402, 8, 48, 0, 'fkticon_i_048', FALSE),
(489, 16402, 9, 125, 0, 'fkticon_i_125', FALSE),
(490, 16402, 10, 29, 0, 'fkticon_i_029', FALSE),
(491, 16402, 11, 13, 0, 'fkticon_i_013', FALSE),
(492, 16402, 12, 38, 1, 'fkticon_a_038', FALSE),
(493, 16402, 13, 126, 0, 'fkticon_i_126', FALSE),
(494, 16402, 14, 224, 0, 'fkticon_i_224', FALSE),
(495, 16402, 15, 112, 0, 'fkticon_i_112', FALSE),
(496, 16402, 16, 228, 0, 'fkticon_i_228', FALSE),
(497, 16402, 17, 108, 0, 'fkticon_i_108', TRUE),
(498, 16402, 18, 11, 0, 'fkticon_i_011', FALSE),
(499, 16402, 19, 28, 0, 'fkticon_i_028', TRUE),
(500, 16402, 20, 105, 0, 'fkticon_i_105', TRUE),
(501, 16402, 21, 105, 0, 'fkticon_i_105', TRUE),
(502, 16402, 22, 116, 0, 'fkticon_i_116', FALSE),
(503, 16402, 23, 92, 0, 'fkticon_i_092', TRUE),
(504, 16402, 24, 250, 0, 'fkticon_i_250', TRUE),
(505, 16402, 25, 250, 0, 'fkticon_i_250', TRUE),
(506, 16402, 26, 22, 0, 'fkticon_i_022', FALSE),
(507, 16402, 27, 37, 0, 'fkticon_i_037', FALSE),
(508, 16402, 28, 8, 0, 'fkticon_i_008', FALSE),
(509, 16402, 29, 25, 0, 'fkticon_i_025', TRUE),
(510, 16402, 30, 206, 0, 'fkticon_i_206', TRUE),
(511, 25, 0, 1, 0, 'fkticon_i_001', FALSE),
(512, 25, 1, 2, 1, 'fkticon_a_002', FALSE),
(513, 25, 3, 10, 0, 'fkticon_i_010', FALSE);            
INSERT INTO "jcs"."locomotive_functions" VALUES
(514, 25, 4, 18, 0, 'fkticon_i_018', FALSE),
(515, 16398, 0, 1, 0, 'fkticon_i_001', FALSE),
(516, 16398, 1, 32, 0, 'fkticon_i_032', FALSE),
(517, 16398, 2, 23, 0, 'fkticon_i_023', FALSE),
(518, 16398, 3, 10, 0, 'fkticon_i_010', FALSE),
(519, 16398, 4, 18, 0, 'fkticon_i_018', FALSE),
(520, 16398, 5, 20, 0, 'fkticon_i_020', FALSE),
(521, 16398, 6, 48, 0, 'fkticon_i_048', FALSE),
(522, 16398, 7, 10, 0, 'fkticon_i_010', FALSE),
(523, 16398, 8, 48, 0, 'fkticon_i_048', FALSE),
(524, 16398, 9, 125, 0, 'fkticon_i_125', FALSE),
(525, 16398, 10, 29, 0, 'fkticon_i_029', FALSE),
(526, 16398, 11, 34, 1, 'fkticon_a_034', FALSE),
(527, 16398, 12, 126, 0, 'fkticon_i_126', FALSE),
(528, 16398, 13, 2, 0, 'fkticon_i_002', FALSE),
(529, 16398, 14, 5, 0, 'fkticon_i_005', FALSE),
(530, 16398, 15, 112, 0, 'fkticon_i_112', FALSE),
(531, 16398, 16, 108, 0, 'fkticon_i_108', TRUE),
(532, 16398, 17, 11, 0, 'fkticon_i_011', FALSE),
(533, 16398, 18, 28, 0, 'fkticon_i_028', TRUE),
(534, 16398, 19, 116, 0, 'fkticon_i_116', FALSE),
(535, 16398, 20, 92, 0, 'fkticon_i_092', TRUE),
(536, 16398, 21, 10, 0, 'fkticon_i_010', TRUE),
(537, 16398, 22, 10, 0, 'fkticon_i_010', TRUE),
(538, 16398, 23, 25, 0, 'fkticon_i_025', TRUE),
(539, 16398, 24, 37, 0, 'fkticon_i_037', FALSE),
(540, 16398, 25, 8, 0, 'fkticon_i_008', FALSE),
(541, 16398, 26, 25, 0, 'fkticon_i_025', TRUE),
(542, 16398, 27, 45, 0, 'fkticon_i_045', TRUE),
(543, 16422, 0, 1, 1, 'fkticon_a_001', FALSE),
(544, 16422, 1, 105, 0, 'fkticon_i_105', FALSE),
(545, 16422, 3, 8, 0, 'fkticon_i_008', FALSE),
(546, 16422, 4, 18, 0, 'fkticon_i_018', FALSE),
(547, 16422, 5, 42, 0, 'fkticon_i_042', FALSE),
(548, 16422, 6, 41, 0, 'fkticon_i_041', FALSE),
(549, 16412, 0, 1, 1, 'fkticon_a_001', FALSE),
(550, 16412, 1, 7, 0, 'fkticon_i_007', FALSE),
(551, 16412, 2, 23, 0, 'fkticon_i_023', FALSE),
(552, 16412, 3, 8, 0, 'fkticon_i_008', FALSE),
(553, 16412, 4, 18, 0, 'fkticon_i_018', FALSE),
(554, 16412, 5, 12, 0, 'fkticon_i_012', TRUE),
(555, 16412, 6, 12, 0, 'fkticon_i_012', FALSE),
(556, 16412, 7, 26, 0, 'fkticon_i_026', FALSE),
(557, 16412, 8, 201, 0, 'fkticon_i_201', FALSE),
(558, 16412, 9, 13, 0, 'fkticon_i_013', FALSE),
(559, 16412, 10, 111, 0, 'fkticon_i_111', FALSE),
(560, 16412, 11, 36, 0, 'fkticon_i_036', FALSE),
(561, 16412, 12, 45, 0, 'fkticon_i_045', TRUE),
(562, 16412, 13, 45, 0, 'fkticon_i_045', TRUE),
(563, 16412, 14, 122, 0, 'fkticon_i_122', TRUE),
(564, 16414, 0, 1, 0, 'fkticon_i_001', FALSE),
(565, 16414, 1, 7, 0, 'fkticon_i_007', FALSE),
(566, 16414, 2, 23, 0, 'fkticon_i_023', FALSE),
(567, 16414, 3, 8, 0, 'fkticon_i_008', FALSE),
(568, 16414, 4, 18, 0, 'fkticon_i_018', FALSE),
(569, 16414, 5, 12, 0, 'fkticon_i_012', TRUE),
(570, 16414, 6, 12, 0, 'fkticon_i_012', FALSE),
(571, 16414, 7, 26, 0, 'fkticon_i_026', FALSE),
(572, 16414, 8, 201, 0, 'fkticon_i_201', FALSE),
(573, 16414, 9, 13, 0, 'fkticon_i_013', FALSE),
(574, 16414, 10, 111, 0, 'fkticon_i_111', FALSE),
(575, 16414, 11, 36, 0, 'fkticon_i_036', FALSE),
(576, 16414, 12, 45, 0, 'fkticon_i_045', TRUE),
(577, 16414, 13, 45, 0, 'fkticon_i_045', TRUE),
(578, 16414, 14, 122, 0, 'fkticon_i_122', TRUE),
(579, 16414, 15, 37, 0, 'fkticon_i_037', FALSE),
(580, 16420, 0, 1, 1, 'fkticon_a_001', FALSE),
(581, 16420, 1, 12, 0, 'fkticon_i_012', TRUE),
(582, 16420, 2, 23, 0, 'fkticon_i_023', FALSE),
(583, 16420, 3, 8, 0, 'fkticon_i_008', FALSE),
(584, 16420, 4, 18, 0, 'fkticon_i_018', FALSE),
(585, 16420, 5, 41, 0, 'fkticon_i_041', FALSE),
(586, 16420, 6, 42, 0, 'fkticon_i_042', FALSE),
(587, 16420, 7, 12, 0, 'fkticon_i_012', FALSE),
(588, 16420, 8, 141, 0, 'fkticon_i_141', FALSE),
(589, 16420, 9, 20, 0, 'fkticon_i_020', FALSE),
(590, 16420, 10, 112, 1, 'fkticon_a_112', FALSE),
(591, 16420, 11, 134, 0, 'fkticon_i_134', TRUE),
(592, 16420, 12, 25, 0, 'fkticon_i_025', TRUE),
(593, 16420, 13, 29, 0, 'fkticon_i_029', FALSE),
(594, 16420, 14, 101, 0, 'fkticon_i_101', FALSE),
(595, 16420, 15, 129, 0, 'fkticon_i_129', FALSE),
(596, 16420, 16, 108, 0, 'fkticon_i_108', TRUE),
(597, 16420, 17, 37, 0, 'fkticon_i_037', FALSE),
(598, 16420, 18, 92, 0, 'fkticon_i_092', TRUE);              
INSERT INTO "jcs"."locomotive_functions" VALUES
(599, 16420, 19, 242, 0, 'fkticon_i_242', FALSE),
(600, 16420, 20, 89, 0, 'fkticon_i_089', FALSE),
(601, 16420, 21, 11, 0, 'fkticon_i_011', TRUE),
(602, 16420, 22, 6, 0, 'fkticon_i_006', FALSE),
(603, 16420, 23, 5, 0, 'fkticon_i_005', FALSE),
(604, 16420, 24, 28, 0, 'fkticon_i_028', FALSE),
(605, 16405, 0, 1, 1, 'fkticon_a_001', FALSE),
(606, 16405, 1, 12, 0, 'fkticon_i_012', TRUE),
(607, 16405, 2, 5, 0, 'fkticon_i_005', FALSE),
(608, 16405, 3, 8, 0, 'fkticon_i_008', FALSE),
(609, 16405, 4, 18, 0, 'fkticon_i_018', FALSE),
(610, 16405, 5, 118, 0, 'fkticon_i_118', FALSE),
(611, 16405, 6, 4, 0, 'fkticon_i_004', FALSE),
(612, 16405, 7, 2, 0, 'fkticon_i_002', FALSE),
(613, 16405, 8, 252, 0, 'fkticon_i_252', TRUE),
(614, 16405, 9, 252, 0, 'fkticon_i_252', TRUE),
(615, 16405, 10, 29, 0, 'fkticon_i_029', FALSE),
(616, 16405, 11, 116, 0, 'fkticon_i_116', FALSE),
(617, 16405, 12, 129, 0, 'fkticon_i_129', FALSE),
(618, 16405, 13, 108, 0, 'fkticon_i_108', FALSE),
(619, 16405, 14, 11, 0, 'fkticon_i_011', TRUE),
(620, 16405, 15, 43, 0, 'fkticon_i_043', TRUE),
(621, 16405, 16, 25, 0, 'fkticon_i_025', FALSE),
(622, 16405, 17, 45, 0, 'fkticon_i_045', FALSE),
(623, 16405, 18, 20, 0, 'fkticon_i_020', FALSE),
(624, 16405, 19, 28, 0, 'fkticon_i_028', FALSE),
(625, 16405, 20, 5, 0, 'fkticon_i_005', TRUE),
(626, 16405, 21, 6, 0, 'fkticon_i_006', FALSE),
(627, 16405, 22, 103, 0, 'fkticon_i_103', FALSE),
(628, 16405, 23, 37, 0, 'fkticon_i_037', FALSE),
(629, 16405, 25, 42, 0, 'fkticon_i_042', FALSE),
(630, 16405, 26, 41, 0, 'fkticon_i_041', FALSE),
(631, 16405, 27, 103, 0, 'fkticon_i_103', FALSE),
(632, 16405, 28, 103, 0, 'fkticon_i_103', FALSE),
(633, 16405, 29, 103, 0, 'fkticon_i_103', FALSE),
(634, 16389, 0, 282, 1, 'fkticon_a_282', FALSE),
(635, 16389, 1, 23, 0, 'fkticon_i_023', FALSE),
(636, 16389, 2, 251, 0, 'fkticon_i_251', TRUE),
(637, 16389, 3, 37, 0, 'fkticon_i_037', FALSE),
(638, 16389, 4, 28, 0, 'fkticon_i_028', TRUE),
(639, 16389, 5, 2, 1, 'fkticon_a_002', FALSE),
(640, 16389, 6, 8, 0, 'fkticon_i_008', FALSE),
(641, 16389, 7, 11, 0, 'fkticon_i_011', TRUE),
(642, 16389, 8, 25, 0, 'fkticon_i_025', TRUE),
(643, 16389, 9, 125, 0, 'fkticon_i_125', FALSE),
(644, 16389, 10, 5, 0, 'fkticon_i_005', TRUE),
(645, 16389, 11, 48, 0, 'fkticon_i_048', FALSE),
(646, 16389, 12, 18, 0, 'fkticon_i_018', FALSE),
(647, 16389, 13, 10, 0, 'fkticon_i_010', TRUE),
(648, 16389, 14, 28, 0, 'fkticon_i_028', TRUE),
(649, 16425, 0, 1, 1, 'fkticon_a_001', FALSE),
(650, 16425, 1, 126, 0, 'fkticon_i_126', FALSE),
(651, 16425, 2, 23, 0, 'fkticon_i_023', FALSE),
(652, 16425, 3, 251, 0, 'fkticon_i_251', FALSE),
(653, 16425, 4, 18, 0, 'fkticon_i_018', FALSE),
(654, 16425, 5, 20, 0, 'fkticon_i_020', FALSE),
(655, 16425, 6, 48, 0, 'fkticon_i_048', FALSE),
(656, 16425, 7, 251, 0, 'fkticon_i_251', FALSE),
(657, 16425, 8, 48, 0, 'fkticon_i_048', FALSE),
(658, 16425, 9, 11, 0, 'fkticon_i_011', FALSE),
(659, 16425, 10, 41, 0, 'fkticon_i_041', FALSE),
(660, 16425, 11, 42, 0, 'fkticon_i_042', FALSE),
(661, 16425, 12, 29, 0, 'fkticon_i_029', FALSE),
(662, 16425, 13, 116, 0, 'fkticon_i_116', FALSE),
(663, 16425, 14, 92, 0, 'fkticon_i_092', TRUE),
(664, 16425, 15, 112, 0, 'fkticon_i_112', FALSE),
(665, 16425, 16, 101, 0, 'fkticon_i_101', FALSE),
(666, 16425, 17, 108, 0, 'fkticon_i_108', TRUE),
(667, 16425, 18, 37, 0, 'fkticon_i_037', FALSE),
(668, 16425, 19, 43, 0, 'fkticon_i_043', FALSE),
(669, 16425, 20, 44, 0, 'fkticon_i_044', TRUE),
(670, 16425, 21, 8, 0, 'fkticon_i_008', FALSE),
(671, 16425, 22, 132, 0, 'fkticon_i_132', TRUE),
(672, 16425, 23, 132, 0, 'fkticon_i_132', TRUE),
(673, 16425, 24, 25, 0, 'fkticon_i_025', TRUE),
(674, 16425, 25, 272, 0, 'fkticon_i_272', FALSE),
(675, 49166, 0, 1, 1, 'fkticon_a_001', FALSE),
(676, 49166, 1, 42, 0, 'fkticon_i_042', FALSE),
(677, 49166, 2, 41, 0, 'fkticon_i_041', FALSE),
(678, 49166, 3, 8, 0, 'fkticon_i_008', FALSE),
(679, 49166, 4, 18, 0, 'fkticon_i_018', FALSE),
(680, 49166, 5, 47, 0, 'fkticon_i_047', FALSE),
(681, 49166, 6, 56, 0, 'fkticon_i_056', FALSE),
(682, 49166, 7, 57, 0, 'fkticon_i_057', FALSE);              
CREATE UNIQUE NULLS DISTINCT INDEX "jcs"."lofu_pk_idx" ON "jcs"."locomotive_functions"("id" NULLS FIRST);      
CREATE UNIQUE NULLS DISTINCT INDEX "jcs"."lofu_loid_fnum_un_idx" ON "jcs"."locomotive_functions"("locomotive_id" NULLS FIRST, "f_number" NULLS FIRST);         
CREATE CACHED TABLE "jcs"."locomotives"(
    "id" BIGINT NOT NULL,
    "name" CHARACTER VARYING(255) NOT NULL,
    "uid" BIGINT,
    "address" INTEGER NOT NULL,
    "icon" CHARACTER VARYING(255),
    "decoder_type" CHARACTER VARYING(255) NOT NULL,
    "tacho_max" INTEGER,
    "v_min" INTEGER,
    "velocity" INTEGER,
    "synchronize" BOOLEAN DEFAULT FALSE NOT NULL,
    "imported" CHARACTER VARYING(255),
    "commuter" BOOLEAN DEFAULT FALSE NOT NULL,
    "show" BOOLEAN DEFAULT TRUE NOT NULL,
    "command_station_id" CHARACTER VARYING(255) NOT NULL,
    "dispatcher_direction" CHARACTER VARYING(255),
    "locomotive_direction" CHARACTER VARYING(255),
    "speed_1" INTEGER,
    "speed_2" INTEGER,
    "speed_3" INTEGER,
    "speed_4" INTEGER
);  
ALTER TABLE "jcs"."locomotives" ADD CONSTRAINT "jcs"."loco_pk" PRIMARY KEY("id");              
-- 50 +/- SELECT COUNT(*) FROM jcs.locomotives;
INSERT INTO "jcs"."locomotives" VALUES
(3, 'BR 03 1022', 3, 3, '/Users/fransjacobs/jcs/cache/cs/db br 03 1022.png', 'mm', 120, 0, 0, TRUE, 'CS', FALSE, TRUE, 'marklin.cs', NULL, 'FORWARDS', NULL, NULL, NULL, NULL),
(11, 'MM Lok 11', 11, 11, '/Users/fransjacobs/jcs/cache/cs/ns 1211.png', 'mm', 120, 0, 0, TRUE, 'Manual Updated', FALSE, FALSE, 'marklin.cs', NULL, 'FORWARDS', NULL, NULL, NULL, NULL),
(15, 'Motorpost', 15, 15, '/Users/fransjacobs/jcs/cache/cs/ns 3020 ptt post.png', 'mm', 120, 0, 0, TRUE, 'Manual Updated', TRUE, FALSE, 'marklin.cs', NULL, 'FORWARDS', NULL, NULL, NULL, NULL),
(16, 'BR 216', 16, 16, '/Users/fransjacobs/jcs/cache/cs/db br 216 176-8.png', 'mm', 120, 0, 0, TRUE, 'Manual Updated', FALSE, FALSE, 'marklin.cs', NULL, 'FORWARDS', NULL, NULL, NULL, NULL),
(25, 'POLIZEI', 25, 25, '/Users/fransjacobs/jcs/cache/cs/mae er 20 polizei.png', 'mm', 120, 0, 0, TRUE, 'Manual Updated', FALSE, FALSE, 'marklin.cs', NULL, 'FORWARDS', NULL, NULL, NULL, NULL),
(39, 'NS 1631', 39, 39, '/Users/fransjacobs/jcs/cache/cs/ns 1652.png', 'mm', 120, 0, 0, TRUE, 'Manual Updated', FALSE, FALSE, 'marklin.cs', NULL, 'FORWARDS', NULL, NULL, NULL, NULL),
(41, 'E 41024', 41, 41, '/Users/fransjacobs/jcs/cache/cs/db e 41 012.png', 'mm', 120, 0, 0, TRUE, 'Manual Updated', FALSE, FALSE, 'marklin.cs', NULL, 'FORWARDS', NULL, NULL, NULL, NULL),
(61, 'BR 610', 61, 61, '/Users/fransjacobs/jcs/cache/cs/db br 610 015-0.png', 'mm', 120, 0, 0, TRUE, 'Manual Updated', FALSE, FALSE, 'marklin.cs', NULL, 'FORWARDS', NULL, NULL, NULL, NULL),
(64, 'MAK NL', 64, 64, '/Users/fransjacobs/jcs/cache/cs/ns mak 1206 carin.png', 'mm', 120, 0, 0, TRUE, 'Manual Updated', FALSE, FALSE, 'marklin.cs', NULL, 'FORWARDS', NULL, NULL, NULL, NULL),
(65, 'MAK NL (2)', 65, 65, '/Users/fransjacobs/jcs/cache/cs/ns mak 1206 carin.png', 'mm', 120, 0, 0, TRUE, 'CS', FALSE, TRUE, 'marklin.cs', NULL, 'FORWARDS', NULL, NULL, NULL, NULL),
(77, 'GOLIATH', 77, 77, '/Users/fransjacobs/jcs/cache/cs/db kran goliath rot.png', 'mm', 120, 0, 0, TRUE, 'Manual Updated', FALSE, FALSE, 'marklin.cs', NULL, 'FORWARDS', NULL, NULL, NULL, NULL),
(16389, 'SVT 137', 5, 5, '/Users/fransjacobs/jcs/cache/cs/drg svt 137 150.png', 'mfx', 100, 3, 0, TRUE, 'Manual Updated', TRUE, TRUE, 'marklin.cs', NULL, 'FORWARDS', NULL, NULL, NULL, NULL),
(16390, 'GG1PRR', 16390, 6, 'GG1PRR', 'mfx', 100, 3, 0, TRUE, 'CS', FALSE, TRUE, 'marklin.cs', NULL, 'FORWARDS', NULL, NULL, NULL, NULL),
(16391, 'BR 50 2362', 7, 7, '/Users/fransjacobs/jcs/cache/cs/db br 50 1965.png', 'mfx', 100, 3, 0, TRUE, 'Manual Updated', FALSE, FALSE, 'marklin.cs', NULL, 'FORWARDS', NULL, NULL, NULL, NULL),
(16392, ' RABe 501 003', 16392, 8, '/Users/fransjacobs/jcs/cache/cs/sbb rabe 501 giruno.png', 'mfx+', 250, 5, 0, TRUE, 'CS', FALSE, TRUE, 'marklin.cs', NULL, 'FORWARDS', NULL, NULL, NULL, NULL),
(16393, '152 119-4 DBAG', 9, 9, '/Users/fransjacobs/jcs/cache/cs/db br 152 119-4.png', 'mfx+', 140, 4, 0, TRUE, 'Manual Updated', FALSE, FALSE, 'marklin.cs', NULL, 'FORWARDS', NULL, NULL, NULL, NULL),
(16394, 'DHG 700 VW', 10, 10, '/Users/fransjacobs/jcs/cache/cs/dhg 700 vw.png', 'mfx', 100, 3, 0, TRUE, 'Manual Updated', FALSE, FALSE, 'marklin.cs', NULL, 'FORWARDS', NULL, NULL, NULL, NULL),
(16395, 'E 186 007-8 NS', 11, 11, '/Users/fransjacobs/jcs/cache/cs/ns 186 012-8.png', 'mfx', 140, 5, 0, TRUE, 'Manual Updated', FALSE, FALSE, 'marklin.cs', NULL, 'FORWARDS', NULL, NULL, NULL, NULL),
(16396, 'BR 260 417-1', 12, 12, '/Users/fransjacobs/jcs/cache/cs/db br 260 423-9 i.png', 'mfx', 100, 3, 0, TRUE, 'Manual Updated', FALSE, FALSE, 'marklin.cs', NULL, 'FORWARDS', NULL, NULL, NULL, NULL),
(16397, 'NS 1855', 16397, 13, '/Users/fransjacobs/jcs/cache/cs/ns 1855.png', 'mfx', 100, 3, 0, TRUE, 'CS', FALSE, TRUE, 'marklin.cs', NULL, 'FORWARDS', NULL, NULL, NULL, NULL),
(16398, 'RAm TEE 501 SBB', 14, 14, '/Users/fransjacobs/jcs/cache/cs/sbb ram edelweiss.png', 'mfx', 140, 6, 0, TRUE, 'Manual Updated', TRUE, FALSE, 'marklin.cs', NULL, 'FORWARDS', NULL, NULL, NULL, NULL),
(16399, 'ICE 406 353-3', 15, 15, '/Users/fransjacobs/jcs/cache/cs/db br 406 ice 3 mf.png', 'mfx', 100, 3, 0, TRUE, 'Manual Updated', FALSE, FALSE, 'marklin.cs', NULL, 'FORWARDS', NULL, NULL, NULL, NULL);    
INSERT INTO "jcs"."locomotives" VALUES
(16400, 'BR 610 514-2', 16, 16, '/Users/fransjacobs/jcs/cache/cs/db br 628 350-8.png', 'mfx', 100, 3, 0, TRUE, 'Manual Updated', FALSE, FALSE, 'marklin.cs', NULL, 'FORWARDS', NULL, NULL, NULL, NULL),
(16401, 'BR 221 104-3', 17, 17, '/Users/fransjacobs/jcs/cache/cs/db br 221 120-9.png', 'mfx', 100, 3, 0, TRUE, 'Manual Updated', FALSE, FALSE, 'marklin.cs', NULL, 'FORWARDS', NULL, NULL, NULL, NULL),
(16402, 'Northlander ONR', 16402, 18, '/Users/fransjacobs/jcs/cache/cs/onr nothlander.png', 'mfx+', 140, 6, 0, TRUE, 'CS', FALSE, TRUE, 'marklin.cs', NULL, 'FORWARDS', NULL, NULL, NULL, NULL),
(16404, '193 733-3 NS', 20, 20, '/Users/fransjacobs/jcs/cache/cs/ns 193 733-3.png', 'mfx+', 160, 4, 0, TRUE, 'Manual Updated', FALSE, FALSE, 'marklin.cs', NULL, 'FORWARDS', NULL, NULL, NULL, NULL),
(16405, 'SBB Re 4/4 II', 21, 21, '/Users/fransjacobs/jcs/cache/cs/sbb re 420 227-1.png', 'mfx', 100, 3, 0, TRUE, 'Manual Updated', FALSE, FALSE, 'marklin.cs', NULL, 'FORWARDS', NULL, NULL, NULL, NULL),
(16406, '241 A 004 EST', 22, 22, '/Users/fransjacobs/jcs/cache/cs/est 241-004.png', 'mfx', 110, 4, 0, TRUE, 'Manual Updated', FALSE, TRUE, 'marklin.cs', NULL, 'FORWARDS', NULL, NULL, NULL, NULL),
(16407, 'Hondekop 4', 23, 23, 'hondekop-4', 'mfx', 100, 3, 0, TRUE, 'Manual Updated', TRUE, TRUE, 'marklin.cs', NULL, 'FORWARDS', NULL, NULL, NULL, NULL),
(16408, '561-05 RRF', 24, 24, 'RFF_39061', 'mfx+', 120, 5, 0, TRUE, 'Manual Updated', FALSE, FALSE, 'marklin.cs', NULL, 'FORWARDS', NULL, NULL, NULL, NULL),
(16409, 'IC2 DoSto-Wagen', 25, 25, '/Users/fransjacobs/jcs/cache/cs/db pbfza 2 ic2 dosto steuerw.png', 'mfx', 100, 1, 0, TRUE, 'Manual Updated', FALSE, FALSE, 'marklin.cs', NULL, 'FORWARDS', NULL, NULL, NULL, NULL),
(16410, '146 575-6 IC DB', 16410, 26, '/Users/fransjacobs/jcs/cache/cs/db br 146 575-6.png', 'mfx+', 160, 3, 0, TRUE, 'CS', FALSE, TRUE, 'marklin.cs', NULL, 'FORWARDS', NULL, NULL, NULL, NULL),
(16411, 'BR 81-002', 16411, 27, '/Users/fransjacobs/jcs/cache/cs/db br 81 001.png', 'mfx', 100, 3, 0, TRUE, 'CS', FALSE, TRUE, 'marklin.cs', NULL, 'FORWARDS', NULL, NULL, NULL, NULL),
(16412, 'Rheingold 1', 16412, 28, '/Users/fransjacobs/jcs/cache/cs/db br 18 473.png', 'mfx', 81, 4, 0, TRUE, 'CS', FALSE, TRUE, 'marklin.cs', NULL, 'FORWARDS', NULL, NULL, NULL, NULL),
(16413, '247 047-4 DB', 29, 29, '247 047-4 DB', 'mfx+', 120, 5, 0, TRUE, 'Manual Updated', FALSE, FALSE, 'marklin.cs', NULL, 'FORWARDS', NULL, NULL, NULL, NULL),
(16414, 'Rheingold 2', 30, 30, '/Users/fransjacobs/jcs/cache/cs/db br 18 505.png', 'mfx', 81, 4, 0, TRUE, 'Manual Updated', FALSE, FALSE, 'marklin.cs', NULL, 'FORWARDS', NULL, NULL, NULL, NULL),
(16415, 'NS 1139', 31, 31, '/Users/fransjacobs/jcs/cache/cs/ns 1136.png', 'mfx', 140, 6, 0, TRUE, 'Manual Updated', FALSE, FALSE, 'marklin.cs', NULL, 'FORWARDS', NULL, NULL, NULL, NULL),
(16416, 'BR 44 690', 32, 32, '/Users/fransjacobs/jcs/cache/cs/db br 44 100 alt.png', 'mfx', 80, 5, 0, TRUE, 'Manual Updated', FALSE, FALSE, 'marklin.cs', NULL, 'FORWARDS', NULL, NULL, NULL, NULL),
(16417, 'Bpmbdzf 107-5', 33, 33, '/Users/fransjacobs/jcs/cache/cs/db bpmbdzf 296.1.png', 'mfx', 121, 4, 0, TRUE, 'Manual Updated', FALSE, FALSE, 'marklin.cs', NULL, 'FORWARDS', NULL, NULL, NULL, NULL),
(16418, '66 K714 CFL', 16418, 34, '/Users/fransjacobs/jcs/cache/cs/cfl t66 k714.png', 'mfx+', 120, 5, 0, TRUE, 'CS', FALSE, TRUE, 'marklin.cs', NULL, 'FORWARDS', NULL, NULL, NULL, NULL),
(16419, 'BR 01-097', 35, 35, '/Users/fransjacobs/jcs/cache/cs/db br 01 047.png', 'mfx', 120, 4, 0, TRUE, 'Manual Updated', FALSE, FALSE, 'marklin.cs', NULL, 'FORWARDS', NULL, NULL, NULL, NULL),
(16420, 'SBB Ce 6/8 14305', 16420, 36, '/Users/fransjacobs/jcs/cache/cs/sbb ce 6_8 14305 hist.png', 'mfx', 75, 2, 0, TRUE, 'CS', FALSE, TRUE, 'marklin.cs', NULL, 'FORWARDS', NULL, NULL, NULL, NULL),
(16421, 'NS 6505', 37, 37, '/Users/fransjacobs/jcs/cache/cs/ns dhg 6505.png', 'mfx', 100, 3, 0, TRUE, 'Manual Updated', FALSE, FALSE, 'marklin.cs', NULL, 'FORWARDS', NULL, NULL, NULL, NULL),
(16422, 'RE 460 004-5', 38, 38, '/Users/fransjacobs/jcs/cache/cs/sbb re 460 006-0.png', 'mfx', 160, 3, 0, TRUE, 'Manual Updated', FALSE, FALSE, 'marklin.cs', NULL, 'FORWARDS', NULL, NULL, NULL, NULL);      
INSERT INTO "jcs"."locomotives" VALUES
(16423, 'BR 81-004', 16423, 39, '/Users/fransjacobs/jcs/cache/cs/db br 81 001.png', 'mfx', 100, 3, 0, TRUE, 'CS', FALSE, TRUE, 'marklin.cs', NULL, 'FORWARDS', NULL, NULL, NULL, NULL),
(16424, 'DB 640 017-9', 40, 40, '/Users/fransjacobs/jcs/cache/cs/db br 640 017-9.png', 'mfx', 100, 8, 0, TRUE, 'Manual Updated', TRUE, TRUE, 'marklin.cs', NULL, 'FORWARDS', NULL, NULL, NULL, NULL),
(16425, 'Serie 1108 NS', 41, 41, '/Users/fransjacobs/jcs/cache/cs/ns 1108.png', 'mfx+', 125, 5, 0, TRUE, 'Manual Updated', FALSE, TRUE, 'marklin.cs', NULL, 'FORWARDS', NULL, NULL, NULL, NULL),
(49156, 'NS Sprinter', 4, 4, 'NS Sprinter', 'dcc', 121, 13, 0, TRUE, 'Manual Updated', FALSE, FALSE, 'marklin.cs', NULL, 'FORWARDS', NULL, NULL, NULL, NULL),
(49166, 'V36 236 002', 14, 14, '/Users/fransjacobs/jcs/cache/cs/fs d.236.002.png', 'dcc', 80, 0, 0, TRUE, 'Manual Updated', FALSE, FALSE, 'marklin.cs', NULL, 'FORWARDS', NULL, NULL, NULL, NULL),
(49189, 'NS 1720', 37, 37, '/Users/fransjacobs/jcs/cache/cs/ns 1714.png', 'dcc', 120, 0, 0, TRUE, 'Manual Updated', FALSE, FALSE, 'marklin.cs', NULL, 'FORWARDS', NULL, NULL, NULL, NULL);              
CREATE UNIQUE NULLS DISTINCT INDEX "jcs"."loco_pk_idx" ON "jcs"."locomotives"("id" NULLS FIRST);               
CREATE CACHED TABLE "jcs"."command_stations"(
    "id" CHARACTER VARYING(255) NOT NULL,
    "description" CHARACTER VARYING(255) NOT NULL,
    "short_name" CHARACTER VARYING(255) NOT NULL,
    "class_name" CHARACTER VARYING(255) NOT NULL,
    "connect_via" CHARACTER VARYING(255) NOT NULL,
    "serial_port" CHARACTER VARYING(255),
    "ip_address" CHARACTER VARYING(255),
    "network_port" INTEGER,
    "ip_auto_conf" BOOLEAN DEFAULT FALSE NOT NULL,
    "supports_decoder_control" BOOLEAN DEFAULT TRUE NOT NULL,
    "supports_accessory_control" BOOLEAN DEFAULT TRUE NOT NULL,
    "supports_feedback" BOOLEAN DEFAULT TRUE NOT NULL,
    "supports_loco_synch" BOOLEAN DEFAULT FALSE NOT NULL,
    "supports_accessory_synch" BOOLEAN DEFAULT FALSE NOT NULL,
    "supports_loco_image_synch" BOOLEAN DEFAULT FALSE NOT NULL,
    "supports_loco_function_synch" BOOLEAN DEFAULT FALSE NOT NULL,
    "protocols" CHARACTER VARYING(255) DEFAULT 'DCC' NOT NULL,
    "default_cs" BOOLEAN DEFAULT FALSE NOT NULL,
    "enabled" BOOLEAN DEFAULT FALSE NOT NULL,
    "last_used_serial" CHARACTER VARYING(255),
    "sup_conn_types" CHARACTER VARYING(255) NOT NULL,
    "feedback_module_id" CHARACTER VARYING(255),
    "feedback_bus_count" INTEGER,
    "feedback_bus_0_module_count" INTEGER,
    "feedback_bus_1_module_count" INTEGER,
    "feedback_bus_2_module_count" INTEGER,
    "feedback_bus_3_module_count" INTEGER,
    "virtual" BOOLEAN DEFAULT FALSE NOT NULL
);         
ALTER TABLE "jcs"."command_stations" ADD CONSTRAINT "jcs"."command_station_pk" PRIMARY KEY("id");              
-- 5 +/- SELECT COUNT(*) FROM jcs.command_stations;            
INSERT INTO "jcs"."command_stations" VALUES
('marklin.cs', 'Marklin Central Station 2/3', 'CS', 'jcs.commandStation.marklin.cs.MarklinCentralStationImpl', 'NETWORK', NULL, '192.168.178.87', 15731, TRUE, TRUE, TRUE, TRUE, TRUE, TRUE, TRUE, TRUE, 'DCC,MFX,MM', TRUE, TRUE, NULL, 'NETWORK', NULL, NULL, NULL, NULL, NULL, NULL, FALSE),
('dcc-ex', 'DCC-EX', 'dcc-ex', 'jcs.commandStation.dccex.DccExCommandStationImpl', 'NETWORK', NULL, NULL, 2560, FALSE, TRUE, TRUE, FALSE, FALSE, FALSE, FALSE, FALSE, 'DCC', FALSE, FALSE, NULL, 'NETWORK,SERIAL', NULL, NULL, NULL, NULL, NULL, NULL, FALSE),
('hsi-s88', 'HSI S88', 'HSI', 'jcs.commandStation.hsis88.HSIImpl', 'SERIAL', NULL, NULL, 0, FALSE, FALSE, FALSE, TRUE, FALSE, FALSE, FALSE, FALSE, '', FALSE, FALSE, NULL, 'SERIAL', '0', 1, 6, 0, 0, 0, FALSE),
('virtual', 'Virtual CS', 'VIR', 'jcs.commandStation.virtual.VirtualCommandStationImpl', 'NETWORK', NULL, '127.0.0.1', 0, FALSE, TRUE, TRUE, TRUE, FALSE, FALSE, FALSE, FALSE, 'dcc', FALSE, FALSE, '1', 'NETWORK', '0', 1, 1, 0, 0, 0, TRUE),
('esu-ecos', 'ESU ECoS', 'ECoS', 'jcs.commandStation.esu.ecos.EsuEcosCommandStationImpl', 'NETWORK', NULL, NULL, 15471, TRUE, TRUE, TRUE, TRUE, TRUE, TRUE, TRUE, TRUE, 'DCC,MFX,MM', FALSE, FALSE, '1', 'NETWORK', '0', 0, 0, 0, 0, 0, FALSE);     
CREATE UNIQUE NULLS DISTINCT INDEX "jcs"."command_station_pk_idx" ON "jcs"."command_stations"("id" NULLS FIRST);               
CREATE CACHED TABLE "jcs"."routes"(
    "id" CHARACTER VARYING(255) NOT NULL,
    "from_tile_id" CHARACTER VARYING(255) NOT NULL,
    "from_suffix" CHARACTER VARYING(255) NOT NULL,
    "to_tile_id" CHARACTER VARYING(255) NOT NULL,
    "to_suffix" CHARACTER VARYING(255) NOT NULL,
    "route_color" CHARACTER VARYING(255),
    "locked" BOOLEAN DEFAULT FALSE NOT NULL,
    "status" CHARACTER VARYING(255),
    "departure_signal_value" CHARACTER VARYING(255)
);     
ALTER TABLE "jcs"."routes" ADD CONSTRAINT "jcs"."rout_pk" PRIMARY KEY("id");   
-- 0 +/- SELECT COUNT(*) FROM jcs.routes;      
CREATE UNIQUE NULLS DISTINCT INDEX "jcs"."rout_pk_idx" ON "jcs"."routes"("id" NULLS FIRST);    
CREATE UNIQUE NULLS DISTINCT INDEX "jcs"."rout_from_to_un_idx" ON "jcs"."routes"("from_tile_id" NULLS FIRST, "from_suffix" NULLS FIRST, "to_tile_id" NULLS FIRST, "to_suffix" NULLS FIRST);    
CREATE CACHED TABLE "jcs"."route_elements"(
    "id" BIGINT GENERATED BY DEFAULT AS IDENTITY(START WITH 1 RESTART WITH 2770) SELECTIVITY 100 NOT NULL,
    "route_id" CHARACTER VARYING(255) SELECTIVITY 5 NOT NULL,
    "node_id" CHARACTER VARYING(255) SELECTIVITY 42 NOT NULL,
    "tile_id" CHARACTER VARYING(255) SELECTIVITY 38 NOT NULL,
    "accessory_value" CHARACTER VARYING(255) SELECTIVITY 1,
    "order_seq" INTEGER DEFAULT 0 SELECTIVITY 5 NOT NULL,
    "incoming_side" CHARACTER VARYING(255) SELECTIVITY 1
);             
ALTER TABLE "jcs"."route_elements" ADD CONSTRAINT "jcs"."roel_pk" PRIMARY KEY("id");           
-- 0 +/- SELECT COUNT(*) FROM jcs.route_elements;              
CREATE UNIQUE NULLS DISTINCT INDEX "jcs"."roel_pk_idx" ON "jcs"."route_elements"("id" NULLS FIRST);            
CREATE UNIQUE NULLS DISTINCT INDEX "jcs"."roel_rout_node_tile_un_idx" ON "jcs"."route_elements"("route_id" NULLS FIRST, "node_id" NULLS FIRST, "tile_id" NULLS FIRST);         
CREATE CACHED TABLE "jcs"."jcs_properties"(
    "p_key" CHARACTER VARYING(255) NOT NULL,
    "p_value" CHARACTER VARYING(255) NOT NULL
);      
ALTER TABLE "jcs"."jcs_properties" ADD CONSTRAINT "jcs"."prop_pk" PRIMARY KEY("p_key");        
-- 3 +/- SELECT COUNT(*) FROM jcs.jcs_properties;              
INSERT INTO "jcs"."jcs_properties" VALUES
('jcs.version', '1.0.0'),
('jcs.db.version', '1.0.0'),
('default.switchtime', '500');
CREATE UNIQUE NULLS DISTINCT INDEX "jcs"."prop_pk_idx" ON "jcs"."jcs_properties"("p_key" NULLS FIRST);         
CREATE CACHED TABLE "jcs"."jcs_version"(
    "db_version" CHARACTER VARYING(255) NOT NULL,
    "app_version" CHARACTER VARYING(255) NOT NULL
);
-- 1 +/- SELECT COUNT(*) FROM jcs.jcs_version; 
INSERT INTO "jcs"."jcs_version" VALUES
('0.0.4', '0.0.4');     
ALTER TABLE "jcs"."tiles" ADD CONSTRAINT "jcs"."tile_acce_sens_arc_ck" CHECK((("accessory_id" IS NOT NULL)
    AND ("sensor_id" IS NULL))
    OR (("accessory_id" IS NULL)
    AND (("sensor_id" IS NOT NULL)
    OR ("sensor_id" IS NULL)))) NOCHECK;         
ALTER TABLE "jcs"."sensors" ADD CONSTRAINT "jcs"."sens_deid_coid_un" UNIQUE NULLS DISTINCT ("device_id", "contact_id", "bus_nr", "command_station_id");        
ALTER TABLE "jcs"."route_elements" ADD CONSTRAINT "jcs"."roel_rout_node_tile_un" UNIQUE NULLS DISTINCT ("route_id", "node_id", "tile_id");     
ALTER TABLE "jcs"."blocks" ADD CONSTRAINT "jcs"."bloc_tile_un" UNIQUE NULLS DISTINCT ("tile_id");              
ALTER TABLE "jcs"."accessories" ADD CONSTRAINT "jcs"."acce_address_un" UNIQUE NULLS DISTINCT ("protocol", "address", "command_station_id");    
ALTER TABLE "jcs"."tiles" ADD CONSTRAINT "jcs"."tile_x_y_un" UNIQUE NULLS DISTINCT ("x", "y"); 
ALTER TABLE "jcs"."locomotive_functions" ADD CONSTRAINT "jcs"."lofu_loid_fnum_un" UNIQUE NULLS DISTINCT ("locomotive_id", "f_number");         
ALTER TABLE "jcs"."routes" ADD CONSTRAINT "jcs"."rout_from_to_un" UNIQUE NULLS DISTINCT ("from_tile_id", "from_suffix", "to_tile_id", "to_suffix");            
ALTER TABLE "jcs"."blocks" ADD CONSTRAINT "jcs"."blck_sens_plus_fk" FOREIGN KEY("plus_sensor_id") REFERENCES "jcs"."sensors"("id") NOCHECK;    
ALTER TABLE "jcs"."routes" ADD CONSTRAINT "jcs"."rout_tile_to_fk" FOREIGN KEY("to_tile_id") REFERENCES "jcs"."tiles"("id") NOCHECK;            
ALTER TABLE "jcs"."blocks" ADD CONSTRAINT "jcs"."blck_tile_fk" FOREIGN KEY("tile_id") REFERENCES "jcs"."tiles"("id") NOCHECK;  
ALTER TABLE "jcs"."accessories" ADD CONSTRAINT "jcs"."acce_cost_fk" FOREIGN KEY("command_station_id") REFERENCES "jcs"."command_stations"("id") NOCHECK;       
ALTER TABLE "jcs"."locomotive_functions" ADD CONSTRAINT "jcs"."lofu_loco_fk" FOREIGN KEY("locomotive_id") REFERENCES "jcs"."locomotives"("id") NOCHECK;        
ALTER TABLE "jcs"."station_blocks" ADD CONSTRAINT "jcs"."blck_stbl_fk" FOREIGN KEY("block_id") REFERENCES "jcs"."blocks"("id") NOCHECK;        
ALTER TABLE "jcs"."blocks" ADD CONSTRAINT "jcs"."blck_acce_sig_plus_fk" FOREIGN KEY("plus_signal_id") REFERENCES "jcs"."accessories"("id") NOCHECK;            
ALTER TABLE "jcs"."route_elements" ADD CONSTRAINT "jcs"."roel_tile_fk" FOREIGN KEY("tile_id") REFERENCES "jcs"."tiles"("id") NOCHECK;          
ALTER TABLE "jcs"."routes" ADD CONSTRAINT "jcs"."rout_tile_from_fk" FOREIGN KEY("from_tile_id") REFERENCES "jcs"."tiles"("id") NOCHECK;        
ALTER TABLE "jcs"."locomotives" ADD CONSTRAINT "jcs"."loco_cost_fk" FOREIGN KEY("command_station_id") REFERENCES "jcs"."command_stations"("id") NOCHECK;       
ALTER TABLE "jcs"."blocks" ADD CONSTRAINT "jcs"."blck_sens_min_fk" FOREIGN KEY("min_sensor_id") REFERENCES "jcs"."sensors"("id") NOCHECK;      
ALTER TABLE "jcs"."station_blocks" ADD CONSTRAINT "jcs"."stat_stbl_fk" FOREIGN KEY("station_id") REFERENCES "jcs"."stations"("id") NOCHECK;    
ALTER TABLE "jcs"."route_elements" ADD CONSTRAINT "jcs"."roel_rout_fk" FOREIGN KEY("route_id") REFERENCES "jcs"."routes"("id") NOCHECK;        
ALTER TABLE "jcs"."blocks" ADD CONSTRAINT "jcs"."blck_acce_sig_min_fk" FOREIGN KEY("min_signal_id") REFERENCES "jcs"."accessories"("id") NOCHECK;              
ALTER TABLE "jcs"."blocks" ADD CONSTRAINT "jcs"."blck_loco_fk" FOREIGN KEY("locomotive_id") REFERENCES "jcs"."locomotives"("id") NOCHECK;      
ALTER TABLE "jcs"."tiles" ADD CONSTRAINT "jcs"."tile_acc_fk" FOREIGN KEY("accessory_id") REFERENCES "jcs"."accessories"("id") NOCHECK;         
ALTER TABLE "jcs"."tiles" ADD CONSTRAINT "jcs"."tile_sens_fk" FOREIGN KEY("sensor_id") REFERENCES "jcs"."sensors"("id") NOCHECK;               
