-- H2 2.4.240; 
;              
CREATE USER IF NOT EXISTS "JCS" SALT 'fc40fdb9b1ff5d96' HASH '7442d719ccf651d1601a11f83df8e7b49fa1f589a7a3a9d04d69998e22249fcd' ADMIN;         
CREATE USER IF NOT EXISTS "SA" SALT 'eb1afca2ae28ad08' HASH 'f2c8c398ba306b98b4cb3ecfe0865559d3a221c6c0bc6aaeaef142c3f78b5915' ADMIN;          
CREATE SCHEMA IF NOT EXISTS "jcs" AUTHORIZATION "JCS";         
DROP TABLE IF EXISTS "jcs"."tiles" CASCADE;    
DROP TABLE IF EXISTS "jcs"."stations" CASCADE; 
DROP TABLE IF EXISTS "jcs"."station_blocks" CASCADE;           
DROP TABLE IF EXISTS "jcs"."accessories" CASCADE;              
DROP TABLE IF EXISTS "jcs"."sensors" CASCADE;  
DROP TABLE IF EXISTS "jcs"."locomotive_functions" CASCADE;     
DROP TABLE IF EXISTS "jcs"."locomotives" CASCADE;              
DROP TABLE IF EXISTS "jcs"."command_stations" CASCADE;         
DROP TABLE IF EXISTS "jcs"."route_elements" CASCADE;           
DROP TABLE IF EXISTS "jcs"."jcs_properties" CASCADE;           
DROP TABLE IF EXISTS "jcs"."jcs_version" CASCADE;              
DROP TABLE IF EXISTS "jcs"."blocks" CASCADE;   
DROP TABLE IF EXISTS "jcs"."routes" CASCADE;   
CREATE CACHED TABLE "jcs"."tiles"(
    "id" CHARACTER VARYING(255) SELECTIVITY 100 NOT NULL,
    "tile_type" CHARACTER VARYING(255) SELECTIVITY 2 NOT NULL,
    "orientation" CHARACTER VARYING(255) SELECTIVITY 1 NOT NULL,
    "direction" CHARACTER VARYING(255) SELECTIVITY 1 NOT NULL,
    "x" INTEGER SELECTIVITY 7 NOT NULL,
    "y" INTEGER SELECTIVITY 6 NOT NULL,
    "signal_type" CHARACTER VARYING(255) SELECTIVITY 1,
    "accessory_id" CHARACTER VARYING(255) SELECTIVITY 4,
    "sensor_id" INTEGER SELECTIVITY 16
);         
ALTER TABLE "jcs"."tiles" ADD CONSTRAINT "jcs"."tile_pk" PRIMARY KEY("id");    
-- 344 +/- SELECT COUNT(*) FROM jcs.tiles;     
INSERT INTO "jcs"."tiles" VALUES
('st-1', 'Straight', 'East', 'Center', 100, 60, NULL, NULL, NULL),
('ct-1', 'Curved', 'East', 'Center', 60, 60, NULL, NULL, NULL),
('st-2', 'Straight', 'South', 'Center', 60, 100, NULL, NULL, NULL),
('st-3', 'Straight', 'South', 'Center', 60, 140, NULL, NULL, NULL),
('st-4', 'Straight', 'South', 'Center', 60, 180, NULL, NULL, NULL),
('st-5', 'Straight', 'South', 'Center', 60, 220, NULL, NULL, NULL),
('st-6', 'Straight', 'West', 'Center', 140, 540, NULL, NULL, NULL),
('bk-1', 'Block', 'East', 'Center', 460, 140, NULL, NULL, NULL),
('bk-2', 'Block', 'West', 'Center', 380, 60, NULL, NULL, NULL),
('bk-3', 'Block', 'North', 'Center', 1060, 380, NULL, NULL, NULL),
('bk-4', 'Block', 'North', 'Center', 100, 220, NULL, NULL, NULL),
('se-1', 'Sensor', 'North', 'Center', 100, 140, NULL, NULL, 2020),
('se-2', 'Sensor', 'North', 'Center', 100, 300, NULL, NULL, 2023),
('ct-2', 'Curved', 'East', 'Center', 100, 100, NULL, NULL, NULL),
('st-7', 'Straight', 'East', 'Center', 140, 100, NULL, NULL, NULL),
('sw-1', 'Switch', 'East', 'Right', 180, 100, 'NONE', '7', NULL),
('sw-2', 'Switch', 'West', 'Right', 180, 60, 'NONE', '8', NULL),
('st-8', 'Straight', 'West', 'Center', 140, 60, NULL, NULL, NULL),
('st-9', 'Straight', 'West', 'Center', 220, 100, NULL, NULL, NULL),
('si-1', 'Signal', 'West', 'Center', 260, 60, 'HP01', '22', NULL),
('se-3', 'Sensor', 'West', 'Center', 300, 60, NULL, NULL, 2017),
('se-4', 'Sensor', 'West', 'Center', 460, 60, NULL, NULL, 1032),
('st-11', 'Straight', 'West', 'Center', 500, 60, NULL, NULL, NULL),
('st-12', 'Straight', 'West', 'Center', 260, 100, NULL, NULL, NULL),
('st-13', 'Straight', 'West', 'Center', 300, 100, NULL, NULL, NULL),
('st-14', 'Straight', 'West', 'Center', 340, 100, NULL, NULL, NULL),
('st-15', 'Straight', 'West', 'Center', 380, 100, NULL, NULL, NULL),
('st-16', 'Straight', 'West', 'Center', 420, 100, NULL, NULL, NULL),
('st-17', 'Straight', 'West', 'Center', 460, 100, NULL, NULL, NULL),
('st-18', 'Straight', 'West', 'Center', 500, 100, NULL, NULL, NULL),
('sd-1', 'StraightDirection', 'East', 'Center', 540, 100, NULL, NULL, NULL),
('sd-2', 'StraightDirection', 'West', 'Center', 540, 60, NULL, NULL, NULL),
('bk-5', 'Block', 'West', 'Center', 380, 220, NULL, NULL, NULL),
('bk-6', 'Block', 'West', 'Center', 380, 260, NULL, NULL, NULL),
('st-19', 'Straight', 'West', 'Center', 300, 140, NULL, NULL, NULL),
('ct-3', 'Curved', 'East', 'Center', 180, 140, NULL, NULL, NULL),
('ct-4', 'Curved', 'North', 'Center', 180, 260, NULL, NULL, NULL),
('sw-4', 'Switch', 'East', 'Left', 260, 140, 'NONE', '15', NULL),
('ct-5', 'Curved', 'North', 'Center', 260, 220, NULL, NULL, NULL),
('se-5', 'Sensor', 'East', 'Center', 300, 220, NULL, NULL, 2005),
('se-6', 'Sensor', 'East', 'Center', 300, 260, NULL, NULL, 2007),
('se-7', 'Sensor', 'East', 'Center', 460, 220, NULL, NULL, 2024),
('se-8', 'Sensor', 'East', 'Center', 460, 260, NULL, NULL, 2025),
('st-22', 'Straight', 'East', 'Center', 220, 140, NULL, NULL, NULL),
('st-23', 'Straight', 'East', 'Center', 260, 260, NULL, NULL, NULL),
('st-24', 'Straight', 'East', 'Center', 220, 260, NULL, NULL, NULL),
('st-25', 'Straight', 'South', 'Center', 180, 220, NULL, NULL, NULL),
('st-26', 'Straight', 'West', 'Center', 220, 380, NULL, NULL, NULL),
('st-27', 'Straight', 'West', 'Center', 740, 380, NULL, NULL, NULL),
('et-1', 'End', 'East', 'Center', 500, 220, NULL, NULL, NULL),
('et-2', 'End', 'East', 'Center', 500, 260, NULL, NULL, NULL),
('st-28', 'Straight', 'East', 'Center', 340, 140, NULL, NULL, NULL),
('st-29', 'Straight', 'East', 'Center', 180, 540, NULL, NULL, NULL),
('st-30', 'Straight', 'East', 'Center', 380, 580, NULL, NULL, NULL),
('st-31', 'Straight', 'East', 'Center', 300, 460, NULL, NULL, NULL),
('st-32', 'Straight', 'East', 'Center', 660, 580, NULL, NULL, NULL),
('st-33', 'Straight', 'East', 'Center', 700, 580, NULL, NULL, NULL),
('st-35', 'Straight', 'East', 'Center', 620, 140, NULL, NULL, NULL),
('st-36', 'Straight', 'East', 'Center', 780, 380, NULL, NULL, NULL),
('st-37', 'Straight', 'East', 'Center', 740, 340, NULL, NULL, NULL),
('st-38', 'Straight', 'East', 'Center', 780, 340, NULL, NULL, NULL);               
INSERT INTO "jcs"."tiles" VALUES
('st-39', 'Straight', 'East', 'Center', 860, 300, NULL, NULL, NULL),
('sw-5', 'Switch', 'East', 'Left', 820, 300, 'NONE', '13', NULL),
('ct-6', 'Curved', 'West', 'Center', 820, 340, NULL, NULL, NULL),
('bk-7', 'Block', 'West', 'Center', 460, 340, NULL, NULL, NULL),
('bk-8', 'Block', 'West', 'Center', 460, 380, NULL, NULL, NULL),
('bk-9', 'Block', 'North', 'Center', 980, 500, NULL, NULL, NULL),
('se-9', 'Sensor', 'West', 'Center', 380, 340, NULL, NULL, 1028),
('se-10', 'Sensor', 'West', 'Center', 540, 340, NULL, NULL, 1022),
('se-11', 'Sensor', 'West', 'Center', 660, 380, NULL, NULL, 1019),
('se-12', 'Sensor', 'West', 'Center', 380, 380, NULL, NULL, 1027),
('sw-6', 'Switch', 'West', 'Left', 260, 380, 'NONE', '9', NULL),
('ct-7', 'Curved', 'East', 'Center', 260, 340, NULL, NULL, NULL),
('ct-8', 'Curved', 'North', 'Center', 100, 380, NULL, NULL, NULL),
('st-40', 'Straight', 'North', 'Center', 100, 340, NULL, NULL, NULL),
('st-41', 'Straight', 'East', 'Center', 140, 380, NULL, NULL, NULL),
('sd-3', 'StraightDirection', 'West', 'Center', 180, 380, NULL, NULL, NULL),
('se-13', 'Sensor', 'West', 'Center', 300, 340, NULL, NULL, 2002),
('se-14', 'Sensor', 'West', 'Center', 300, 380, NULL, NULL, 2031),
('si-2', 'Signal', 'West', 'Center', 340, 340, 'HP012SH1', '31', NULL),
('si-3', 'Signal', 'West', 'Center', 340, 380, 'HP012SH1', '29', NULL),
('se-15', 'Sensor', 'West', 'Center', 700, 460, NULL, NULL, 1030),
('se-16', 'Sensor', 'West', 'Center', 660, 340, NULL, NULL, 1021),
('se-17', 'Sensor', 'West', 'Center', 540, 380, NULL, NULL, 1020),
('st-42', 'Straight', 'West', 'Center', 580, 340, NULL, NULL, NULL),
('sd-4', 'StraightDirection', 'West', 'Center', 620, 340, NULL, NULL, NULL),
('sd-5', 'StraightDirection', 'West', 'Center', 620, 380, NULL, NULL, NULL),
('st-43', 'Straight', 'West', 'Center', 580, 380, NULL, NULL, NULL),
('st-44', 'Straight', 'West', 'Center', 700, 340, NULL, NULL, NULL),
('st-45', 'Straight', 'West', 'Center', 700, 380, NULL, NULL, NULL),
('st-46', 'Straight', 'West', 'Center', 820, 380, NULL, NULL, NULL),
('ct-9', 'Curved', 'North', 'Center', 780, 300, NULL, NULL, NULL),
('ct-10', 'Curved', 'South', 'Center', 780, 260, NULL, NULL, NULL),
('ct-11', 'Curved', 'South', 'Center', 740, 220, NULL, NULL, NULL),
('ct-12', 'Curved', 'North', 'Center', 740, 260, NULL, NULL, NULL),
('ct-13', 'Curved', 'North', 'Center', 700, 220, NULL, NULL, NULL),
('ct-14', 'Curved', 'South', 'Center', 700, 180, NULL, NULL, NULL),
('ct-15', 'Curved', 'North', 'Center', 660, 180, NULL, NULL, NULL),
('ct-16', 'Curved', 'South', 'Center', 660, 140, NULL, NULL, NULL),
('sw-7', 'Switch', 'East', 'Left', 900, 300, 'NONE', '11', NULL),
('ct-17', 'Curved', 'West', 'Center', 900, 340, NULL, NULL, NULL),
('ct-19', 'Curved', 'East', 'Center', 860, 340, NULL, NULL, NULL),
('ct-20', 'Curved', 'West', 'Center', 860, 380, NULL, NULL, NULL),
('st-47', 'Straight', 'West', 'Center', 940, 300, NULL, NULL, NULL),
('bk-10', 'Block', 'East', 'Center', 620, 460, NULL, NULL, NULL),
('bk-11', 'Block', 'East', 'Center', 620, 500, NULL, NULL, NULL),
('bk-12', 'Block', 'South', 'Center', 60, 340, NULL, NULL, NULL),
('se-18', 'Sensor', 'North', 'Center', 1060, 300, NULL, NULL, 2018),
('se-19', 'Sensor', 'North', 'Center', 1060, 460, NULL, NULL, 1018),
('ct-21', 'Curved', 'South', 'Center', 980, 300, NULL, NULL, NULL),
('ct-22', 'Curved', 'South', 'Center', 940, 460, NULL, NULL, NULL),
('si-4', 'Signal', 'East', 'Center', 740, 460, 'HP012SH1', '27', NULL),
('si-5', 'Signal', 'East', 'Center', 740, 500, 'HP012SH1', '25', NULL),
('si-6', 'Signal', 'North', 'Center', 980, 380, 'HP012', '23', NULL),
('se-20', 'Sensor', 'West', 'Center', 380, 140, NULL, NULL, 2004),
('se-21', 'Sensor', 'West', 'Center', 540, 140, NULL, NULL, 2003),
('si-9', 'Signal', 'East', 'Center', 580, 140, 'HP01', '21', NULL),
('se-22', 'Sensor', 'East', 'Center', 780, 460, NULL, NULL, 2001),
('se-23', 'Sensor', 'East', 'Center', 780, 500, NULL, NULL, 2032),
('se-24', 'Sensor', 'East', 'Center', 700, 500, NULL, NULL, 1031),
('se-25', 'Sensor', 'East', 'Center', 540, 460, NULL, NULL, 1024);    
INSERT INTO "jcs"."tiles" VALUES
('se-26', 'Sensor', 'East', 'Center', 540, 500, NULL, NULL, 1026),
('se-27', 'Sensor', 'East', 'Center', 420, 460, NULL, NULL, 1023),
('se-28', 'Sensor', 'East', 'Center', 420, 500, NULL, NULL, 1025),
('sd-6', 'StraightDirection', 'East', 'Center', 460, 460, NULL, NULL, NULL),
('sd-7', 'StraightDirection', 'East', 'Center', 460, 500, NULL, NULL, NULL),
('st-48', 'Straight', 'East', 'Center', 500, 460, NULL, NULL, NULL),
('st-49', 'Straight', 'East', 'Center', 500, 500, NULL, NULL, NULL),
('sw-8', 'Switch', 'East', 'Left', 860, 460, 'NONE', '12', NULL),
('ct-23', 'Curved', 'West', 'Center', 860, 500, NULL, NULL, NULL),
('st-50', 'Straight', 'West', 'Center', 820, 460, NULL, NULL, NULL),
('st-51', 'Straight', 'West', 'Center', 900, 460, NULL, NULL, NULL),
('st-52', 'Straight', 'West', 'Center', 820, 500, NULL, NULL, NULL),
('st-53', 'Straight', 'North', 'Center', 940, 500, NULL, NULL, NULL),
('cr-1', 'Crossing', 'North', 'Center', 940, 700, NULL, NULL, NULL),
('cr-2', 'Crossing', 'North', 'Center', 980, 700, NULL, NULL, NULL),
('cr-3', 'Crossing', 'North', 'Center', 940, 780, NULL, NULL, NULL),
('cr-4', 'Crossing', 'North', 'Center', 980, 780, NULL, NULL, NULL),
('se-29', 'Sensor', 'North', 'Center', 980, 340, NULL, NULL, 1003),
('se-30', 'Sensor', 'North', 'Center', 980, 420, NULL, NULL, 1005),
('se-31', 'Sensor', 'North', 'Center', 980, 580, NULL, NULL, 1002),
('se-36', 'Sensor', 'East', 'Center', 460, 580, NULL, NULL, 1014),
('st-54', 'Straight', 'North', 'Center', 60, 460, NULL, NULL, NULL),
('st-55', 'Straight', 'East', 'Center', 260, 540, NULL, NULL, NULL),
('st-56', 'Straight', 'North', 'Center', 140, 780, NULL, NULL, NULL),
('st-57', 'Straight', 'North', 'Center', 1060, 140, NULL, NULL, NULL),
('st-58', 'Straight', 'East', 'Center', 100, 540, NULL, NULL, NULL),
('st-59', 'Straight', 'East', 'Center', 380, 460, NULL, NULL, NULL),
('st-60', 'Straight', 'East', 'Center', 380, 500, NULL, NULL, NULL),
('st-61', 'Straight', 'East', 'Center', 340, 500, NULL, NULL, NULL),
('st-62', 'Straight', 'East', 'Center', 340, 460, NULL, NULL, NULL),
('sw-9', 'Switch', 'West', 'Left', 300, 540, 'NONE', '14', NULL),
('sw-10', 'Switch', 'West', 'Left', 220, 540, 'NONE', '10', NULL),
('ct-24', 'Curved', 'East', 'Center', 300, 500, NULL, NULL, NULL),
('ct-25', 'Curved', 'East', 'Center', 220, 500, NULL, NULL, NULL),
('ct-26', 'Curved', 'West', 'Center', 260, 500, NULL, NULL, NULL),
('ct-27', 'Curved', 'East', 'Center', 260, 460, NULL, NULL, NULL),
('se-38', 'Sensor', 'North', 'Center', 60, 260, NULL, NULL, 2019),
('se-39', 'Sensor', 'North', 'Center', 60, 420, NULL, NULL, 2021),
('se-40', 'Sensor', 'North', 'Center', 60, 500, NULL, NULL, 2022),
('ct-29', 'Curved', 'North', 'Center', 60, 540, NULL, NULL, NULL),
('ct-30', 'Curved', 'South', 'Center', 340, 540, NULL, NULL, NULL),
('ct-31', 'Curved', 'North', 'Center', 340, 580, NULL, NULL, NULL),
('ct-32', 'Curved', 'North', 'Center', 220, 700, NULL, NULL, NULL),
('ct-34', 'Curved', 'West', 'Center', 1100, 780, NULL, NULL, NULL),
('bk-13', 'Block', 'East', 'Center', 540, 580, NULL, NULL, NULL),
('si-10', 'Signal', 'West', 'Center', 420, 580, 'HP01', '20', NULL),
('se-41', 'Sensor', 'West', 'Center', 620, 580, NULL, NULL, 1015),
('et-3', 'End', 'East', 'Center', 740, 580, NULL, NULL, NULL),
('st-63', 'Straight', 'East', 'Center', 580, 60, NULL, NULL, NULL),
('st-64', 'Straight', 'East', 'Center', 580, 100, NULL, NULL, NULL),
('st-65', 'Straight', 'East', 'Center', 620, 60, NULL, NULL, NULL),
('st-66', 'Straight', 'East', 'Center', 660, 60, NULL, NULL, NULL),
('st-67', 'Straight', 'East', 'Center', 700, 60, NULL, NULL, NULL),
('st-68', 'Straight', 'East', 'Center', 740, 60, NULL, NULL, NULL),
('st-69', 'Straight', 'East', 'Center', 780, 60, NULL, NULL, NULL),
('st-70', 'Straight', 'East', 'Center', 820, 60, NULL, NULL, NULL),
('st-71', 'Straight', 'East', 'Center', 860, 60, NULL, NULL, NULL),
('st-72', 'Straight', 'East', 'Center', 900, 60, NULL, NULL, NULL),
('st-73', 'Straight', 'East', 'Center', 940, 60, NULL, NULL, NULL),
('st-74', 'Straight', 'East', 'Center', 620, 100, NULL, NULL, NULL);             
INSERT INTO "jcs"."tiles" VALUES
('st-75', 'Straight', 'East', 'Center', 700, 100, NULL, NULL, NULL),
('st-76', 'Straight', 'East', 'Center', 860, 100, NULL, NULL, NULL),
('st-77', 'Straight', 'East', 'Center', 660, 100, NULL, NULL, NULL),
('st-78', 'Straight', 'East', 'Center', 940, 100, NULL, NULL, NULL),
('st-79', 'Straight', 'East', 'Center', 1020, 100, NULL, NULL, NULL),
('st-80', 'Straight', 'East', 'Center', 980, 60, NULL, NULL, NULL),
('st-81', 'Straight', 'East', 'Center', 1020, 60, NULL, NULL, NULL),
('st-82', 'Straight', 'East', 'Center', 1060, 60, NULL, NULL, NULL),
('st-83', 'Straight', 'South', 'Center', 1100, 140, NULL, NULL, NULL),
('sw-11', 'Switch', 'West', 'Right', 220, 660, 'NONE', '4', NULL),
('sw-12', 'Switch', 'West', 'Right', 220, 740, 'NONE', '3', NULL),
('sw-13', 'Switch', 'East', 'Right', 780, 780, 'NONE', '6', NULL),
('sw-14', 'Switch', 'East', 'Right', 780, 700, 'NONE', '5', NULL),
('bk-14', 'Block', 'West', 'Center', 420, 660, NULL, NULL, NULL),
('bk-15', 'Block', 'West', 'Center', 420, 700, NULL, NULL, NULL),
('bk-16', 'Block', 'East', 'Center', 620, 740, NULL, NULL, NULL),
('bk-17', 'Block', 'East', 'Center', 620, 780, NULL, NULL, NULL),
('se-42', 'Sensor', 'East', 'Center', 340, 660, NULL, NULL, 2028),
('se-43', 'Sensor', 'East', 'Center', 500, 660, NULL, NULL, 1013),
('se-44', 'Sensor', 'East', 'Center', 300, 660, NULL, NULL, 2030),
('se-45', 'Sensor', 'East', 'Center', 300, 700, NULL, NULL, 2029),
('se-46', 'Sensor', 'East', 'Center', 340, 700, NULL, NULL, 2027),
('se-47', 'Sensor', 'East', 'Center', 500, 700, NULL, NULL, 1012),
('se-48', 'Sensor', 'East', 'Center', 700, 740, NULL, NULL, 1010),
('se-49', 'Sensor', 'East', 'Center', 740, 740, NULL, NULL, 1016),
('se-50', 'Sensor', 'East', 'Center', 740, 780, NULL, NULL, 1017),
('se-51', 'Sensor', 'East', 'Center', 700, 780, NULL, NULL, 1009),
('se-52', 'Sensor', 'East', 'Center', 540, 780, NULL, NULL, 1008),
('se-53', 'Sensor', 'East', 'Center', 540, 740, NULL, NULL, 2026),
('ct-35', 'Curved', 'North', 'Center', 220, 780, NULL, NULL, NULL),
('ct-36', 'Curved', 'South', 'Center', 780, 660, NULL, NULL, NULL),
('ct-37', 'Curved', 'South', 'Center', 780, 740, NULL, NULL, NULL),
('st-84', 'Straight', 'West', 'Center', 540, 660, NULL, NULL, NULL),
('st-85', 'Straight', 'West', 'Center', 580, 660, NULL, NULL, NULL),
('st-86', 'Straight', 'West', 'Center', 540, 700, NULL, NULL, NULL),
('st-87', 'Straight', 'West', 'Center', 580, 700, NULL, NULL, NULL),
('sd-8', 'StraightDirection', 'West', 'Center', 620, 660, NULL, NULL, NULL),
('sd-9', 'StraightDirection', 'West', 'Center', 620, 700, NULL, NULL, NULL),
('sd-10', 'StraightDirection', 'East', 'Center', 380, 740, NULL, NULL, NULL),
('sd-11', 'StraightDirection', 'East', 'Center', 380, 780, NULL, NULL, NULL),
('st-88', 'Straight', 'West', 'Center', 260, 660, NULL, NULL, NULL),
('st-89', 'Straight', 'West', 'Center', 260, 700, NULL, NULL, NULL),
('st-90', 'Straight', 'West', 'Center', 660, 660, NULL, NULL, NULL),
('st-91', 'Straight', 'West', 'Center', 660, 700, NULL, NULL, NULL),
('st-92', 'Straight', 'West', 'Center', 700, 700, NULL, NULL, NULL),
('st-93', 'Straight', 'West', 'Center', 700, 660, NULL, NULL, NULL),
('st-94', 'Straight', 'West', 'Center', 740, 660, NULL, NULL, NULL),
('st-95', 'Straight', 'West', 'Center', 740, 700, NULL, NULL, NULL),
('st-96', 'Straight', 'West', 'Center', 820, 700, NULL, NULL, NULL),
('st-97', 'Straight', 'West', 'Center', 820, 780, NULL, NULL, NULL),
('st-98', 'Straight', 'West', 'Center', 260, 740, NULL, NULL, NULL),
('st-99', 'Straight', 'West', 'Center', 300, 740, NULL, NULL, NULL),
('st-100', 'Straight', 'West', 'Center', 340, 740, NULL, NULL, NULL),
('st-101', 'Straight', 'West', 'Center', 420, 740, NULL, NULL, NULL),
('st-102', 'Straight', 'West', 'Center', 460, 740, NULL, NULL, NULL),
('st-103', 'Straight', 'West', 'Center', 500, 740, NULL, NULL, NULL),
('st-104', 'Straight', 'West', 'Center', 500, 780, NULL, NULL, NULL),
('st-105', 'Straight', 'West', 'Center', 460, 780, NULL, NULL, NULL),
('st-106', 'Straight', 'West', 'Center', 420, 780, NULL, NULL, NULL);            
INSERT INTO "jcs"."tiles" VALUES
('st-107', 'Straight', 'West', 'Center', 340, 780, NULL, NULL, NULL),
('st-108', 'Straight', 'West', 'Center', 300, 780, NULL, NULL, NULL),
('st-109', 'Straight', 'West', 'Center', 260, 780, NULL, NULL, NULL),
('se-54', 'Sensor', 'North', 'Center', 1060, 500, NULL, NULL, 1011),
('st-110', 'Straight', 'East', 'Center', 740, 100, NULL, NULL, NULL),
('st-111', 'Straight', 'North', 'Center', 1060, 260, NULL, NULL, NULL),
('st-112', 'Straight', 'North', 'Center', 1060, 220, NULL, NULL, NULL),
('st-113', 'Straight', 'North', 'Center', 1060, 180, NULL, NULL, NULL),
('st-114', 'Straight', 'North', 'Center', 1060, 540, NULL, NULL, NULL),
('st-115', 'Straight', 'North', 'Center', 1060, 580, NULL, NULL, NULL),
('st-116', 'Straight', 'North', 'Center', 1060, 620, NULL, NULL, NULL),
('st-117', 'Straight', 'North', 'Center', 1060, 660, NULL, NULL, NULL),
('st-118', 'Straight', 'East', 'Center', 780, 100, NULL, NULL, NULL),
('st-119', 'Straight', 'East', 'Center', 820, 100, NULL, NULL, NULL),
('st-120', 'Straight', 'East', 'Center', 900, 100, NULL, NULL, NULL),
('st-121', 'Straight', 'East', 'Center', 980, 100, NULL, NULL, NULL),
('ct-38', 'Curved', 'South', 'Center', 1060, 100, NULL, NULL, NULL),
('ct-39', 'Curved', 'South', 'Center', 1100, 60, NULL, NULL, NULL),
('st-122', 'Straight', 'South', 'Center', 1100, 100, NULL, NULL, NULL),
('st-123', 'Straight', 'South', 'Center', 1100, 180, NULL, NULL, NULL),
('st-124', 'Straight', 'South', 'Center', 1100, 220, NULL, NULL, NULL),
('st-125', 'Straight', 'South', 'Center', 1100, 260, NULL, NULL, NULL),
('st-126', 'Straight', 'South', 'Center', 1100, 300, NULL, NULL, NULL),
('st-127', 'Straight', 'South', 'Center', 1100, 340, NULL, NULL, NULL),
('st-128', 'Straight', 'South', 'Center', 1100, 380, NULL, NULL, NULL),
('st-129', 'Straight', 'South', 'Center', 1100, 420, NULL, NULL, NULL),
('st-130', 'Straight', 'South', 'Center', 1100, 460, NULL, NULL, NULL),
('st-131', 'Straight', 'South', 'Center', 1100, 500, NULL, NULL, NULL),
('st-132', 'Straight', 'South', 'Center', 1100, 540, NULL, NULL, NULL),
('st-133', 'Straight', 'South', 'Center', 1100, 580, NULL, NULL, NULL),
('st-134', 'Straight', 'South', 'Center', 1100, 620, NULL, NULL, NULL),
('st-135', 'Straight', 'South', 'Center', 1100, 660, NULL, NULL, NULL),
('st-136', 'Straight', 'South', 'Center', 1100, 700, NULL, NULL, NULL),
('ct-41', 'Curved', 'West', 'Center', 1060, 700, NULL, NULL, NULL),
('st-137', 'Straight', 'West', 'Center', 1020, 700, NULL, NULL, NULL),
('st-138', 'Straight', 'West', 'Center', 1020, 780, NULL, NULL, NULL),
('st-139', 'Straight', 'West', 'Center', 1060, 780, NULL, NULL, NULL),
('st-140', 'Straight', 'West', 'Center', 900, 700, NULL, NULL, NULL),
('st-141', 'Straight', 'West', 'Center', 860, 700, NULL, NULL, NULL),
('st-142', 'Straight', 'West', 'Center', 860, 780, NULL, NULL, NULL),
('st-143', 'Straight', 'West', 'Center', 900, 780, NULL, NULL, NULL),
('st-144', 'Straight', 'North', 'Center', 940, 540, NULL, NULL, NULL),
('st-145', 'Straight', 'North', 'Center', 940, 580, NULL, NULL, NULL),
('st-146', 'Straight', 'North', 'Center', 940, 620, NULL, NULL, NULL),
('st-147', 'Straight', 'North', 'Center', 940, 660, NULL, NULL, NULL),
('st-148', 'Straight', 'North', 'Center', 980, 660, NULL, NULL, NULL),
('st-149', 'Straight', 'North', 'Center', 980, 740, NULL, NULL, NULL),
('bk-18', 'Block', 'West', 'Center', 420, 820, NULL, NULL, NULL),
('bk-19', 'Block', 'East', 'Center', 460, 860, NULL, NULL, NULL),
('si-11', 'Signal', 'West', 'Center', 300, 820, 'HP01', '16', NULL),
('se-56', 'Sensor', 'West', 'Center', 340, 820, NULL, NULL, 1004),
('se-57', 'Sensor', 'West', 'Center', 500, 820, NULL, NULL, 1001),
('se-58', 'Sensor', 'West', 'Center', 260, 820, NULL, NULL, 1029),
('sd-12', 'StraightDirection', 'West', 'Center', 220, 820, NULL, NULL, NULL),
('sd-13', 'StraightDirection', 'East', 'Center', 220, 860, NULL, NULL, NULL),
('se-59', 'Sensor', 'East', 'Center', 380, 860, NULL, NULL, 1007),
('se-60', 'Sensor', 'East', 'Center', 540, 860, NULL, NULL, 1006),
('si-12', 'Signal', 'East', 'Center', 580, 860, 'HP01', '19', NULL);             
INSERT INTO "jcs"."tiles" VALUES
('st-151', 'Straight', 'East', 'Center', 540, 820, NULL, NULL, NULL),
('st-152', 'Straight', 'East', 'Center', 340, 860, NULL, NULL, NULL),
('st-153', 'Straight', 'East', 'Center', 300, 860, NULL, NULL, NULL),
('st-154', 'Straight', 'East', 'Center', 260, 860, NULL, NULL, NULL),
('st-156', 'Straight', 'East', 'Center', 620, 820, NULL, NULL, NULL),
('sw-15', 'Switch', 'West', 'Right', 660, 820, 'NONE', '1', NULL),
('sw-16', 'Switch', 'East', 'Right', 660, 860, 'NONE', '2', NULL),
('si-13', 'Signal', 'South', 'Center', 980, 620, 'HP012', '17', NULL),
('ct-42', 'Curved', 'West', 'Center', 940, 820, NULL, NULL, NULL),
('ct-43', 'Curved', 'North', 'Center', 140, 820, NULL, NULL, NULL),
('ct-44', 'Curved', 'North', 'Center', 100, 860, NULL, NULL, NULL),
('ct-45', 'Curved', 'West', 'Center', 980, 860, NULL, NULL, NULL),
('ct-46', 'Curved', 'East', 'Center', 100, 660, NULL, NULL, NULL),
('st-157', 'Straight', 'East', 'Center', 140, 660, NULL, NULL, NULL),
('st-158', 'Straight', 'East', 'Center', 180, 660, NULL, NULL, NULL),
('st-159', 'Straight', 'South', 'Center', 100, 700, NULL, NULL, NULL),
('st-160', 'Straight', 'South', 'Center', 100, 740, NULL, NULL, NULL),
('st-161', 'Straight', 'South', 'Center', 100, 780, NULL, NULL, NULL),
('st-162', 'Straight', 'South', 'Center', 100, 820, NULL, NULL, NULL),
('st-163', 'Straight', 'West', 'Center', 180, 820, NULL, NULL, NULL),
('ct-47', 'Curved', 'East', 'Center', 140, 740, NULL, NULL, NULL),
('st-164', 'Straight', 'East', 'Center', 180, 740, NULL, NULL, NULL),
('st-165', 'Straight', 'East', 'Center', 140, 860, NULL, NULL, NULL),
('st-166', 'Straight', 'East', 'Center', 180, 860, NULL, NULL, NULL),
('st-167', 'Straight', 'East', 'Center', 700, 820, NULL, NULL, NULL),
('st-168', 'Straight', 'East', 'Center', 740, 820, NULL, NULL, NULL),
('st-169', 'Straight', 'East', 'Center', 780, 820, NULL, NULL, NULL),
('st-170', 'Straight', 'East', 'Center', 820, 820, NULL, NULL, NULL),
('st-171', 'Straight', 'East', 'Center', 860, 820, NULL, NULL, NULL),
('st-172', 'Straight', 'East', 'Center', 900, 820, NULL, NULL, NULL),
('st-173', 'Straight', 'East', 'Center', 700, 860, NULL, NULL, NULL),
('st-174', 'Straight', 'East', 'Center', 740, 860, NULL, NULL, NULL),
('st-175', 'Straight', 'East', 'Center', 780, 860, NULL, NULL, NULL),
('st-176', 'Straight', 'East', 'Center', 820, 860, NULL, NULL, NULL),
('st-177', 'Straight', 'East', 'Center', 860, 860, NULL, NULL, NULL),
('st-178', 'Straight', 'East', 'Center', 900, 860, NULL, NULL, NULL),
('st-179', 'Straight', 'East', 'Center', 940, 860, NULL, NULL, NULL),
('st-180', 'Straight', 'South', 'Center', 980, 820, NULL, NULL, NULL),
('st-181', 'Straight', 'South', 'Center', 940, 740, NULL, NULL, NULL),
('sd-14', 'StraightDirection', 'West', 'Center', 220, 60, NULL, NULL, NULL),
('sd-15', 'StraightDirection', 'East', 'Center', 620, 860, NULL, NULL, NULL),
('sd-16', 'StraightDirection', 'West', 'Center', 580, 820, NULL, NULL, NULL),
('st-182', 'Straight', 'South', 'Center', 1100, 740, NULL, NULL, NULL),
('si-14', 'Signal', 'North', 'Center', 260, 180, 'HP01', '43', NULL),
('si-15', 'Signal', 'North', 'Center', 180, 180, 'HP01', '41', NULL),
('tw-1', 'ThreeWay', 'South', 'Center', 60, 620, NULL, '100', NULL);  
CREATE UNIQUE NULLS DISTINCT INDEX "jcs"."tile_pk_idx" ON "jcs"."tiles"("id" NULLS FIRST);     
CREATE UNIQUE NULLS DISTINCT INDEX "jcs"."tile_x_y_un_idx" ON "jcs"."tiles"("x" NULLS FIRST, "y" NULLS FIRST); 
CREATE CACHED TABLE "jcs"."stations"(
    "id" CHARACTER VARYING(255) NOT NULL,
    "name" CHARACTER VARYING(255) NOT NULL,
    "min_locs" INTEGER DEFAULT 0 NOT NULL,
    "loc_count" INTEGER DEFAULT 0 NOT NULL,
    "use_fifo" BOOLEAN DEFAULT FALSE NOT NULL
);            
ALTER TABLE "jcs"."stations" ADD CONSTRAINT "jcs"."stat_pk" PRIMARY KEY("id"); 
-- 5 +/- SELECT COUNT(*) FROM jcs.stations;    
INSERT INTO "jcs"."stations" VALUES
('station-1', 'Mittelstadt Hbf', 1, 1, TRUE),
('station-2', 'Waldpark', 2, 0, TRUE),
('station-3', 'Schaduwstation 1', 1, 1, TRUE),
('station-4', 'Middelweg', 1, 1, TRUE),
('station-5', 'Schaduwstation 2', 1, 2, TRUE); 
CREATE CACHED TABLE "jcs"."station_blocks"(
    "id" CHARACTER VARYING(255) NOT NULL,
    "station_id" CHARACTER VARYING(255) NOT NULL,
    "block_id" CHARACTER VARYING(255) NOT NULL,
    "last_updated" TIMESTAMP
);        
ALTER TABLE "jcs"."station_blocks" ADD CONSTRAINT "jcs"."stbl_pk" PRIMARY KEY("id");           
-- 2 +/- SELECT COUNT(*) FROM jcs.station_blocks;              
INSERT INTO "jcs"."station_blocks" VALUES
('station-2~bk-6', 'station-2', 'bk-6', TIMESTAMP '2026-04-27 12:39:55.099'),
('station-2~bk-5', 'station-2', 'bk-5', TIMESTAMP '2026-04-27 12:35:20.756');          
CREATE UNIQUE NULLS DISTINCT INDEX "jcs"."stbl_stat_blck_un_idx" ON "jcs"."station_blocks"("station_id" NULLS FIRST, "block_id" NULLS FIRST);  
CREATE CACHED TABLE "jcs"."accessories"(
    "id" CHARACTER VARYING(255) SELECTIVITY 100 NOT NULL,
    "address" INTEGER SELECTIVITY 100 NOT NULL,
    "name" CHARACTER VARYING(255) SELECTIVITY 100 NOT NULL,
    "type" CHARACTER VARYING(255) SELECTIVITY 20 NOT NULL,
    "state" INTEGER SELECTIVITY 6,
    "states" INTEGER SELECTIVITY 10,
    "switch_time" INTEGER SELECTIVITY 6,
    "protocol" CHARACTER VARYING(255) SELECTIVITY 6,
    "decoder" CHARACTER VARYING(255) SELECTIVITY 3,
    "accessory_group" CHARACTER VARYING(255) SELECTIVITY 3,
    "icon" CHARACTER VARYING(255) SELECTIVITY 3,
    "icon_file" CHARACTER VARYING(255) SELECTIVITY 3,
    "imported" CHARACTER VARYING(255) SELECTIVITY 3,
    "command_station_id" CHARACTER VARYING(255) SELECTIVITY 3 NOT NULL,
    "synchronize" BOOLEAN DEFAULT FALSE SELECTIVITY 3 NOT NULL,
    "address2" INTEGER SELECTIVITY 27
);   
ALTER TABLE "jcs"."accessories" ADD CONSTRAINT "jcs"."acce_pk" PRIMARY KEY("id");              
-- 29 +/- SELECT COUNT(*) FROM jcs.accessories;
INSERT INTO "jcs"."accessories" VALUES
('10', 10, 'W 10L', 'linksweiche', 1, 2, 100, 'mm', 'ein_alt', NULL, NULL, NULL, 'CS:magnetartikel.cs2', 'marklin.cs', TRUE, NULL),
('11', 11, 'W 11L', 'linksweiche', 0, 2, 100, 'mm', 'ein_alt', NULL, NULL, NULL, 'CS:magnetartikel.cs2', 'marklin.cs', TRUE, NULL),
('12', 12, 'W 12L', 'linksweiche', 0, 2, 100, 'mm', 'ein_alt', NULL, NULL, NULL, 'CS:magnetartikel.cs2', 'marklin.cs', TRUE, NULL),
('13', 13, 'W 13L', 'linksweiche', 1, 2, 100, 'mm', 'ein_alt', NULL, NULL, NULL, 'CS:magnetartikel.cs2', 'marklin.cs', TRUE, NULL),
('14', 14, 'W 14L', 'linksweiche', 1, 2, 100, 'mm', 'ein_alt', NULL, NULL, NULL, 'CS:magnetartikel.cs2', 'marklin.cs', TRUE, NULL),
('15', 15, 'W 15L', 'linksweiche', 0, 2, 100, 'mm', 'ein_alt', NULL, NULL, NULL, 'CS:magnetartikel.cs2', 'marklin.cs', TRUE, NULL),
('1', 1, 'W 1R', 'rechtsweiche', 0, 2, 100, 'mm', 'ein_alt', NULL, NULL, NULL, 'CS:magnetartikel.cs2', 'marklin.cs', TRUE, NULL),
('2', 2, 'W 2R', 'rechtsweiche', 1, 2, 100, 'mm', 'ein_alt', NULL, NULL, NULL, 'CS:magnetartikel.cs2', 'marklin.cs', TRUE, NULL),
('3', 3, 'W 3R', 'rechtsweiche', 0, 2, 100, 'mm', 'ein_alt', NULL, NULL, NULL, 'CS:magnetartikel.cs2', 'marklin.cs', TRUE, NULL),
('4', 4, 'W 4R', 'rechtsweiche', 1, 2, 100, 'mm', 'ein_alt', NULL, NULL, NULL, 'CS:magnetartikel.cs2', 'marklin.cs', TRUE, NULL),
('5', 5, 'W 5R', 'rechtsweiche', 0, 2, 100, 'mm', 'ein_alt', NULL, NULL, NULL, 'CS:magnetartikel.cs2', 'marklin.cs', TRUE, NULL),
('6', 6, 'W 6R', 'rechtsweiche', 1, 2, 100, 'mm', 'ein_alt', NULL, NULL, NULL, 'CS:magnetartikel.cs2', 'marklin.cs', TRUE, NULL),
('7', 7, 'W 7R', 'rechtsweiche', 1, 2, 100, 'mm', 'ein_alt', NULL, NULL, NULL, 'CS:magnetartikel.cs2', 'marklin.cs', TRUE, NULL),
('8', 8, 'W 8L', 'linksweiche', 1, 2, 100, 'mm', 'ein_alt', NULL, NULL, NULL, 'CS:magnetartikel.cs2', 'marklin.cs', TRUE, NULL),
('9', 9, 'W 9L', 'linksweiche', 0, 2, 100, 'mm', 'ein_alt', NULL, NULL, NULL, 'CS:magnetartikel.cs2', 'marklin.cs', TRUE, NULL),
('16', 16, 'S 16', 'lichtsignal_HP01', 0, 2, 100, 'mm', 'ein_alt', NULL, NULL, NULL, 'CS:magnetartikel.cs2', 'marklin.cs', TRUE, NULL),
('17', 17, 'S 17', 'urc_lichtsignal_HP012', 0, 3, 200, 'dcc', 'ein_alt', NULL, NULL, NULL, 'CS:magnetartikel.cs2', 'marklin.cs', TRUE, 18),
('19', 19, 'S 19', 'lichtsignal_HP01', 0, 2, 200, 'dcc', 'ein_alt', NULL, NULL, NULL, 'CS:magnetartikel.cs2', 'marklin.cs', TRUE, NULL),
('20', 20, 'S 20', 'lichtsignal_HP01', 0, 2, 200, 'dcc', 'ein_alt', NULL, NULL, NULL, 'CS:magnetartikel.cs2', 'marklin.cs', TRUE, NULL),
('21', 21, 'S 21', 'lichtsignal_HP01', 0, 2, 200, 'dcc', 'ein_alt', NULL, NULL, NULL, 'CS:magnetartikel.cs2', 'marklin.cs', TRUE, NULL),
('23', 23, 'S 23', 'urc_lichtsignal_HP012', 0, 3, 200, 'dcc', 'ein_alt', NULL, NULL, NULL, 'CS:magnetartikel.cs2', 'marklin.cs', TRUE, 24),
('25', 25, 'S25/26', 'urc_lichtsignal_HP012_SH01', 0, 4, 200, 'dcc', 'ein_alt', NULL, NULL, NULL, 'CS:magnetartikel.cs2', 'marklin.cs', TRUE, 26),
('27', 27, 'S 27/28', 'urc_lichtsignal_HP012_SH01', 0, 4, 200, 'dcc', 'ein_alt', NULL, NULL, NULL, 'CS:magnetartikel.cs2', 'marklin.cs', TRUE, 28),
('29', 29, 'S 29/30', 'urc_lichtsignal_HP012_SH01', 0, 4, 200, 'dcc', 'ein_alt', NULL, NULL, NULL, 'CS:magnetartikel.cs2', 'marklin.cs', TRUE, 30),
('31', 31, 'S 31/32', 'urc_lichtsignal_HP012_SH01', 0, 4, 200, 'dcc', 'ein_alt', NULL, NULL, NULL, 'CS:magnetartikel.cs2', 'marklin.cs', TRUE, 32),
('41', 41, 'S 41', 'lichtsignal_HP01', 0, 2, 200, 'mm', 'ein_alt', NULL, NULL, NULL, 'CS:magnetartikel.cs2', 'marklin.cs', TRUE, NULL),
('43', 43, 'S 43', 'lichtsignal_HP01', 0, 2, 200, 'mm', 'ein_alt', NULL, NULL, NULL, 'CS:magnetartikel.cs2', 'marklin.cs', TRUE, NULL),
('22', 22, 'S 22', 'lichtsignal_HP01', 0, 2, 200, 'dcc', 'ein_alt', NULL, NULL, NULL, 'CS:magnetartikel.cs2', 'marklin.cs', TRUE, NULL),
('100', 100, 'W3 100', 'dreiwegweiche', 0, 3, 200, 'mm', 'ein_alt', NULL, NULL, NULL, 'CS:magnetartikel.cs2', 'marklin.cs', TRUE, 101);      
CREATE UNIQUE NULLS DISTINCT INDEX "jcs"."acce_address_un_idx" ON "jcs"."accessories"("address" NULLS FIRST, "protocol" NULLS FIRST, "command_station_id" NULLS FIRST);        
CREATE UNIQUE NULLS DISTINCT INDEX "jcs"."acce_pk_idx" ON "jcs"."accessories"("id" NULLS FIRST);               
CREATE CACHED TABLE "jcs"."sensors"(
    "id" INTEGER SELECTIVITY 100 NOT NULL,
    "name" CHARACTER VARYING(255) SELECTIVITY 100 NOT NULL,
    "device_id" INTEGER SELECTIVITY 3,
    "contact_id" INTEGER SELECTIVITY 62,
    "status" INTEGER SELECTIVITY 2,
    "previous_status" INTEGER SELECTIVITY 2,
    "millis" INTEGER SELECTIVITY 25,
    "last_updated" DATE SELECTIVITY 2,
    "node_id" INTEGER SELECTIVITY 1,
    "bus_nr" INTEGER DEFAULT 0 SELECTIVITY 4 NOT NULL,
    "command_station_id" CHARACTER VARYING(255) SELECTIVITY 1 NOT NULL
); 
ALTER TABLE "jcs"."sensors" ADD CONSTRAINT "jcs"."sens_pk" PRIMARY KEY("id");  
-- 96 +/- SELECT COUNT(*) FROM jcs.sensors;    
INSERT INTO "jcs"."sensors" VALUES
(1, 'B0-M01-C01', 1, 1, 0, 0, NULL, NULL, 65, 0, 'marklin.cs'),
(2, 'B0-M01-C02', 1, 2, 0, 0, NULL, NULL, 65, 0, 'marklin.cs'),
(3, 'B0-M01-C03', 1, 3, 0, 0, NULL, NULL, 65, 0, 'marklin.cs'),
(4, 'B0-M01-C04', 1, 4, 0, 0, NULL, NULL, 65, 0, 'marklin.cs'),
(5, 'B0-M01-C05', 1, 5, 0, 0, NULL, NULL, 65, 0, 'marklin.cs'),
(6, 'B0-M01-C06', 1, 6, 0, 0, NULL, NULL, 65, 0, 'marklin.cs'),
(7, 'B0-M01-C07', 1, 7, 0, 0, NULL, NULL, 65, 0, 'marklin.cs'),
(8, 'B0-M01-C08', 1, 8, 0, 0, NULL, NULL, 65, 0, 'marklin.cs'),
(9, 'B0-M01-C09', 1, 9, 0, 0, NULL, NULL, 65, 0, 'marklin.cs'),
(10, 'B0-M01-C10', 1, 10, 0, 0, NULL, NULL, 65, 0, 'marklin.cs'),
(11, 'B0-M01-C11', 1, 11, 0, 0, NULL, NULL, 65, 0, 'marklin.cs'),
(12, 'B0-M01-C12', 1, 12, 0, 0, NULL, NULL, 65, 0, 'marklin.cs'),
(13, 'B0-M01-C13', 1, 13, 0, 0, NULL, NULL, 65, 0, 'marklin.cs'),
(14, 'B0-M01-C14', 1, 14, 0, 0, NULL, NULL, 65, 0, 'marklin.cs'),
(15, 'B0-M01-C15', 1, 15, 0, 0, NULL, NULL, 65, 0, 'marklin.cs'),
(16, 'B0-M01-C16', 1, 16, 0, 0, NULL, NULL, 65, 0, 'marklin.cs'),
(1001, 'B1-M01-C01', 65, 1001, 0, 1, 300, DATE '2026-04-27', 65, 1, 'marklin.cs'),
(1002, 'B1-M01-C02', 65, 1002, 0, 1, 400, DATE '2026-04-27', 65, 1, 'marklin.cs'),
(1003, 'B1-M01-C03', 65, 1003, 0, 1, 300, DATE '2026-04-27', 65, 1, 'marklin.cs'),
(1004, 'B1-M01-C04', 65, 1004, 0, 1, 2800, DATE '2026-04-27', 65, 1, 'marklin.cs'),
(1005, 'B1-M01-C05', 65, 1005, 0, 1, 6700, DATE '2026-04-27', 65, 1, 'marklin.cs'),
(1006, 'B1-M01-C06', 65, 1006, 0, 1, 5700, DATE '2026-04-27', 65, 1, 'marklin.cs'),
(1007, 'B1-M01-C07', 65, 1007, 0, 1, 400, DATE '2026-04-27', 65, 1, 'marklin.cs'),
(1008, 'B1-M01-C08', 65, 1008, 0, 1, 200, DATE '2026-04-27', 65, 1, 'marklin.cs'),
(1009, 'B1-M01-C09', 65, 1009, 0, 1, 3600, DATE '2026-04-27', 65, 1, 'marklin.cs'),
(1010, 'B1-M01-C10', NULL, NULL, 1, 1, 0, DATE '2026-04-27', 65, 1, 'marklin.cs'),
(1011, 'B1-M01-C11', 65, 1011, 0, 1, 700, DATE '2026-04-27', 65, 1, 'marklin.cs'),
(1012, 'B1-M01-C12', 65, 1012, 0, 1, 300, DATE '2026-04-27', 65, 1, 'marklin.cs'),
(1013, 'B1-M01-C13', 65, 1013, 0, 1, 1000, DATE '2026-04-27', 65, 1, 'marklin.cs'),
(1014, 'B1-M01-C14', 65, 1014, 0, 1, 1200, DATE '2026-04-27', 65, 1, 'marklin.cs'),
(1015, 'B1-M01-C15', 65, 1015, 1, 0, 250100, DATE '2026-04-27', 65, 1, 'marklin.cs'),
(1016, 'B1-M01-C16', NULL, NULL, 0, 0, 0, DATE '2026-04-27', 65, 1, 'marklin.cs'),
(1017, 'B1-M02-C01', 65, 1017, 0, 1, 200, DATE '2026-04-27', 65, 1, 'marklin.cs'),
(1018, 'B1-M02-C02', 65, 1018, 1, 0, 45600, DATE '2026-04-27', 65, 1, 'marklin.cs'),
(1019, 'B1-M02-C03', 65, 1019, 1, 0, 300, DATE '2026-04-27', 65, 1, 'marklin.cs'),
(1020, 'B1-M02-C04', 65, 1020, 0, 1, 100, DATE '2026-04-27', 65, 1, 'marklin.cs'),
(1021, 'B1-M02-C05', 65, 1021, 0, 1, 2000, DATE '2026-04-27', 65, 1, 'marklin.cs'),
(1022, 'B1-M02-C06', 65, 1022, 0, 1, 5400, DATE '2026-04-27', 65, 1, 'marklin.cs'),
(1023, 'B1-M02-C07', NULL, NULL, 0, 0, 0, DATE '2026-04-27', 65, 1, 'marklin.cs'),
(1024, 'B1-M02-C08', NULL, NULL, 1, 1, 0, DATE '2026-04-27', 65, 1, 'marklin.cs'),
(1025, 'B1-M02-C09', NULL, NULL, 0, 0, 0, DATE '2026-04-27', 65, 1, 'marklin.cs'),
(1026, 'B1-M02-C10', NULL, NULL, 1, 1, 0, DATE '2026-04-27', 65, 1, 'marklin.cs'),
(1027, 'B1-M02-C11', 65, 1027, 1, 0, 41200, DATE '2026-04-27', 65, 1, 'marklin.cs'),
(1028, 'B1-M02-C12', 65, 1028, 0, 1, 1400, DATE '2026-04-27', 65, 1, 'marklin.cs'),
(1029, 'B1-M02-C13', 65, 1029, 0, 1, 300, DATE '2026-04-27', 65, 1, 'marklin.cs'),
(1030, 'B1-M02-C14', NULL, NULL, 1, 1, 0, DATE '2026-04-27', 65, 1, 'marklin.cs'),
(1031, 'B1-M02-C15', NULL, NULL, 1, 1, 0, DATE '2026-04-27', 65, 1, 'marklin.cs'),
(1032, 'B1-M02-C16', 65, 1032, 0, 1, 1800, DATE '2026-04-27', 65, 1, 'marklin.cs'),
(2001, 'B2-M01-C01', NULL, NULL, 0, 0, 0, DATE '2026-04-27', 65, 2, 'marklin.cs'),
(2002, 'B2-M01-C02', 65, 2002, 0, 1, 1100, DATE '2026-04-27', 65, 2, 'marklin.cs'),
(2003, 'B2-M01-C03', 65, 2003, 0, 1, 600, DATE '2026-04-27', 65, 2, 'marklin.cs'),
(2004, 'B2-M01-C04', 65, 2004, 0, 1, 800, DATE '2026-04-27', 65, 2, 'marklin.cs'),
(2005, 'B2-M01-C05', 65, 2005, 0, 1, 700, DATE '2026-04-27', 65, 2, 'marklin.cs');              
INSERT INTO "jcs"."sensors" VALUES
(2006, 'B2-M01-C06', 1, 6, 0, 0, NULL, NULL, 65, 2, 'marklin.cs'),
(2007, 'B2-M01-C07', 65, 2007, 0, 1, 100, DATE '2026-04-27', 65, 2, 'marklin.cs'),
(2008, 'B2-M01-C08', 1, 8, 0, 0, NULL, NULL, 65, 2, 'marklin.cs'),
(2009, 'B2-M01-C09', 1, 9, 0, 0, NULL, NULL, 65, 2, 'marklin.cs'),
(2010, 'B2-M01-C10', 1, 10, 0, 0, NULL, NULL, 65, 2, 'marklin.cs'),
(2011, 'B2-M01-C11', 1, 11, 0, 0, NULL, NULL, 65, 2, 'marklin.cs'),
(2012, 'B2-M01-C12', 1, 12, 0, 0, NULL, NULL, 65, 2, 'marklin.cs'),
(2013, 'B2-M01-C13', 1, 13, 0, 0, NULL, NULL, 65, 2, 'marklin.cs'),
(2014, 'B2-M01-C14', 1, 14, 0, 0, NULL, NULL, 65, 2, 'marklin.cs'),
(2015, 'B2-M01-C15', 1, 15, 0, 0, NULL, NULL, 65, 2, 'marklin.cs'),
(2016, 'B2-M01-C16', 1, 16, 0, 0, NULL, NULL, 65, 2, 'marklin.cs'),
(2017, 'B2-M02-C01', 65, 2017, 0, 1, 700, DATE '2026-04-27', 65, 2, 'marklin.cs'),
(2018, 'B2-M02-C02', 65, 2018, 0, 1, 700, DATE '2026-04-27', 65, 2, 'marklin.cs'),
(2019, 'B2-M02-C03', 65, 2019, 0, 1, 300, DATE '2026-04-27', 65, 2, 'marklin.cs'),
(2020, 'B2-M02-C04', 65, 2020, 0, 1, 13600, DATE '2026-04-27', 65, 2, 'marklin.cs'),
(2021, 'B2-M02-C05', 65, 2021, 0, 1, 2000, DATE '2026-04-27', 65, 2, 'marklin.cs'),
(2022, 'B2-M02-C06', 65, 2022, 0, 1, 200, DATE '2026-04-27', 65, 2, 'marklin.cs'),
(2023, 'B2-M02-C07', 65, 2023, 0, 1, 19800, DATE '2026-04-27', 65, 2, 'marklin.cs'),
(2024, 'B2-M02-C08', 65, 2024, 0, 1, 100, DATE '2026-04-27', 65, 2, 'marklin.cs'),
(2025, 'B2-M02-C09', 65, 2025, 0, 1, 400, DATE '2026-04-27', 65, 2, 'marklin.cs'),
(2026, 'B2-M02-C10', NULL, NULL, 0, 0, 0, DATE '2026-04-27', 65, 2, 'marklin.cs'),
(2027, 'B2-M02-C11', 65, 2027, 1, 0, 90000, DATE '2026-04-27', 65, 2, 'marklin.cs'),
(2028, 'B2-M02-C12', 65, 2028, 0, 1, 24200, DATE '2026-04-27', 65, 2, 'marklin.cs'),
(2029, 'B2-M02-C13', 65, 2029, 0, 1, 300, DATE '2026-04-27', 65, 2, 'marklin.cs'),
(2030, 'B2-M02-C14', 65, 2030, 0, 1, 200, DATE '2026-04-27', 65, 2, 'marklin.cs'),
(2031, 'B2-M02-C15', 65, 2031, 0, 1, 21300, DATE '2026-04-27', 65, 2, 'marklin.cs'),
(2032, 'B2-M02-C16', NULL, NULL, 0, 0, 0, DATE '2026-04-27', 65, 2, 'marklin.cs'),
(3001, 'B3-M01-C01', 1, 1, 0, 0, NULL, NULL, 65, 3, 'marklin.cs'),
(3002, 'B3-M01-C02', 1, 2, 0, 0, NULL, NULL, 65, 3, 'marklin.cs'),
(3003, 'B3-M01-C03', 1, 3, 0, 0, NULL, NULL, 65, 3, 'marklin.cs'),
(3004, 'B3-M01-C04', 1, 4, 0, 0, NULL, NULL, 65, 3, 'marklin.cs'),
(3005, 'B3-M01-C05', 1, 5, 0, 0, NULL, NULL, 65, 3, 'marklin.cs'),
(3006, 'B3-M01-C06', 1, 6, 0, 0, NULL, NULL, 65, 3, 'marklin.cs'),
(3007, 'B3-M01-C07', 1, 7, 0, 0, NULL, NULL, 65, 3, 'marklin.cs'),
(3008, 'B3-M01-C08', 1, 8, 0, 0, NULL, NULL, 65, 3, 'marklin.cs'),
(3009, 'B3-M01-C09', 1, 9, 0, 0, NULL, NULL, 65, 3, 'marklin.cs'),
(3010, 'B3-M01-C10', 1, 10, 0, 0, NULL, NULL, 65, 3, 'marklin.cs'),
(3011, 'B3-M01-C11', 1, 11, 0, 0, NULL, NULL, 65, 3, 'marklin.cs'),
(3012, 'B3-M01-C12', 1, 12, 0, 0, NULL, NULL, 65, 3, 'marklin.cs'),
(3013, 'B3-M01-C13', 1, 13, 0, 0, NULL, NULL, 65, 3, 'marklin.cs'),
(3014, 'B3-M01-C14', 1, 14, 0, 0, NULL, NULL, 65, 3, 'marklin.cs'),
(3015, 'B3-M01-C15', 1, 15, 0, 0, NULL, NULL, 65, 3, 'marklin.cs'),
(3016, 'B3-M01-C16', 1, 16, 0, 0, NULL, NULL, 65, 3, 'marklin.cs');   
CREATE UNIQUE NULLS DISTINCT INDEX "jcs"."sens_pk_idx" ON "jcs"."sensors"("id" NULLS FIRST);   
CREATE CACHED TABLE "jcs"."locomotive_functions"(
    "id" BIGINT GENERATED BY DEFAULT AS IDENTITY(START WITH 1 RESTART WITH 1078) SELECTIVITY 100 NOT NULL,
    "locomotive_id" BIGINT SELECTIVITY 7 NOT NULL,
    "f_number" INTEGER SELECTIVITY 4 NOT NULL,
    "f_type" INTEGER SELECTIVITY 12 NOT NULL,
    "f_value" INTEGER SELECTIVITY 1,
    "f_icon" CHARACTER VARYING(255) SELECTIVITY 14,
    "momentary" BOOLEAN DEFAULT FALSE SELECTIVITY 1 NOT NULL
);          
ALTER TABLE "jcs"."locomotive_functions" ADD CONSTRAINT "jcs"."lofu_pk" PRIMARY KEY("id");     
-- 656 +/- SELECT COUNT(*) FROM jcs.locomotive_functions;      
INSERT INTO "jcs"."locomotive_functions" VALUES
(422, 16407, 0, 1, 0, 'fkticon_i_001', FALSE),
(423, 16407, 1, 48, 0, 'fkticon_i_048', FALSE),
(424, 16407, 2, 23, 0, 'fkticon_i_023', FALSE),
(425, 16407, 3, 10, 0, 'fkticon_i_010', FALSE),
(426, 16407, 4, 48, 0, 'fkticon_i_048', FALSE),
(427, 16407, 5, 20, 0, 'fkticon_i_020', FALSE),
(428, 16407, 6, 41, 0, 'fkticon_i_041', FALSE),
(429, 16407, 7, 10, 0, 'fkticon_i_010', TRUE),
(430, 16407, 8, 42, 0, 'fkticon_i_042', FALSE),
(431, 16407, 9, 18, 0, 'fkticon_i_018', FALSE),
(432, 16407, 10, 108, 0, 'fkticon_i_108', TRUE),
(433, 16407, 11, 43, 0, 'fkticon_i_043', FALSE),
(434, 16407, 12, 29, 0, 'fkticon_i_029', FALSE),
(435, 16407, 13, 92, 0, 'fkticon_i_092', TRUE),
(436, 16407, 14, 44, 0, 'fkticon_i_044', TRUE),
(437, 16407, 15, 112, 0, 'fkticon_i_112', FALSE),
(438, 16407, 16, 5, 0, 'fkticon_i_005', FALSE),
(439, 16407, 17, 11, 0, 'fkticon_i_011', FALSE),
(440, 16407, 18, 8, 0, 'fkticon_i_008', FALSE),
(441, 16407, 19, 118, 0, 'fkticon_i_118', FALSE),
(442, 16390, 0, 282, 0, 'fkticon_i_282', FALSE),
(443, 16390, 1, 4, 0, 'fkticon_i_004', FALSE),
(444, 16390, 2, 23, 0, 'fkticon_i_023', FALSE),
(445, 16390, 3, 10, 0, 'fkticon_i_010', FALSE),
(446, 16390, 4, 18, 0, 'fkticon_i_018', FALSE),
(447, 16390, 5, 20, 0, 'fkticon_i_020', FALSE),
(448, 16390, 6, 41, 0, 'fkticon_i_041', FALSE),
(449, 16390, 7, 10, 0, 'fkticon_i_010', FALSE),
(450, 16390, 8, 42, 0, 'fkticon_i_042', FALSE),
(451, 16390, 9, 116, 0, 'fkticon_i_116', FALSE),
(452, 16390, 10, 92, 0, 'fkticon_i_092', TRUE),
(453, 16390, 11, 25, 0, 'fkticon_i_025', TRUE),
(454, 16390, 12, 11, 0, 'fkticon_i_011', FALSE),
(455, 16390, 13, 25, 0, 'fkticon_i_025', TRUE),
(456, 16390, 14, 112, 0, 'fkticon_i_112', FALSE),
(457, 16408, 0, 1, 0, 'fkticon_i_001', FALSE),
(458, 16408, 1, 84, 0, 'fkticon_i_084', FALSE),
(459, 16408, 2, 23, 0, 'fkticon_i_023', FALSE),
(460, 16408, 3, 10, 0, 'fkticon_i_010', FALSE),
(461, 16408, 4, 85, 0, 'fkticon_i_085', FALSE),
(462, 16408, 5, 18, 0, 'fkticon_i_018', FALSE),
(463, 16408, 6, 20, 0, 'fkticon_i_020', FALSE),
(464, 16408, 7, 48, 0, 'fkticon_i_048', FALSE),
(465, 16408, 8, 41, 0, 'fkticon_i_041', FALSE),
(466, 16408, 9, 250, 0, 'fkticon_i_250', TRUE),
(467, 16408, 10, 8, 0, 'fkticon_i_008', FALSE),
(468, 16408, 11, 42, 0, 'fkticon_i_042', FALSE),
(469, 16408, 12, 43, 0, 'fkticon_i_043', TRUE),
(470, 16408, 13, 43, 0, 'fkticon_i_043', TRUE),
(471, 16408, 14, 29, 0, 'fkticon_i_029', FALSE),
(472, 16408, 15, 112, 1, 'fkticon_a_112', FALSE),
(473, 16408, 16, 116, 0, 'fkticon_i_116', FALSE),
(474, 16408, 17, 92, 0, 'fkticon_i_092', TRUE),
(475, 16408, 18, 25, 0, 'fkticon_i_025', TRUE),
(476, 16408, 19, 11, 0, 'fkticon_i_011', TRUE),
(477, 16408, 20, 118, 0, 'fkticon_i_118', FALSE),
(478, 16408, 21, 118, 0, 'fkticon_i_118', FALSE),
(479, 16408, 22, 118, 0, 'fkticon_i_118', FALSE),
(480, 16408, 23, 146, 0, 'fkticon_i_146', FALSE),
(481, 16408, 24, 108, 0, 'fkticon_i_108', TRUE),
(482, 16408, 25, 105, 0, 'fkticon_i_105', FALSE),
(483, 16408, 26, 3, 0, 'fkticon_i_003', FALSE),
(484, 16389, 0, 1, 1, 'fkticon_a_001', FALSE),
(485, 16389, 1, 44, 0, 'fkticon_i_044', TRUE),
(486, 16389, 2, 23, 0, 'fkticon_i_023', FALSE),
(487, 16389, 3, 10, 0, 'fkticon_i_010', FALSE),
(488, 16389, 4, 18, 0, 'fkticon_i_018', FALSE),
(489, 16389, 5, 20, 0, 'fkticon_i_020', FALSE),
(490, 16389, 6, 41, 0, 'fkticon_i_041', FALSE),
(491, 16389, 7, 10, 0, 'fkticon_i_010', FALSE),
(492, 16389, 8, 42, 0, 'fkticon_i_042', FALSE),
(493, 16389, 9, 43, 0, 'fkticon_i_043', TRUE),
(494, 16389, 10, 43, 0, 'fkticon_i_043', TRUE),
(495, 16389, 11, 29, 0, 'fkticon_i_029', FALSE),
(496, 16389, 12, 11, 0, 'fkticon_i_011', FALSE),
(497, 16389, 13, 116, 0, 'fkticon_i_116', FALSE),
(498, 16389, 14, 92, 0, 'fkticon_i_092', TRUE),
(499, 16389, 15, 10, 0, 'fkticon_i_010', TRUE),
(500, 16403, 0, 1, 1, 'fkticon_a_001', FALSE),
(501, 16403, 1, 48, 0, 'fkticon_i_048', FALSE),
(502, 16403, 2, 23, 0, 'fkticon_i_023', FALSE),
(503, 16403, 3, 251, 0, 'fkticon_i_251', FALSE),
(504, 16403, 4, 18, 0, 'fkticon_i_018', FALSE),
(505, 16403, 5, 20, 0, 'fkticon_i_020', FALSE);     
INSERT INTO "jcs"."locomotive_functions" VALUES
(506, 16403, 6, 41, 0, 'fkticon_i_041', FALSE),
(507, 16403, 7, 251, 0, 'fkticon_i_251', FALSE),
(508, 16403, 8, 42, 0, 'fkticon_i_042', FALSE),
(509, 16403, 9, 4, 0, 'fkticon_i_004', FALSE),
(510, 16403, 10, 118, 0, 'fkticon_i_118', FALSE),
(511, 16403, 11, 118, 0, 'fkticon_i_118', FALSE),
(512, 16403, 12, 3, 0, 'fkticon_i_003', FALSE),
(513, 16403, 13, 47, 0, 'fkticon_i_047', FALSE),
(514, 16403, 14, 250, 0, 'fkticon_i_250', TRUE),
(515, 16403, 15, 112, 0, 'fkticon_i_112', FALSE),
(516, 16403, 16, 8, 0, 'fkticon_i_008', FALSE),
(517, 16403, 17, 29, 0, 'fkticon_i_029', FALSE),
(518, 16403, 18, 116, 0, 'fkticon_i_116', FALSE),
(519, 16403, 19, 92, 0, 'fkticon_i_092', TRUE),
(520, 16403, 20, 108, 0, 'fkticon_i_108', TRUE),
(521, 16403, 21, 146, 0, 'fkticon_i_146', FALSE),
(522, 16403, 22, 244, 0, 'fkticon_i_244', FALSE),
(523, 16403, 23, 132, 0, 'fkticon_i_132', TRUE),
(524, 16403, 24, 132, 0, 'fkticon_i_132', TRUE),
(525, 16403, 25, 118, 0, 'fkticon_i_118', FALSE),
(526, 16403, 26, 43, 0, 'fkticon_i_043', TRUE),
(527, 16403, 27, 43, 0, 'fkticon_i_043', TRUE),
(528, 16421, 0, 1, 1, 'fkticon_a_001', FALSE),
(529, 16421, 1, 7, 0, 'fkticon_i_007', FALSE),
(530, 16421, 2, 23, 0, 'fkticon_i_023', FALSE),
(531, 16421, 3, 251, 0, 'fkticon_i_251', FALSE),
(532, 16421, 4, 18, 0, 'fkticon_i_018', FALSE),
(533, 16421, 5, 20, 0, 'fkticon_i_020', FALSE),
(534, 16421, 6, 41, 0, 'fkticon_i_041', FALSE),
(535, 16421, 7, 250, 0, 'fkticon_i_250', TRUE),
(536, 16421, 8, 42, 0, 'fkticon_i_042', FALSE),
(537, 16421, 9, 48, 0, 'fkticon_i_048', FALSE),
(538, 16421, 10, 29, 0, 'fkticon_i_029', FALSE),
(539, 16421, 11, 117, 0, 'fkticon_i_117', FALSE),
(540, 16421, 12, 116, 0, 'fkticon_i_116', FALSE),
(541, 16421, 13, 92, 0, 'fkticon_i_092', TRUE),
(542, 16421, 14, 118, 0, 'fkticon_i_118', FALSE),
(543, 16421, 15, 112, 0, 'fkticon_i_112', FALSE),
(544, 16421, 16, 8, 0, 'fkticon_i_008', FALSE),
(545, 16421, 17, 108, 0, 'fkticon_i_108', TRUE),
(546, 16421, 18, 251, 0, 'fkticon_i_251', FALSE),
(547, 16421, 19, 250, 0, 'fkticon_i_250', TRUE),
(548, 16421, 20, 8, 0, 'fkticon_i_008', FALSE),
(549, 16421, 21, 43, 0, 'fkticon_i_043', TRUE),
(550, 16421, 22, 228, 0, 'fkticon_i_228', FALSE),
(551, 16421, 23, 43, 0, 'fkticon_i_043', TRUE),
(552, 16421, 24, 132, 0, 'fkticon_i_132', FALSE),
(553, 16421, 25, 132, 0, 'fkticon_i_132', FALSE),
(554, 16421, 26, 146, 0, 'fkticon_i_146', FALSE),
(555, 16394, 0, 1, 1, 'fkticon_a_001', FALSE),
(556, 16394, 1, 2, 1, 'fkticon_a_002', FALSE),
(557, 16394, 2, 23, 0, 'fkticon_i_023', FALSE),
(558, 16394, 3, 10, 0, 'fkticon_i_010', FALSE),
(559, 16394, 4, 18, 0, 'fkticon_i_018', FALSE),
(560, 16394, 5, 20, 0, 'fkticon_i_020', FALSE),
(561, 16394, 6, 41, 0, 'fkticon_i_041', FALSE),
(562, 16394, 7, 25, 0, 'fkticon_i_025', TRUE),
(563, 16394, 8, 42, 0, 'fkticon_i_042', FALSE),
(564, 16394, 9, 28, 0, 'fkticon_i_028', FALSE),
(565, 16394, 10, 11, 0, 'fkticon_i_011', FALSE),
(566, 16394, 11, 101, 0, 'fkticon_i_101', FALSE),
(567, 16394, 12, 104, 0, 'fkticon_i_104', TRUE),
(568, 16394, 13, 121, 0, 'fkticon_i_121', TRUE),
(569, 16394, 14, 92, 0, 'fkticon_i_092', TRUE),
(570, 16394, 15, 112, 0, 'fkticon_i_112', FALSE),
(571, 16394, 16, 8, 0, 'fkticon_i_008', FALSE),
(572, 16394, 17, 122, 0, 'fkticon_i_122', TRUE),
(573, 16394, 18, 37, 0, 'fkticon_i_037', FALSE),
(574, 16394, 19, 92, 0, 'fkticon_i_092', TRUE),
(575, 16394, 20, 108, 0, 'fkticon_i_108', TRUE),
(576, 16394, 21, 43, 0, 'fkticon_i_043', TRUE),
(577, 16394, 22, 5, 0, 'fkticon_i_005', FALSE),
(578, 16394, 23, 43, 0, 'fkticon_i_043', TRUE),
(579, 16394, 24, 132, 0, 'fkticon_i_132', FALSE),
(580, 16394, 25, 132, 0, 'fkticon_i_132', FALSE),
(581, 16394, 26, 28, 0, 'fkticon_i_028', FALSE),
(582, 16401, 0, 1, 1, 'fkticon_a_001', FALSE),
(583, 16401, 1, 7, 0, 'fkticon_i_007', FALSE),
(584, 16401, 2, 23, 0, 'fkticon_i_023', FALSE),
(585, 16401, 3, 12, 0, 'fkticon_i_012', FALSE),
(586, 16401, 4, 18, 0, 'fkticon_i_018', FALSE),
(587, 16401, 5, 20, 0, 'fkticon_i_020', FALSE),
(588, 16401, 6, 136, 0, 'fkticon_i_136', FALSE),
(589, 16401, 7, 31, 1, 'fkticon_a_031', FALSE);             
INSERT INTO "jcs"."locomotive_functions" VALUES
(590, 16401, 8, 106, 0, 'fkticon_i_106', FALSE),
(591, 16401, 9, 91, 0, 'fkticon_i_091', TRUE),
(592, 16401, 10, 26, 0, 'fkticon_i_026', FALSE),
(593, 16401, 11, 36, 0, 'fkticon_i_036', FALSE),
(594, 16401, 12, 111, 0, 'fkticon_i_111', FALSE),
(595, 16401, 13, 49, 0, 'fkticon_i_049', FALSE),
(596, 16401, 14, 12, 0, 'fkticon_i_012', TRUE),
(597, 16401, 15, 112, 0, 'fkticon_i_112', FALSE),
(598, 16401, 16, 42, 0, 'fkticon_i_042', FALSE),
(599, 16401, 17, 41, 0, 'fkticon_i_041', FALSE),
(600, 16401, 18, 13, 0, 'fkticon_i_013', FALSE),
(601, 16401, 19, 108, 0, 'fkticon_i_108', TRUE),
(602, 16401, 20, 47, 0, 'fkticon_i_047', FALSE),
(603, 16401, 21, 8, 0, 'fkticon_i_008', FALSE),
(604, 16401, 22, 22, 0, 'fkticon_i_022', FALSE),
(605, 16401, 23, 25, 0, 'fkticon_i_025', TRUE),
(606, 16401, 24, 37, 0, 'fkticon_i_037', FALSE),
(607, 16401, 25, 123, 0, 'fkticon_i_123', FALSE),
(608, 16401, 26, 43, 0, 'fkticon_i_043', TRUE),
(609, 16401, 27, 43, 0, 'fkticon_i_043', TRUE),
(610, 16401, 28, 11, 0, 'fkticon_i_011', FALSE),
(611, 3, 0, 1, 1, 'fkticon_a_001', FALSE),
(612, 3, 1, 32, 1, 'fkticon_a_032', FALSE),
(613, 3, 2, 32, 1, 'fkticon_a_032', FALSE),
(614, 3, 3, 8, 1, 'fkticon_a_008', FALSE),
(615, 3, 4, 18, 0, 'fkticon_i_018', FALSE),
(616, 23, 0, 1, 1, 'fkticon_a_001', FALSE),
(617, 23, 2, 4, 0, 'fkticon_i_004', FALSE),
(618, 23, 3, 8, 0, 'fkticon_i_008', FALSE),
(619, 23, 4, 18, 0, 'fkticon_i_018', FALSE),
(620, 12, 0, 1, 1, 'fkticon_a_001', FALSE),
(621, 12, 3, 8, 0, 'fkticon_i_008', FALSE),
(622, 12, 4, 18, 0, 'fkticon_i_018', FALSE),
(623, 16396, 0, 282, 1, 'fkticon_a_282', FALSE),
(624, 16396, 3, 8, 0, 'fkticon_i_008', FALSE),
(625, 16396, 4, 18, 0, 'fkticon_i_018', FALSE),
(626, 16418, 0, 1, 1, 'fkticon_a_001', FALSE),
(627, 16418, 3, 8, 0, 'fkticon_i_008', FALSE),
(628, 16418, 4, 18, 0, 'fkticon_i_018', FALSE),
(629, 16418, 5, 42, 0, 'fkticon_i_042', FALSE),
(630, 16418, 6, 41, 0, 'fkticon_i_041', FALSE),
(631, 16418, 7, 3, 0, 'fkticon_i_003', FALSE),
(632, 16418, 8, 105, 0, 'fkticon_i_105', FALSE),
(633, 16409, 0, 1, 1, 'fkticon_a_001', FALSE),
(634, 16409, 1, 83, 0, 'fkticon_i_083', FALSE),
(635, 16409, 2, 82, 0, 'fkticon_i_082', FALSE),
(636, 16409, 3, 8, 0, 'fkticon_i_008', FALSE),
(637, 16409, 4, 18, 0, 'fkticon_i_018', FALSE),
(638, 16409, 5, 118, 0, 'fkticon_i_118', FALSE),
(639, 16392, 0, 1, 1, 'fkticon_a_001', FALSE),
(640, 16392, 1, 7, 0, 'fkticon_i_007', FALSE),
(641, 16392, 2, 23, 0, 'fkticon_i_023', FALSE),
(642, 16392, 3, 12, 0, 'fkticon_i_012', FALSE),
(643, 16392, 4, 18, 0, 'fkticon_i_018', FALSE),
(644, 16392, 5, 20, 0, 'fkticon_i_020', FALSE),
(645, 16392, 6, 82, 0, 'fkticon_i_082', FALSE),
(646, 16392, 7, 12, 0, 'fkticon_i_012', TRUE),
(647, 16392, 8, 31, 0, 'fkticon_i_031', FALSE),
(648, 16392, 9, 106, 0, 'fkticon_i_106', FALSE),
(649, 16392, 10, 91, 0, 'fkticon_i_091', TRUE),
(650, 16392, 11, 26, 0, 'fkticon_i_026', FALSE),
(651, 16392, 12, 36, 0, 'fkticon_i_036', FALSE),
(652, 16392, 13, 111, 0, 'fkticon_i_111', FALSE),
(653, 16392, 14, 49, 0, 'fkticon_i_049', FALSE),
(654, 16392, 16, 5, 0, 'fkticon_i_005', FALSE),
(655, 16392, 17, 5, 0, 'fkticon_i_005', FALSE),
(656, 16392, 18, 5, 0, 'fkticon_i_005', FALSE),
(657, 16392, 19, 108, 0, 'fkticon_i_108', TRUE),
(658, 16392, 20, 43, 0, 'fkticon_i_043', FALSE),
(659, 16392, 21, 8, 0, 'fkticon_i_008', FALSE),
(660, 16392, 22, 22, 0, 'fkticon_i_022', FALSE),
(661, 16392, 24, 31, 0, 'fkticon_i_031', FALSE),
(662, 16392, 25, 37, 0, 'fkticon_i_037', FALSE),
(663, 16392, 26, 123, 0, 'fkticon_i_123', TRUE),
(664, 61, 0, 1, 1, 'fkticon_a_001', FALSE),
(665, 61, 3, 8, 0, 'fkticon_i_008', FALSE),
(666, 61, 4, 18, 0, 'fkticon_i_018', FALSE),
(667, 16411, 0, 1, 1, 'fkticon_a_001', FALSE),
(668, 16411, 1, 48, 1, 'fkticon_a_048', FALSE),
(669, 16411, 2, 48, 1, 'fkticon_a_048', FALSE),
(670, 16411, 3, 8, 0, 'fkticon_i_008', FALSE),
(671, 16411, 4, 18, 0, 'fkticon_i_018', FALSE),
(672, 2, 0, 1, 1, 'fkticon_a_001', FALSE),
(673, 2, 3, 8, 0, 'fkticon_i_008', FALSE),
(674, 2, 4, 18, 0, 'fkticon_i_018', FALSE),
(675, 16399, 0, 1, 1, 'fkticon_a_001', FALSE);     
INSERT INTO "jcs"."locomotive_functions" VALUES
(676, 16399, 1, 4, 1, 'fkticon_a_004', FALSE),
(677, 16399, 2, 32, 1, 'fkticon_a_032', FALSE),
(678, 16399, 3, 48, 0, 'fkticon_i_048', FALSE),
(679, 16399, 4, 32, 1, 'fkticon_a_032', FALSE),
(680, 16391, 0, 282, 1, 'fkticon_a_282', FALSE),
(681, 16391, 2, 23, 0, 'fkticon_i_023', FALSE),
(682, 16391, 3, 10, 0, 'fkticon_i_010', TRUE),
(683, 16391, 4, 18, 0, 'fkticon_i_018', FALSE),
(684, 16406, 0, 1, 1, 'fkticon_a_001', FALSE),
(685, 16406, 1, 47, 0, 'fkticon_i_047', FALSE),
(686, 16406, 2, 118, 0, 'fkticon_i_118', FALSE),
(687, 16406, 3, 8, 0, 'fkticon_i_008', FALSE),
(688, 16406, 4, 18, 0, 'fkticon_i_018', FALSE),
(689, 16406, 5, 42, 0, 'fkticon_i_042', FALSE),
(690, 16406, 6, 41, 0, 'fkticon_i_041', FALSE),
(691, 16395, 0, 1, 1, 'fkticon_a_001', FALSE),
(692, 16395, 1, 44, 0, 'fkticon_i_044', TRUE),
(693, 16395, 2, 23, 0, 'fkticon_i_023', FALSE),
(694, 16395, 3, 10, 0, 'fkticon_i_010', FALSE),
(695, 16395, 4, 18, 0, 'fkticon_i_018', FALSE),
(696, 16395, 5, 20, 0, 'fkticon_i_020', FALSE),
(697, 16395, 6, 41, 0, 'fkticon_i_041', FALSE),
(698, 16395, 7, 10, 0, 'fkticon_i_010', TRUE),
(699, 16395, 8, 42, 0, 'fkticon_i_042', FALSE),
(700, 16395, 9, 43, 0, 'fkticon_i_043', TRUE),
(701, 16395, 10, 43, 0, 'fkticon_i_043', TRUE),
(702, 16395, 11, 92, 0, 'fkticon_i_092', TRUE),
(703, 16395, 12, 29, 0, 'fkticon_i_029', FALSE),
(704, 16395, 13, 11, 0, 'fkticon_i_011', FALSE),
(705, 16395, 14, 37, 0, 'fkticon_i_037', FALSE),
(706, 16413, 0, 1, 1, 'fkticon_a_001', FALSE),
(707, 16413, 1, 1, 1, 'fkticon_a_001', FALSE),
(708, 16413, 2, 48, 1, 'fkticon_a_048', FALSE),
(709, 16413, 3, 5, 0, 'fkticon_i_005', FALSE),
(710, 16413, 4, 10, 0, 'fkticon_i_010', TRUE),
(711, 16413, 5, 10, 0, 'fkticon_i_010', TRUE),
(712, 16413, 6, 8, 0, 'fkticon_i_008', FALSE),
(713, 16413, 7, 5, 0, 'fkticon_i_005', TRUE),
(714, 16413, 8, 28, 0, 'fkticon_i_028', FALSE),
(715, 16413, 9, 103, 0, 'fkticon_i_103', TRUE),
(716, 16413, 10, 10, 0, 'fkticon_i_010', TRUE),
(717, 16413, 11, 23, 0, 'fkticon_i_023', FALSE),
(718, 16413, 12, 28, 0, 'fkticon_i_028', FALSE),
(719, 16413, 13, 5, 0, 'fkticon_i_005', TRUE),
(720, 16413, 14, 45, 0, 'fkticon_i_045', TRUE),
(721, 16413, 15, 28, 0, 'fkticon_i_028', FALSE),
(722, 16413, 16, 28, 0, 'fkticon_i_028', FALSE),
(723, 16413, 17, 11, 0, 'fkticon_i_011', TRUE),
(724, 16413, 18, 129, 0, 'fkticon_i_129', FALSE),
(725, 16413, 19, 89, 0, 'fkticon_i_089', FALSE),
(726, 16413, 20, 28, 0, 'fkticon_i_028', FALSE),
(727, 16413, 21, 37, 0, 'fkticon_i_037', FALSE),
(728, 16413, 22, 5, 0, 'fkticon_i_005', FALSE),
(729, 16413, 23, 28, 0, 'fkticon_i_028', FALSE),
(730, 16413, 24, 23, 0, 'fkticon_i_023', FALSE),
(731, 16413, 25, 20, 0, 'fkticon_i_020', FALSE),
(732, 16413, 26, 13, 0, 'fkticon_i_013', TRUE),
(733, 16414, 0, 1, 1, 'fkticon_a_001', FALSE),
(734, 16414, 2, 4, 1, 'fkticon_a_004', FALSE),
(735, 16414, 3, 8, 0, 'fkticon_i_008', FALSE),
(736, 16414, 4, 18, 0, 'fkticon_i_018', FALSE),
(737, 15, 0, 1, 1, 'fkticon_a_001', FALSE),
(738, 15, 3, 18, 0, 'fkticon_i_018', FALSE),
(739, 15, 4, 18, 0, 'fkticon_i_018', FALSE),
(740, 16397, 0, 1, 1, 'fkticon_a_001', FALSE),
(741, 16397, 1, 48, 0, 'fkticon_i_048', FALSE),
(742, 16397, 2, 48, 0, 'fkticon_i_048', FALSE),
(743, 16397, 3, 8, 0, 'fkticon_i_008', FALSE),
(744, 16397, 4, 18, 0, 'fkticon_i_018', FALSE),
(745, 16397, 5, 42, 0, 'fkticon_i_042', FALSE),
(746, 16397, 6, 41, 0, 'fkticon_i_041', FALSE),
(747, 16397, 7, 118, 0, 'fkticon_i_118', FALSE),
(748, 49163, 0, 1, 1, 'fkticon_a_001', FALSE),
(749, 49163, 1, 118, 0, 'fkticon_i_118', FALSE),
(750, 49163, 2, 47, 0, 'fkticon_i_047', FALSE),
(751, 49163, 3, 8, 0, 'fkticon_i_008', FALSE),
(752, 49163, 4, 18, 0, 'fkticon_i_018', FALSE),
(753, 49163, 5, 41, 0, 'fkticon_i_041', FALSE),
(754, 49163, 6, 42, 0, 'fkticon_i_042', FALSE),
(755, 68, 0, 1, 1, 'fkticon_a_001', FALSE),
(756, 68, 3, 8, 0, 'fkticon_i_008', FALSE),
(757, 68, 4, 18, 0, 'fkticon_i_018', FALSE),
(758, 39, 0, 1, 1, 'fkticon_a_001', FALSE),
(759, 39, 3, 8, 0, 'fkticon_i_008', FALSE),
(760, 39, 4, 18, 0, 'fkticon_i_018', FALSE),
(761, 49189, 0, 1, 1, 'fkticon_a_001', FALSE);      
INSERT INTO "jcs"."locomotive_functions" VALUES
(762, 49189, 1, 118, 0, 'fkticon_i_118', FALSE),
(763, 49189, 2, 52, 0, 'fkticon_i_052', FALSE),
(764, 49189, 3, 8, 0, 'fkticon_i_008', FALSE),
(765, 49189, 4, 102, 0, 'fkticon_i_102', FALSE),
(766, 49189, 5, 42, 0, 'fkticon_i_042', FALSE),
(767, 49189, 6, 41, 0, 'fkticon_i_041', FALSE),
(768, 49189, 7, 47, 0, 'fkticon_i_047', FALSE),
(769, 16412, 0, 1, 1, 'fkticon_a_001', FALSE),
(770, 16412, 1, 118, 0, 'fkticon_i_118', FALSE),
(771, 16412, 3, 8, 0, 'fkticon_i_008', FALSE),
(772, 16412, 4, 18, 0, 'fkticon_i_018', FALSE),
(773, 16412, 5, 42, 0, 'fkticon_i_042', FALSE),
(774, 16412, 6, 42, 0, 'fkticon_i_042', FALSE),
(775, 16412, 7, 47, 0, 'fkticon_i_047', FALSE),
(776, 16412, 8, 199, 0, 'fkticon_i_199', FALSE),
(777, 16404, 0, 1, 1, 'fkticon_a_001', FALSE),
(778, 16404, 1, 48, 0, 'fkticon_i_048', FALSE),
(779, 16404, 2, 23, 0, 'fkticon_i_023', FALSE),
(780, 16404, 3, 8, 0, 'fkticon_i_008', FALSE),
(781, 16404, 4, 18, 0, 'fkticon_i_018', FALSE),
(782, 16404, 5, 42, 0, 'fkticon_i_042', FALSE),
(783, 16404, 6, 41, 0, 'fkticon_i_041', FALSE),
(784, 16404, 7, 10, 0, 'fkticon_i_010', FALSE),
(785, 16404, 8, 10, 0, 'fkticon_i_010', FALSE),
(786, 16404, 9, 29, 0, 'fkticon_i_029', FALSE),
(787, 16404, 10, 116, 0, 'fkticon_i_116', FALSE),
(788, 16404, 11, 49, 0, 'fkticon_i_049', TRUE),
(789, 16404, 12, 10, 0, 'fkticon_i_010', TRUE),
(790, 16404, 13, 10, 0, 'fkticon_i_010', TRUE),
(791, 16404, 14, 11, 0, 'fkticon_i_011', FALSE),
(792, 16404, 15, 28, 0, 'fkticon_i_028', TRUE),
(793, 16404, 16, 43, 0, 'fkticon_i_043', TRUE),
(794, 16404, 17, 5, 0, 'fkticon_i_005', TRUE),
(795, 16404, 18, 20, 0, 'fkticon_i_020', FALSE),
(796, 16404, 19, 37, 0, 'fkticon_i_037', FALSE),
(797, 16404, 20, 129, 0, 'fkticon_i_129', FALSE),
(798, 16404, 22, 125, 0, 'fkticon_i_125', FALSE),
(799, 16404, 24, 108, 0, 'fkticon_i_108', TRUE),
(800, 16404, 31, 5, 1, 'fkticon_a_005', FALSE),
(801, 16405, 0, 1, 1, 'fkticon_a_001', FALSE),
(802, 16405, 1, 212, 1, 'fkticon_a_212', FALSE),
(803, 16405, 2, 118, 0, 'fkticon_i_118', FALSE),
(804, 16405, 3, 8, 0, 'fkticon_i_008', FALSE),
(805, 16405, 4, 18, 0, 'fkticon_i_018', FALSE),
(806, 16405, 5, 42, 0, 'fkticon_i_042', FALSE),
(807, 16405, 6, 41, 0, 'fkticon_i_041', FALSE),
(808, 63, 0, 1, 1, 'fkticon_a_001', FALSE),
(809, 63, 3, 8, 0, 'fkticon_i_008', FALSE),
(810, 63, 4, 18, 0, 'fkticon_i_018', FALSE),
(811, 49159, 0, 282, 0, 'fkticon_i_282', FALSE),
(812, 49159, 1, 48, 0, 'fkticon_i_048', FALSE),
(813, 49159, 2, 48, 0, 'fkticon_i_048', FALSE),
(814, 49159, 3, 18, 0, 'fkticon_i_018', FALSE),
(815, 49159, 4, 18, 0, 'fkticon_i_018', FALSE),
(816, 49156, 0, 1, 1, 'fkticon_a_001', FALSE),
(817, 49156, 1, 2, 1, 'fkticon_a_002', FALSE),
(818, 49156, 2, 2, 1, 'fkticon_a_002', FALSE),
(819, 49156, 3, 8, 0, 'fkticon_i_008', FALSE),
(820, 49156, 4, 18, 0, 'fkticon_i_018', FALSE),
(821, 16419, 0, 1, 0, 'fkticon_i_001', FALSE),
(822, 16419, 1, 32, 0, 'fkticon_i_032', FALSE),
(823, 16419, 2, 23, 0, 'fkticon_i_023', FALSE),
(824, 16419, 3, 251, 0, 'fkticon_i_251', FALSE),
(825, 16419, 4, 18, 0, 'fkticon_i_018', FALSE),
(826, 16419, 5, 20, 0, 'fkticon_i_020', FALSE),
(827, 16419, 6, 48, 0, 'fkticon_i_048', FALSE),
(828, 16419, 7, 251, 0, 'fkticon_i_251', FALSE),
(829, 16419, 8, 48, 0, 'fkticon_i_048', FALSE),
(830, 16419, 9, 125, 0, 'fkticon_i_125', FALSE),
(831, 16419, 10, 29, 0, 'fkticon_i_029', FALSE),
(832, 16419, 11, 13, 0, 'fkticon_i_013', FALSE),
(833, 16419, 12, 38, 1, 'fkticon_a_038', FALSE),
(834, 16419, 13, 126, 1, 'fkticon_a_126', FALSE),
(835, 16419, 14, 224, 1, 'fkticon_a_224', FALSE),
(836, 16419, 15, 112, 0, 'fkticon_i_112', FALSE),
(837, 16419, 16, 228, 0, 'fkticon_i_228', FALSE),
(838, 16419, 17, 108, 0, 'fkticon_i_108', TRUE),
(839, 16419, 18, 11, 0, 'fkticon_i_011', FALSE),
(840, 16419, 19, 28, 0, 'fkticon_i_028', TRUE),
(841, 16419, 20, 105, 0, 'fkticon_i_105', TRUE),
(842, 16419, 21, 105, 0, 'fkticon_i_105', TRUE),
(843, 16419, 22, 116, 0, 'fkticon_i_116', FALSE),
(844, 16419, 23, 92, 0, 'fkticon_i_092', TRUE),
(845, 16419, 24, 250, 0, 'fkticon_i_250', TRUE),
(846, 16419, 25, 250, 0, 'fkticon_i_250', TRUE); 
INSERT INTO "jcs"."locomotive_functions" VALUES
(847, 16419, 26, 22, 0, 'fkticon_i_022', FALSE),
(848, 16419, 27, 37, 0, 'fkticon_i_037', FALSE),
(849, 16419, 28, 8, 0, 'fkticon_i_008', FALSE),
(850, 16419, 29, 25, 0, 'fkticon_i_025', TRUE),
(851, 16419, 30, 206, 0, 'fkticon_i_206', TRUE),
(852, 16415, 0, 1, 1, 'fkticon_a_001', FALSE),
(853, 16415, 1, 32, 1, 'fkticon_a_032', FALSE),
(854, 16415, 2, 23, 0, 'fkticon_i_023', FALSE),
(855, 16415, 3, 10, 0, 'fkticon_i_010', FALSE),
(856, 16415, 4, 18, 0, 'fkticon_i_018', FALSE),
(857, 16415, 5, 20, 0, 'fkticon_i_020', FALSE),
(858, 16415, 6, 48, 0, 'fkticon_i_048', FALSE),
(859, 16415, 7, 10, 0, 'fkticon_i_010', FALSE),
(860, 16415, 8, 48, 1, 'fkticon_a_048', FALSE),
(861, 16415, 9, 125, 0, 'fkticon_i_125', FALSE),
(862, 16415, 10, 29, 0, 'fkticon_i_029', FALSE),
(863, 16415, 11, 34, 0, 'fkticon_i_034', FALSE),
(864, 16415, 12, 126, 0, 'fkticon_i_126', FALSE),
(865, 16415, 13, 2, 0, 'fkticon_i_002', FALSE),
(866, 16415, 14, 5, 0, 'fkticon_i_005', FALSE),
(867, 16415, 15, 112, 0, 'fkticon_i_112', FALSE),
(868, 16415, 16, 108, 0, 'fkticon_i_108', TRUE),
(869, 16415, 17, 11, 0, 'fkticon_i_011', FALSE),
(870, 16415, 18, 28, 0, 'fkticon_i_028', TRUE),
(871, 16415, 19, 116, 0, 'fkticon_i_116', FALSE),
(872, 16415, 20, 92, 0, 'fkticon_i_092', TRUE),
(873, 16415, 21, 10, 0, 'fkticon_i_010', TRUE),
(874, 16415, 22, 10, 0, 'fkticon_i_010', TRUE),
(875, 16415, 23, 25, 0, 'fkticon_i_025', TRUE),
(876, 16415, 24, 37, 0, 'fkticon_i_037', FALSE),
(877, 16415, 25, 8, 0, 'fkticon_i_008', FALSE),
(878, 16415, 26, 25, 0, 'fkticon_i_025', TRUE),
(879, 16415, 27, 45, 0, 'fkticon_i_045', TRUE),
(880, 16410, 0, 1, 1, 'fkticon_a_001', FALSE),
(881, 16410, 1, 233, 0, 'fkticon_i_233', FALSE),
(882, 16410, 3, 8, 0, 'fkticon_i_008', FALSE),
(883, 16410, 4, 18, 0, 'fkticon_i_018', FALSE),
(884, 16410, 5, 42, 0, 'fkticon_i_042', FALSE),
(885, 16410, 6, 41, 0, 'fkticon_i_041', FALSE),
(886, 16393, 0, 1, 0, 'fkticon_i_001', FALSE),
(887, 16393, 1, 7, 0, 'fkticon_i_007', FALSE),
(888, 16393, 2, 23, 0, 'fkticon_i_023', FALSE),
(889, 16393, 3, 8, 0, 'fkticon_i_008', FALSE),
(890, 16393, 4, 18, 0, 'fkticon_i_018', FALSE),
(891, 16393, 5, 37, 0, 'fkticon_i_037', FALSE),
(892, 16393, 6, 12, 0, 'fkticon_i_012', FALSE),
(893, 16393, 7, 26, 0, 'fkticon_i_026', FALSE),
(894, 16393, 8, 201, 0, 'fkticon_i_201', FALSE),
(895, 16393, 9, 13, 0, 'fkticon_i_013', FALSE),
(896, 16393, 10, 111, 0, 'fkticon_i_111', FALSE),
(897, 16393, 11, 36, 0, 'fkticon_i_036', FALSE),
(898, 16393, 12, 45, 0, 'fkticon_i_045', TRUE),
(899, 16393, 13, 45, 0, 'fkticon_i_045', TRUE),
(900, 16393, 14, 122, 0, 'fkticon_i_122', TRUE),
(901, 16393, 15, 37, 0, 'fkticon_i_037', FALSE),
(902, 16398, 0, 1, 1, 'fkticon_a_001', FALSE),
(903, 16398, 1, 7, 0, 'fkticon_i_007', FALSE),
(904, 16398, 2, 23, 0, 'fkticon_i_023', FALSE),
(905, 16398, 3, 8, 0, 'fkticon_i_008', FALSE),
(906, 16398, 4, 18, 0, 'fkticon_i_018', FALSE),
(907, 16398, 5, 12, 0, 'fkticon_i_012', TRUE),
(908, 16398, 6, 12, 0, 'fkticon_i_012', FALSE),
(909, 16398, 7, 26, 0, 'fkticon_i_026', FALSE),
(910, 16398, 8, 201, 0, 'fkticon_i_201', FALSE),
(911, 16398, 9, 13, 0, 'fkticon_i_013', FALSE),
(912, 16398, 10, 111, 0, 'fkticon_i_111', FALSE),
(913, 16398, 11, 36, 0, 'fkticon_i_036', FALSE),
(914, 16398, 12, 45, 0, 'fkticon_i_045', TRUE),
(915, 16398, 13, 45, 0, 'fkticon_i_045', TRUE),
(916, 16398, 14, 122, 0, 'fkticon_i_122', TRUE),
(917, 16398, 15, 37, 0, 'fkticon_i_037', FALSE),
(918, 16402, 0, 1, 1, 'fkticon_a_001', FALSE),
(919, 16402, 1, 12, 0, 'fkticon_i_012', TRUE),
(920, 16402, 2, 23, 0, 'fkticon_i_023', FALSE),
(921, 16402, 3, 8, 0, 'fkticon_i_008', FALSE),
(922, 16402, 4, 18, 0, 'fkticon_i_018', FALSE),
(923, 16402, 5, 41, 0, 'fkticon_i_041', FALSE),
(924, 16402, 6, 42, 0, 'fkticon_i_042', FALSE),
(925, 16402, 7, 12, 0, 'fkticon_i_012', FALSE),
(926, 16402, 8, 141, 0, 'fkticon_i_141', FALSE),
(927, 16402, 9, 20, 0, 'fkticon_i_020', FALSE),
(928, 16402, 10, 112, 0, 'fkticon_i_112', FALSE),
(929, 16402, 11, 134, 0, 'fkticon_i_134', TRUE),
(930, 16402, 12, 25, 0, 'fkticon_i_025', TRUE);             
INSERT INTO "jcs"."locomotive_functions" VALUES
(931, 16402, 13, 29, 0, 'fkticon_i_029', FALSE),
(932, 16402, 14, 101, 0, 'fkticon_i_101', FALSE),
(933, 16402, 15, 129, 0, 'fkticon_i_129', FALSE),
(934, 16402, 16, 108, 0, 'fkticon_i_108', TRUE),
(935, 16402, 17, 37, 0, 'fkticon_i_037', FALSE),
(936, 16402, 18, 92, 0, 'fkticon_i_092', TRUE),
(937, 16402, 19, 242, 0, 'fkticon_i_242', FALSE),
(938, 16402, 20, 89, 0, 'fkticon_i_089', FALSE),
(939, 16402, 21, 11, 0, 'fkticon_i_011', TRUE),
(940, 16402, 22, 6, 0, 'fkticon_i_006', FALSE),
(941, 16402, 23, 5, 0, 'fkticon_i_005', FALSE),
(942, 16402, 24, 28, 0, 'fkticon_i_028', FALSE),
(943, 16416, 0, 1, 1, 'fkticon_a_001', FALSE),
(944, 16416, 1, 23, 0, 'fkticon_i_023', FALSE),
(945, 16416, 2, 12, 0, 'fkticon_i_012', FALSE),
(946, 16416, 3, 8, 0, 'fkticon_i_008', FALSE),
(947, 16416, 4, 18, 0, 'fkticon_i_018', FALSE),
(948, 16416, 5, 118, 0, 'fkticon_i_118', FALSE),
(949, 16416, 6, 4, 0, 'fkticon_i_004', FALSE),
(950, 16416, 7, 48, 0, 'fkticon_i_048', FALSE),
(951, 16416, 8, 116, 0, 'fkticon_i_116', FALSE),
(952, 16416, 9, 5, 0, 'fkticon_i_005', TRUE),
(953, 16416, 10, 11, 0, 'fkticon_i_011', TRUE),
(954, 16416, 11, 43, 0, 'fkticon_i_043', TRUE),
(955, 16416, 12, 108, 0, 'fkticon_i_108', TRUE),
(956, 16416, 13, 5, 0, 'fkticon_i_005', FALSE),
(957, 16416, 14, 45, 0, 'fkticon_i_045', TRUE),
(958, 16416, 15, 10, 0, 'fkticon_i_010', TRUE),
(959, 16416, 16, 28, 0, 'fkticon_i_028', FALSE),
(960, 16416, 17, 37, 0, 'fkticon_i_037', FALSE),
(961, 16416, 18, 45, 0, 'fkticon_i_045', TRUE),
(962, 16416, 19, 12, 0, 'fkticon_i_012', TRUE),
(963, 16416, 20, 6, 0, 'fkticon_i_006', TRUE),
(964, 16416, 21, 103, 0, 'fkticon_i_103', TRUE),
(965, 16416, 22, 103, 0, 'fkticon_i_103', TRUE),
(966, 16416, 23, 103, 0, 'fkticon_i_103', TRUE),
(967, 16416, 25, 5, 0, 'fkticon_i_005', FALSE),
(968, 16416, 26, 20, 0, 'fkticon_i_020', FALSE),
(969, 16416, 27, 45, 0, 'fkticon_i_045', TRUE),
(970, 16416, 28, 45, 0, 'fkticon_i_045', TRUE),
(971, 16416, 29, 45, 0, 'fkticon_i_045', TRUE),
(972, 16417, 0, 1, 1, 'fkticon_a_001', FALSE),
(973, 16417, 1, 5, 0, 'fkticon_i_005', FALSE),
(974, 16417, 2, 10, 0, 'fkticon_i_010', TRUE),
(975, 16417, 3, 10, 0, 'fkticon_i_010', TRUE),
(976, 16417, 4, 6, 0, 'fkticon_i_006', FALSE),
(977, 16417, 5, 48, 0, 'fkticon_i_048', FALSE),
(978, 16417, 6, 8, 0, 'fkticon_i_008', FALSE),
(979, 16417, 7, 2, 0, 'fkticon_i_002', FALSE),
(980, 16417, 8, 3, 0, 'fkticon_i_003', FALSE),
(981, 16417, 9, 1, 0, 'fkticon_i_001', FALSE),
(982, 16417, 10, 5, 0, 'fkticon_i_005', FALSE),
(983, 16417, 11, 43, 0, 'fkticon_i_043', FALSE),
(984, 16417, 12, 5, 0, 'fkticon_i_005', FALSE),
(985, 16417, 13, 11, 0, 'fkticon_i_011', TRUE),
(986, 16417, 14, 45, 0, 'fkticon_i_045', TRUE),
(987, 16417, 15, 29, 0, 'fkticon_i_029', FALSE),
(988, 16417, 16, 28, 0, 'fkticon_i_028', FALSE),
(989, 16417, 17, 5, 0, 'fkticon_i_005', FALSE),
(990, 16417, 18, 45, 0, 'fkticon_i_045', TRUE),
(991, 16417, 19, 5, 0, 'fkticon_i_005', TRUE),
(992, 16417, 20, 129, 0, 'fkticon_i_129', FALSE),
(993, 16417, 21, 23, 0, 'fkticon_i_023', TRUE),
(994, 16417, 22, 45, 0, 'fkticon_i_045', TRUE),
(995, 16417, 23, 103, 0, 'fkticon_i_103', TRUE),
(996, 16417, 24, 116, 0, 'fkticon_i_116', FALSE),
(997, 16417, 25, 108, 0, 'fkticon_i_108', TRUE),
(998, 16417, 26, 109, 0, 'fkticon_i_109', FALSE),
(999, 16417, 27, 20, 0, 'fkticon_i_020', FALSE),
(1000, 16417, 28, 5, 0, 'fkticon_i_005', FALSE),
(1001, 16417, 29, 103, 0, 'fkticon_i_103', TRUE),
(1002, 16417, 30, 103, 0, 'fkticon_i_103', TRUE),
(1003, 16417, 31, 37, 0, 'fkticon_i_037', FALSE),
(1004, 16400, 0, 282, 0, 'fkticon_i_282', FALSE),
(1005, 16400, 1, 23, 0, 'fkticon_i_023', FALSE),
(1006, 16400, 2, 251, 0, 'fkticon_i_251', TRUE),
(1007, 16400, 3, 37, 0, 'fkticon_i_037', FALSE),
(1008, 16400, 4, 28, 0, 'fkticon_i_028', TRUE),
(1009, 16400, 5, 2, 1, 'fkticon_a_002', FALSE),
(1010, 16400, 6, 8, 0, 'fkticon_i_008', FALSE),
(1011, 16400, 7, 11, 0, 'fkticon_i_011', TRUE),
(1012, 16400, 8, 25, 0, 'fkticon_i_025', TRUE),
(1013, 16400, 9, 125, 0, 'fkticon_i_125', FALSE),
(1014, 16400, 10, 5, 0, 'fkticon_i_005', TRUE);  
INSERT INTO "jcs"."locomotive_functions" VALUES
(1015, 16400, 11, 48, 0, 'fkticon_i_048', FALSE),
(1016, 16400, 12, 18, 0, 'fkticon_i_018', FALSE),
(1017, 16400, 13, 10, 0, 'fkticon_i_010', TRUE),
(1018, 16400, 14, 5, 0, 'fkticon_i_005', TRUE),
(1019, 16420, 0, 1, 0, 'fkticon_i_001', FALSE),
(1020, 16420, 1, 126, 0, 'fkticon_i_126', FALSE),
(1021, 16420, 2, 23, 0, 'fkticon_i_023', FALSE),
(1022, 16420, 3, 10, 0, 'fkticon_i_010', FALSE),
(1023, 16420, 4, 18, 0, 'fkticon_i_018', FALSE),
(1024, 16420, 5, 48, 0, 'fkticon_i_048', FALSE),
(1025, 16420, 6, 41, 0, 'fkticon_i_041', FALSE),
(1026, 16420, 7, 10, 0, 'fkticon_i_010', TRUE),
(1027, 16420, 8, 42, 0, 'fkticon_i_042', FALSE),
(1028, 16420, 9, 20, 0, 'fkticon_i_020', FALSE),
(1029, 16420, 10, 29, 0, 'fkticon_i_029', FALSE),
(1030, 16420, 11, 11, 0, 'fkticon_i_011', FALSE),
(1031, 16420, 12, 116, 0, 'fkticon_i_116', FALSE),
(1032, 16420, 13, 92, 0, 'fkticon_i_092', TRUE),
(1033, 16420, 14, 8, 0, 'fkticon_i_008', FALSE),
(1034, 16420, 15, 112, 0, 'fkticon_i_112', FALSE),
(1035, 16420, 16, 108, 0, 'fkticon_i_108', TRUE),
(1036, 16420, 17, 5, 0, 'fkticon_i_005', FALSE),
(1037, 49166, 0, 1, 1, 'fkticon_a_001', FALSE),
(1038, 49166, 1, 42, 0, 'fkticon_i_042', FALSE),
(1039, 49166, 2, 41, 0, 'fkticon_i_041', FALSE),
(1040, 49166, 3, 8, 0, 'fkticon_i_008', FALSE),
(1041, 49166, 4, 18, 0, 'fkticon_i_018', FALSE),
(1042, 49166, 5, 47, 0, 'fkticon_i_047', FALSE),
(1043, 49166, 6, 56, 0, 'fkticon_i_056', FALSE),
(1044, 49166, 7, 57, 0, 'fkticon_i_057', FALSE),
(1045, 16422, 0, 282, 1, 'fkticon_a_282', FALSE),
(1046, 16422, 1, 27, 0, 'fkticon_i_027', TRUE),
(1047, 16422, 2, 23, 0, 'fkticon_i_023', FALSE),
(1048, 16422, 3, 27, 0, 'fkticon_i_027', TRUE),
(1049, 16422, 4, 18, 0, 'fkticon_i_018', FALSE),
(1050, 16422, 5, 27, 0, 'fkticon_i_027', TRUE),
(1051, 16422, 6, 2, 1, 'fkticon_a_002', FALSE),
(1052, 16422, 7, 27, 0, 'fkticon_i_027', TRUE),
(1053, 16422, 8, 25, 0, 'fkticon_i_025', TRUE),
(1054, 16422, 9, 20, 0, 'fkticon_i_020', FALSE),
(1055, 16422, 10, 10, 0, 'fkticon_i_010', FALSE),
(1056, 16422, 11, 41, 0, 'fkticon_i_041', FALSE),
(1057, 16422, 12, 11, 0, 'fkticon_i_011', FALSE),
(1058, 16422, 13, 42, 0, 'fkticon_i_042', FALSE),
(1059, 16422, 14, 3, 0, 'fkticon_i_003', FALSE),
(1060, 33, 0, 1, 0, 'fkticon_i_001', FALSE),
(1061, 33, 3, 8, 0, 'fkticon_i_008', FALSE),
(1062, 33, 4, 18, 0, 'fkticon_i_018', FALSE),
(1063, 41, 0, 1, 1, 'fkticon_a_001', FALSE),
(1064, 41, 1, 30, 0, 'fkticon_i_030', FALSE),
(1065, 41, 3, 8, 0, 'fkticon_i_008', FALSE),
(1066, 41, 4, 18, 0, 'fkticon_i_018', FALSE),
(1067, 1, 0, 1, 1, 'fkticon_a_001', FALSE),
(1068, 1, 3, 8, 0, 'fkticon_i_008', FALSE),
(1069, 1, 4, 18, 0, 'fkticon_i_018', FALSE),
(1070, 16423, 0, 1, 1, 'fkticon_a_001', FALSE),
(1071, 16423, 1, 9, 0, 'fkticon_i_009', FALSE),
(1072, 16423, 2, 9, 0, 'fkticon_i_009', FALSE),
(1073, 16423, 3, 8, 0, 'fkticon_i_008', FALSE),
(1074, 16423, 4, 18, 0, 'fkticon_i_018', FALSE),
(1075, 16416, 24, 103, 0, 'fkticon_i_103', TRUE),
(1076, 16416, 30, 45, 0, 'fkticon_i_045', TRUE),
(1077, 16416, 31, 103, 0, 'fkticon_i_103', TRUE);      
CREATE UNIQUE NULLS DISTINCT INDEX "jcs"."lofu_pk_idx" ON "jcs"."locomotive_functions"("id" NULLS FIRST);      
CREATE UNIQUE NULLS DISTINCT INDEX "jcs"."lofu_loid_fnum_un_idx" ON "jcs"."locomotive_functions"("locomotive_id" NULLS FIRST, "f_number" NULLS FIRST);         
CREATE CACHED TABLE "jcs"."locomotives"(
    "id" BIGINT SELECTIVITY 100 NOT NULL,
    "name" CHARACTER VARYING(255) SELECTIVITY 100 NOT NULL,
    "uid" BIGINT SELECTIVITY 98,
    "address" INTEGER SELECTIVITY 82 NOT NULL,
    "icon" CHARACTER VARYING(255) SELECTIVITY 100,
    "decoder_type" CHARACTER VARYING(255) SELECTIVITY 7 NOT NULL,
    "tacho_max" INTEGER SELECTIVITY 17,
    "v_min" INTEGER SELECTIVITY 17,
    "velocity" INTEGER SELECTIVITY 7,
    "synchronize" BOOLEAN DEFAULT FALSE SELECTIVITY 1 NOT NULL,
    "imported" CHARACTER VARYING(255) SELECTIVITY 3,
    "commuter" BOOLEAN DEFAULT FALSE SELECTIVITY 3 NOT NULL,
    "show" BOOLEAN DEFAULT TRUE SELECTIVITY 3 NOT NULL,
    "command_station_id" CHARACTER VARYING(255) SELECTIVITY 1 NOT NULL,
    "dispatcher_direction" CHARACTER VARYING(255) SELECTIVITY 1,
    "locomotive_direction" CHARACTER VARYING(255) SELECTIVITY 3,
    "speed_1" INTEGER SELECTIVITY 19,
    "speed_2" INTEGER SELECTIVITY 9,
    "speed_3" INTEGER SELECTIVITY 15,
    "speed_4" INTEGER SELECTIVITY 7
);              
ALTER TABLE "jcs"."locomotives" ADD CONSTRAINT "jcs"."loco_pk" PRIMARY KEY("id");              
-- 52 +/- SELECT COUNT(*) FROM jcs.locomotives;
INSERT INTO "jcs"."locomotives" VALUES
(1, 'BR 011 056-9', 1, 1, '/Users/fransjacobs/jcs/cache/cs/db br 011 083-3.png', 'mm', 120, 0, 0, TRUE, 'CS', FALSE, FALSE, 'marklin.cs', NULL, 'FORWARDS', 0, 0, 0, 0),
(2, 'BR 81 002', 2, 2, '/Users/fransjacobs/jcs/cache/cs/db br 81 008.png', 'mm', 80, 1, 0, TRUE, 'CS', FALSE, TRUE, 'marklin.cs', NULL, 'FORWARDS', 20, 50, 80, 90),
(3, 'DB bzf 761', 3, 3, 'DB bzf 761', 'mm', 120, 0, 0, TRUE, 'CS', FALSE, FALSE, 'marklin.cs', NULL, 'FORWARDS', NULL, NULL, NULL, NULL),
(12, 'BR 141 015-08', 12, 12, '/Users/fransjacobs/jcs/cache/cs/db br 141 136-2.png', 'mm', 120, 0, 0, TRUE, 'CS', FALSE, FALSE, 'marklin.cs', NULL, 'FORWARDS', 0, 0, 0, 0),
(15, 'MOTORPOST', 15, 15, '/Users/fransjacobs/jcs/cache/cs/ns 3020 ptt post.png', 'mm', 120, 0, 0, TRUE, 'CS', FALSE, FALSE, 'marklin.cs', NULL, 'FORWARDS', NULL, NULL, NULL, NULL),
(23, 'BR 101 003-2', 23, 23, '/Users/fransjacobs/jcs/cache/cs/db br 101 109-7.png', 'mm', 200, 0, 0, TRUE, 'CS', FALSE, TRUE, 'marklin.cs', NULL, 'FORWARDS', NULL, NULL, NULL, NULL),
(33, 'BR 003 131-0', 33, 33, '/Users/fransjacobs/jcs/cache/cs/db br 003 268-0.png', 'mm', 120, 0, 0, TRUE, 'CS', FALSE, FALSE, 'marklin.cs', NULL, 'FORWARDS', NULL, NULL, NULL, NULL),
(39, 'NS 1631', 39, 39, '/Users/fransjacobs/jcs/cache/cs/ns 1652.png', 'mm', 120, 0, 0, TRUE, 'CS', FALSE, FALSE, 'marklin.cs', NULL, 'FORWARDS', NULL, NULL, NULL, NULL),
(41, 'Stofzuiger', 41, 41, 'lux_reinigingswagen', 'mm', 120, 0, 0, TRUE, 'CS', FALSE, FALSE, 'marklin.cs', NULL, 'FORWARDS', NULL, NULL, NULL, NULL),
(61, 'BR 610', 61, 61, '/Users/fransjacobs/jcs/cache/cs/db br 610 015-0.png', 'mm', 120, 0, 0, TRUE, 'CS', TRUE, TRUE, 'marklin.cs', NULL, 'BACKWARDS', 15, 50, 60, 90),
(63, 'NS 6513', 63, 63, '/Users/fransjacobs/jcs/cache/cs/ns 6513.png', 'mm', 120, 0, 0, TRUE, 'CS', FALSE, FALSE, 'marklin.cs', NULL, 'FORWARDS', 45, 60, 80, 90),
(68, 'NS 1309', 68, 68, 'NS 1309', 'mm', 120, 0, 0, TRUE, 'CS', FALSE, FALSE, 'marklin.cs', NULL, 'FORWARDS', NULL, NULL, NULL, NULL),
(16389, '193 304-3 DB AG', 16389, 5, '/Users/fransjacobs/jcs/cache/cs/db br 193 304-3.png', 'mfx', 160, 5, 0, TRUE, 'CS', FALSE, FALSE, 'marklin.cs', NULL, 'FORWARDS', NULL, NULL, NULL, NULL),
(16390, '152 119-4 DBAG', 16390, 6, '/Users/fransjacobs/jcs/cache/cs/db br 152 119-4.png', 'mfx+', 140, 4, 0, TRUE, 'CS', FALSE, FALSE, 'marklin.cs', NULL, 'FORWARDS', NULL, NULL, NULL, NULL),
(16391, 'DB 640 017-9', 16391, 7, '/Users/fransjacobs/jcs/cache/cs/db br 640 017-9.png', 'mfx', 100, 8, 0, TRUE, 'CS', TRUE, FALSE, 'marklin.cs', NULL, 'FORWARDS', NULL, NULL, NULL, NULL),
(16392, 'BR 44 690', 16392, 8, '/Users/fransjacobs/jcs/cache/cs/db br 44 100.png', 'mfx', 80, 5, 0, TRUE, 'CS', FALSE, FALSE, 'marklin.cs', NULL, 'FORWARDS', NULL, NULL, NULL, NULL),
(16393, 'Rheingold 1', 16393, 9, '/Users/fransjacobs/jcs/cache/cs/db br 18 537.png', 'mfx', 81, 4, 0, TRUE, 'CS', FALSE, FALSE, 'marklin.cs', NULL, 'FORWARDS', NULL, NULL, NULL, NULL),
(16394, 'ICM-1 4015 NS', 10, 10, '/Users/fransjacobs/jcs/cache/cs/ns 4015 koploper.png', 'mfx', 160, 5, 0, TRUE, 'Manual Updated', FALSE, TRUE, 'marklin.cs', NULL, 'FORWARDS', 38, 50, 94, 100),
(16395, 'E 186 007-8 NS', 16395, 11, '/Users/fransjacobs/jcs/cache/cs/ns 186 012-8.png', 'mfx', 140, 5, 0, TRUE, 'CS', FALSE, TRUE, 'marklin.cs', NULL, 'FORWARDS', 27, 50, 80, 90),
(16396, 'BR 216 059-6', 16396, 12, '/Users/fransjacobs/jcs/cache/cs/db br 216 059-6.png', 'mfx', 120, 5, 0, TRUE, 'CS', FALSE, FALSE, 'marklin.cs', NULL, 'FORWARDS', 0, 0, 0, 0),
(16397, 'NS 1139', 16397, 13, '/Users/fransjacobs/jcs/cache/cs/ns 1136.png', 'mfx', 140, 6, 0, TRUE, 'CS', FALSE, TRUE, 'marklin.cs', NULL, 'FORWARDS', 20, 50, 75, 95),
(16398, 'Rheingold 2', 16398, 14, '/Users/fransjacobs/jcs/cache/cs/db br 18 473.png', 'mfx', 81, 4, 0, TRUE, 'CS', FALSE, FALSE, 'marklin.cs', NULL, 'FORWARDS', NULL, NULL, NULL, NULL),
(16399, 'Bpmbdzf 107-5', 16399, 15, '/Users/fransjacobs/jcs/cache/cs/db bpmbdzf 296.1.png', 'mfx', 121, 4, 0, TRUE, 'CS', FALSE, FALSE, 'marklin.cs', NULL, 'FORWARDS', NULL, NULL, NULL, NULL),
(16400, 'SVT 137', 16400, 16, '/Users/fransjacobs/jcs/cache/cs/drg svt 137 150.png', 'mfx', 100, 3, 0, TRUE, 'CS', FALSE, FALSE, 'marklin.cs', NULL, 'FORWARDS', NULL, NULL, NULL, NULL);    
INSERT INTO "jcs"."locomotives" VALUES
(16401, 'BR 01-097', 16401, 17, '/Users/fransjacobs/jcs/cache/cs/db br 01 047.png', 'mfx', 120, 4, 0, TRUE, 'CS', FALSE, FALSE, 'marklin.cs', NULL, 'FORWARDS', NULL, NULL, NULL, NULL),
(16402, 'SBB Ce 6/8 14305', 16402, 18, '/Users/fransjacobs/jcs/cache/cs/sbb ce 6_8 14305 hist.png', 'mfx', 75, 4, 0, TRUE, 'CS', FALSE, FALSE, 'marklin.cs', NULL, 'FORWARDS', NULL, NULL, NULL, NULL),
(16403, '193 733-3 NS', 16403, 19, '/Users/fransjacobs/jcs/cache/cs/ns 193 733-3.png', 'mfx+', 160, 4, 0, TRUE, 'CS', FALSE, FALSE, 'marklin.cs', NULL, 'FORWARDS', 15, 50, 80, 90),
(16404, 'NS 6503', 16404, 20, '/Users/fransjacobs/jcs/cache/cs/ns 6409.png', 'mfx', 120, 3, 0, TRUE, 'CS', FALSE, FALSE, 'marklin.cs', NULL, 'FORWARDS', 40, 65, 85, 100),
(16405, 'NS 6505', 16405, 21, '/Users/fransjacobs/jcs/cache/cs/ns dhg 6505.png', 'mfx', 80, 3, 0, TRUE, 'CS', FALSE, FALSE, 'marklin.cs', NULL, 'FORWARDS', NULL, NULL, NULL, NULL),
(16406, 'DHG 700 VW', 16406, 22, '/Users/fransjacobs/jcs/cache/cs/dhg 700 vw.png', 'mfx', 100, 3, 0, TRUE, 'CS', FALSE, FALSE, 'marklin.cs', NULL, 'FORWARDS', NULL, NULL, NULL, NULL),
(16407, '1102 RRF G2000', 16407, 23, '/Users/fransjacobs/jcs/cache/cs/rrf 272 001-9.png', 'mfx+', 140, 5, 0, TRUE, 'CS', FALSE, FALSE, 'marklin.cs', NULL, 'FORWARDS', NULL, NULL, NULL, NULL),
(16408, '1707 NS', 16408, 24, '/Users/fransjacobs/jcs/cache/cs/ns 1707.png', 'mfx+', 140, 4, 0, TRUE, 'CS', FALSE, FALSE, 'marklin.cs', NULL, 'FORWARDS', NULL, NULL, NULL, NULL),
(16409, 'BR 260 471-1', 16409, 25, '/Users/fransjacobs/jcs/cache/cs/db br 260 423-9.png', 'mfx', 100, 3, 0, TRUE, 'CS', FALSE, FALSE, 'marklin.cs', NULL, 'FORWARDS', NULL, NULL, NULL, NULL),
(16410, 'RE 460 004-5', 16410, 26, '/Users/fransjacobs/jcs/cache/cs/sbb re 460 006-0.png', 'mfx', 160, 3, 0, TRUE, 'CS', FALSE, TRUE, 'marklin.cs', NULL, 'FORWARDS', 25, 50, 80, 90),
(16411, 'BR 610 514-2', 16411, 27, 'DB BR 610 514-2', 'mfx', 100, 3, 0, TRUE, 'CS', TRUE, TRUE, 'marklin.cs', NULL, 'BACKWARDS', 20, 50, 75, 90),
(16412, 'NS 1855', 16412, 28, '/Users/fransjacobs/jcs/cache/cs/ns 1855.png', 'mfx', 100, 3, 0, TRUE, 'CS', FALSE, FALSE, 'marklin.cs', NULL, 'FORWARDS', NULL, NULL, NULL, NULL),
(16413, 'Hondekop 4', 16413, 29, 'hondekop-4', 'mfx', 100, 3, 0, TRUE, 'CS', FALSE, FALSE, 'marklin.cs', NULL, 'FORWARDS', NULL, NULL, NULL, NULL),
(16414, 'ICE 406 353-3', 16414, 30, '/Users/fransjacobs/jcs/cache/cs/db br 403 005-2 ice3.png', 'mfx', 100, 3, 0, TRUE, 'CS', FALSE, FALSE, 'marklin.cs', NULL, 'FORWARDS', NULL, NULL, NULL, NULL),
(16415, 'RAm TEE 501 SBB', 16415, 31, '/Users/fransjacobs/jcs/cache/cs/sbb ram edelweiss.png', 'mfx+', 140, 6, 0, TRUE, 'CS', FALSE, FALSE, 'marklin.cs', NULL, 'FORWARDS', NULL, NULL, NULL, NULL),
(16416, 'SBB Re 4/4 II', 16416, 32, '/Users/fransjacobs/jcs/cache/cs/sbb re 420 227-1.png', 'mfx', 100, 3, 0, TRUE, 'CS', FALSE, TRUE, 'marklin.cs', NULL, 'FORWARDS', 21, 50, 55, 90),
(16417, 'SNCB 1186', 33, 33, 'SNCB_1186', 'mfx', 100, 2, 0, TRUE, 'Manual Updated', FALSE, TRUE, 'marklin.cs', NULL, 'FORWARDS', 25, 50, 80, 90),
(16418, 'BR 221 104-3', 16418, 34, '/Users/fransjacobs/jcs/cache/cs/db br 221 120-9.png', 'mfx', 100, 3, 0, TRUE, 'CS', FALSE, FALSE, 'marklin.cs', NULL, 'FORWARDS', NULL, NULL, NULL, NULL),
(16419, 'Northlander ONR', 16419, 35, '/Users/fransjacobs/jcs/cache/cs/onr nothlander.png', 'mfx+', 140, 6, 0, TRUE, 'CS', FALSE, FALSE, 'marklin.cs', NULL, 'FORWARDS', NULL, NULL, NULL, NULL),
(16420, 'V 200 027 DB', 16420, 36, '/Users/fransjacobs/jcs/cache/cs/db v200 002.png', 'mfx', 140, 4, 0, TRUE, 'CS', FALSE, FALSE, 'marklin.cs', NULL, 'FORWARDS', NULL, NULL, NULL, NULL),
(16421, '247 047-4 DB', 16421, 37, '247 047-4 DB', 'mfx+', 120, 5, 0, TRUE, 'CS', FALSE, TRUE, 'marklin.cs', NULL, 'FORWARDS', 16, 52, 65, 90),
(16422, '648 266-4 DB AG', 16422, 38, '/Users/fransjacobs/jcs/cache/cs/db br 648 766-3.png', 'mfx', 100, 17, 0, TRUE, 'CS', FALSE, FALSE, 'marklin.cs', NULL, 'FORWARDS', NULL, NULL, NULL, NULL),
(16423, 'BR 81-004', 16423, 39, '/Users/fransjacobs/jcs/cache/cs/db br 81 001.png', 'mfx', 100, 3, 0, TRUE, 'CS', FALSE, FALSE, 'marklin.cs', NULL, 'FORWARDS', 15, 50, 80, 95);      
INSERT INTO "jcs"."locomotives" VALUES
(49156, 'NS Plan Y', 49156, 4, 'NS Plan Y', 'dcc', 120, 0, 0, TRUE, 'CS', FALSE, FALSE, 'marklin.cs', NULL, 'FORWARDS', NULL, NULL, NULL, NULL),
(49159, 'NS Plan V', 49159, 7, 'NS Plan V', 'dcc', 120, 0, 0, TRUE, 'CS', FALSE, FALSE, 'marklin.cs', NULL, 'FORWARDS', NULL, NULL, NULL, NULL),
(49163, 'NS 1205', 49163, 11, '/Users/fransjacobs/jcs/cache/cs/ns 1211.png', 'dcc', 120, 0, 0, TRUE, 'CS', FALSE, FALSE, 'marklin.cs', NULL, 'FORWARDS', 20, 50, 85, 90),
(49166, 'V36 236 002', 49166, 14, '/Users/fransjacobs/jcs/cache/cs/fs d.236.002.png', 'dcc', 80, 0, 0, TRUE, 'CS', FALSE, FALSE, 'marklin.cs', NULL, 'FORWARDS', NULL, NULL, NULL, NULL),
(49189, 'NS 1720', 49189, 37, '/Users/fransjacobs/jcs/cache/cs/ns 1714.png', 'dcc', 120, 0, 0, TRUE, 'CS', FALSE, FALSE, 'marklin.cs', NULL, 'FORWARDS', NULL, NULL, NULL, NULL); 
CREATE UNIQUE NULLS DISTINCT INDEX "jcs"."loco_pk_idx" ON "jcs"."locomotives"("id" NULLS FIRST);               
CREATE CACHED TABLE "jcs"."command_stations"(
    "id" CHARACTER VARYING(255) NOT NULL,
    "description" CHARACTER VARYING(255) NOT NULL,
    "short_name" CHARACTER VARYING(255) NOT NULL,
    "class_name" CHARACTER VARYING(255) NOT NULL,
    "connect_via" CHARACTER VARYING(255) NOT NULL,
    "serial_port" CHARACTER VARYING(255),
    "ip_address" CHARACTER VARYING(255),
    "network_port" INTEGER,
    "ip_auto_conf" BOOLEAN DEFAULT FALSE NOT NULL,
    "supports_decoder_control" BOOLEAN DEFAULT TRUE NOT NULL,
    "supports_accessory_control" BOOLEAN DEFAULT TRUE NOT NULL,
    "supports_feedback" BOOLEAN DEFAULT TRUE NOT NULL,
    "supports_loco_synch" BOOLEAN DEFAULT FALSE NOT NULL,
    "supports_accessory_synch" BOOLEAN DEFAULT FALSE NOT NULL,
    "supports_loco_image_synch" BOOLEAN DEFAULT FALSE NOT NULL,
    "supports_loco_function_synch" BOOLEAN DEFAULT FALSE NOT NULL,
    "protocols" CHARACTER VARYING(255) DEFAULT 'DCC' NOT NULL,
    "default_cs" BOOLEAN DEFAULT FALSE NOT NULL,
    "enabled" BOOLEAN DEFAULT FALSE NOT NULL,
    "last_used_serial" CHARACTER VARYING(255),
    "sup_conn_types" CHARACTER VARYING(255) NOT NULL,
    "feedback_module_id" CHARACTER VARYING(255),
    "feedback_bus_count" INTEGER,
    "feedback_bus_0_module_count" INTEGER,
    "feedback_bus_1_module_count" INTEGER,
    "feedback_bus_2_module_count" INTEGER,
    "feedback_bus_3_module_count" INTEGER,
    "virtual" BOOLEAN DEFAULT FALSE NOT NULL
);         
ALTER TABLE "jcs"."command_stations" ADD CONSTRAINT "jcs"."command_station_pk" PRIMARY KEY("id");              
-- 5 +/- SELECT COUNT(*) FROM jcs.command_stations;            
INSERT INTO "jcs"."command_stations" VALUES
('marklin.cs', 'Marklin Central Station 2/3', 'CS', 'jcs.commandStation.marklin.cs.MarklinCentralStationImpl', 'NETWORK', NULL, '192.168.1.180', 15731, TRUE, TRUE, TRUE, TRUE, TRUE, TRUE, TRUE, TRUE, 'DCC,MFX,MM', TRUE, TRUE, NULL, 'NETWORK', NULL, NULL, NULL, NULL, NULL, NULL, FALSE),
('dcc-ex', 'DCC-EX', 'dcc-ex', 'jcs.commandStation.dccex.DccExCommandStationImpl', 'NETWORK', NULL, '192.168.178.73', 2560, FALSE, TRUE, TRUE, FALSE, FALSE, FALSE, FALSE, FALSE, 'DCC', FALSE, FALSE, NULL, 'NETWORK,SERIAL', NULL, NULL, NULL, NULL, NULL, NULL, FALSE),
('hsi-s88', 'HSI S88', 'HSI', 'jcs.commandStation.hsis88.HSIImpl', 'SERIAL', NULL, NULL, 0, FALSE, FALSE, FALSE, TRUE, FALSE, FALSE, FALSE, FALSE, '', FALSE, FALSE, NULL, 'SERIAL', '0', 1, 6, 0, 0, 0, FALSE),
('virtual', 'Virtual CS', 'VIR', 'jcs.commandStation.virtual.VirtualCommandStationImpl', 'NETWORK', NULL, '127.0.0.1', 0, FALSE, TRUE, TRUE, TRUE, FALSE, FALSE, FALSE, FALSE, 'dcc', FALSE, FALSE, '1', 'NETWORK', '0', 1, 1, 0, 0, 0, TRUE),
('esu-ecos', 'ESU ECoS', 'ECoS', 'jcs.commandStation.esu.ecos.EsuEcosCommandStationImpl', 'NETWORK', NULL, '192.168.1.110', 15471, TRUE, TRUE, TRUE, TRUE, TRUE, TRUE, TRUE, TRUE, 'DCC,MFX,MM', FALSE, FALSE, '1', 'NETWORK', '0', 0, 0, 0, 0, 0, FALSE);               
CREATE UNIQUE NULLS DISTINCT INDEX "jcs"."command_station_pk_idx" ON "jcs"."command_stations"("id" NULLS FIRST);               
CREATE CACHED TABLE "jcs"."route_elements"(
    "id" BIGINT GENERATED BY DEFAULT AS IDENTITY(START WITH 1 RESTART WITH 650038) SELECTIVITY 100 NOT NULL,
    "route_id" CHARACTER VARYING(255) SELECTIVITY 4 NOT NULL,
    "node_id" CHARACTER VARYING(255) SELECTIVITY 55 NOT NULL,
    "tile_id" CHARACTER VARYING(255) SELECTIVITY 50 NOT NULL,
    "accessory_value" CHARACTER VARYING(255) SELECTIVITY 1,
    "order_seq" INTEGER DEFAULT 0 SELECTIVITY 7 NOT NULL,
    "incoming_side" CHARACTER VARYING(255) SELECTIVITY 1
);           
ALTER TABLE "jcs"."route_elements" ADD CONSTRAINT "jcs"."roel_pk" PRIMARY KEY("id");           
-- 667 +/- SELECT COUNT(*) FROM jcs.route_elements;            
INSERT INTO "jcs"."route_elements" VALUES
(643708, '[bk-10+]->[bk-18-]', 'bk-10', 'bk-10', NULL, 0, NULL),
(643709, '[bk-10+]->[bk-18-]', 'bk-10+', 'bk-10', NULL, 1, NULL),
(643710, '[bk-10+]->[bk-18-]', 'se-15', 'se-15', NULL, 2, 'West'),
(643711, '[bk-10+]->[bk-18-]', 'si-4', 'si-4', NULL, 3, 'West'),
(643712, '[bk-10+]->[bk-18-]', 'se-22', 'se-22', NULL, 4, 'West'),
(643713, '[bk-10+]->[bk-18-]', 'st-50', 'st-50', NULL, 5, 'West'),
(643714, '[bk-10+]->[bk-18-]', 'sw-8', 'sw-8', 'G', 6, 'West'),
(643715, '[bk-10+]->[bk-18-]', 'st-51', 'st-51', NULL, 7, 'West'),
(643716, '[bk-10+]->[bk-18-]', 'ct-22', 'ct-22', NULL, 8, 'West'),
(643717, '[bk-10+]->[bk-18-]', 'st-53', 'st-53', NULL, 9, 'North'),
(643718, '[bk-10+]->[bk-18-]', 'st-144', 'st-144', NULL, 10, 'North'),
(643719, '[bk-10+]->[bk-18-]', 'st-145', 'st-145', NULL, 11, 'North'),
(643720, '[bk-10+]->[bk-18-]', 'st-146', 'st-146', NULL, 12, 'North'),
(643721, '[bk-10+]->[bk-18-]', 'st-147', 'st-147', NULL, 13, 'North'),
(643722, '[bk-10+]->[bk-18-]', 'cr-1', 'cr-1', NULL, 14, 'North'),
(643723, '[bk-10+]->[bk-18-]', 'st-181', 'st-181', NULL, 15, 'North'),
(643724, '[bk-10+]->[bk-18-]', 'cr-3', 'cr-3', NULL, 16, 'North'),
(643725, '[bk-10+]->[bk-18-]', 'ct-42', 'ct-42', NULL, 17, 'North'),
(643726, '[bk-10+]->[bk-18-]', 'st-172', 'st-172', NULL, 18, 'East'),
(643727, '[bk-10+]->[bk-18-]', 'st-171', 'st-171', NULL, 19, 'East'),
(643728, '[bk-10+]->[bk-18-]', 'st-170', 'st-170', NULL, 20, 'East'),
(643729, '[bk-10+]->[bk-18-]', 'st-169', 'st-169', NULL, 21, 'East'),
(643730, '[bk-10+]->[bk-18-]', 'st-168', 'st-168', NULL, 22, 'East'),
(643731, '[bk-10+]->[bk-18-]', 'st-167', 'st-167', NULL, 23, 'East'),
(643732, '[bk-10+]->[bk-18-]', 'sw-15', 'sw-15', 'G', 24, 'East'),
(643733, '[bk-10+]->[bk-18-]', 'st-156', 'st-156', NULL, 25, 'East'),
(643734, '[bk-10+]->[bk-18-]', 'sd-16', 'sd-16', NULL, 26, 'East'),
(643735, '[bk-10+]->[bk-18-]', 'st-151', 'st-151', NULL, 27, 'East'),
(643736, '[bk-10+]->[bk-18-]', 'se-57', 'se-57', NULL, 28, 'East'),
(643737, '[bk-10+]->[bk-18-]', 'bk-18-', 'bk-18', NULL, 29, 'East'),
(644481, '[bk-12+]->[bk-10-]', 'bk-12', 'bk-12', NULL, 0, NULL),
(644482, '[bk-12+]->[bk-10-]', 'bk-12+', 'bk-12', NULL, 1, NULL),
(644483, '[bk-12+]->[bk-10-]', 'se-39', 'se-39', NULL, 2, 'North'),
(644484, '[bk-12+]->[bk-10-]', 'st-54', 'st-54', NULL, 3, 'North'),
(644485, '[bk-12+]->[bk-10-]', 'se-40', 'se-40', NULL, 4, 'North'),
(644486, '[bk-12+]->[bk-10-]', 'ct-29', 'ct-29', NULL, 5, 'North'),
(644487, '[bk-12+]->[bk-10-]', 'st-58', 'st-58', NULL, 6, 'West'),
(644488, '[bk-12+]->[bk-10-]', 'st-6', 'st-6', NULL, 7, 'West'),
(644489, '[bk-12+]->[bk-10-]', 'st-29', 'st-29', NULL, 8, 'West'),
(644490, '[bk-12+]->[bk-10-]', 'sw-10', 'sw-10', 'R', 9, 'West'),
(644491, '[bk-12+]->[bk-10-]', 'ct-25', 'ct-25', NULL, 10, 'South'),
(644492, '[bk-12+]->[bk-10-]', 'ct-26', 'ct-26', NULL, 11, 'West'),
(644493, '[bk-12+]->[bk-10-]', 'ct-27', 'ct-27', NULL, 12, 'South'),
(644494, '[bk-12+]->[bk-10-]', 'st-31', 'st-31', NULL, 13, 'West'),
(644495, '[bk-12+]->[bk-10-]', 'st-62', 'st-62', NULL, 14, 'West'),
(644496, '[bk-12+]->[bk-10-]', 'st-59', 'st-59', NULL, 15, 'West'),
(644497, '[bk-12+]->[bk-10-]', 'se-27', 'se-27', NULL, 16, 'West'),
(644498, '[bk-12+]->[bk-10-]', 'sd-6', 'sd-6', NULL, 17, 'West'),
(644499, '[bk-12+]->[bk-10-]', 'st-48', 'st-48', NULL, 18, 'West'),
(644500, '[bk-12+]->[bk-10-]', 'se-25', 'se-25', NULL, 19, 'West'),
(644501, '[bk-12+]->[bk-10-]', 'bk-10-', 'bk-10', NULL, 20, 'West'),
(644667, '[bk-16+]->[bk-2-]', 'bk-16', 'bk-16', NULL, 0, NULL),
(644668, '[bk-16+]->[bk-2-]', 'bk-16+', 'bk-16', NULL, 1, NULL),
(644669, '[bk-16+]->[bk-2-]', 'se-48', 'se-48', NULL, 2, 'West'),
(644670, '[bk-16+]->[bk-2-]', 'se-49', 'se-49', NULL, 3, 'West'),
(644671, '[bk-16+]->[bk-2-]', 'ct-37', 'ct-37', NULL, 4, 'West'),
(644672, '[bk-16+]->[bk-2-]', 'sw-13', 'sw-13', 'R', 5, 'North'),
(644673, '[bk-16+]->[bk-2-]', 'st-97', 'st-97', NULL, 6, 'West'),
(644674, '[bk-16+]->[bk-2-]', 'st-142', 'st-142', NULL, 7, 'West'),
(644675, '[bk-16+]->[bk-2-]', 'st-143', 'st-143', NULL, 8, 'West');     
INSERT INTO "jcs"."route_elements" VALUES
(644676, '[bk-16+]->[bk-2-]', 'cr-3', 'cr-3', NULL, 9, 'West'),
(644677, '[bk-16+]->[bk-2-]', 'cr-4', 'cr-4', NULL, 10, 'West'),
(644678, '[bk-16+]->[bk-2-]', 'st-138', 'st-138', NULL, 11, 'West'),
(644679, '[bk-16+]->[bk-2-]', 'st-139', 'st-139', NULL, 12, 'West'),
(644680, '[bk-16+]->[bk-2-]', 'ct-34', 'ct-34', NULL, 13, 'West'),
(644681, '[bk-16+]->[bk-2-]', 'st-182', 'st-182', NULL, 14, 'South'),
(644682, '[bk-16+]->[bk-2-]', 'st-136', 'st-136', NULL, 15, 'South'),
(644683, '[bk-16+]->[bk-2-]', 'st-135', 'st-135', NULL, 16, 'South'),
(644684, '[bk-16+]->[bk-2-]', 'st-134', 'st-134', NULL, 17, 'South'),
(644685, '[bk-16+]->[bk-2-]', 'st-133', 'st-133', NULL, 18, 'South'),
(644686, '[bk-16+]->[bk-2-]', 'st-132', 'st-132', NULL, 19, 'South'),
(644687, '[bk-16+]->[bk-2-]', 'st-131', 'st-131', NULL, 20, 'South'),
(644688, '[bk-16+]->[bk-2-]', 'st-130', 'st-130', NULL, 21, 'South'),
(644689, '[bk-16+]->[bk-2-]', 'st-129', 'st-129', NULL, 22, 'South'),
(644690, '[bk-16+]->[bk-2-]', 'st-128', 'st-128', NULL, 23, 'South'),
(644691, '[bk-16+]->[bk-2-]', 'st-127', 'st-127', NULL, 24, 'South'),
(644692, '[bk-16+]->[bk-2-]', 'st-126', 'st-126', NULL, 25, 'South'),
(644693, '[bk-16+]->[bk-2-]', 'st-125', 'st-125', NULL, 26, 'South'),
(644694, '[bk-16+]->[bk-2-]', 'st-124', 'st-124', NULL, 27, 'South'),
(644695, '[bk-16+]->[bk-2-]', 'st-123', 'st-123', NULL, 28, 'South'),
(644696, '[bk-16+]->[bk-2-]', 'st-83', 'st-83', NULL, 29, 'South'),
(644697, '[bk-16+]->[bk-2-]', 'st-122', 'st-122', NULL, 30, 'South'),
(644698, '[bk-16+]->[bk-2-]', 'ct-39', 'ct-39', NULL, 31, 'South'),
(644699, '[bk-16+]->[bk-2-]', 'st-82', 'st-82', NULL, 32, 'East'),
(644700, '[bk-16+]->[bk-2-]', 'st-81', 'st-81', NULL, 33, 'East'),
(644701, '[bk-16+]->[bk-2-]', 'st-80', 'st-80', NULL, 34, 'East'),
(644702, '[bk-16+]->[bk-2-]', 'st-73', 'st-73', NULL, 35, 'East'),
(644703, '[bk-16+]->[bk-2-]', 'st-72', 'st-72', NULL, 36, 'East'),
(644704, '[bk-16+]->[bk-2-]', 'st-71', 'st-71', NULL, 37, 'East'),
(644705, '[bk-16+]->[bk-2-]', 'st-70', 'st-70', NULL, 38, 'East'),
(644706, '[bk-16+]->[bk-2-]', 'st-69', 'st-69', NULL, 39, 'East'),
(644707, '[bk-16+]->[bk-2-]', 'st-68', 'st-68', NULL, 40, 'East'),
(644708, '[bk-16+]->[bk-2-]', 'st-67', 'st-67', NULL, 41, 'East'),
(644709, '[bk-16+]->[bk-2-]', 'st-66', 'st-66', NULL, 42, 'East'),
(644710, '[bk-16+]->[bk-2-]', 'st-65', 'st-65', NULL, 43, 'East'),
(644711, '[bk-16+]->[bk-2-]', 'st-63', 'st-63', NULL, 44, 'East'),
(644712, '[bk-16+]->[bk-2-]', 'sd-2', 'sd-2', NULL, 45, 'East'),
(644713, '[bk-16+]->[bk-2-]', 'st-11', 'st-11', NULL, 46, 'East'),
(644714, '[bk-16+]->[bk-2-]', 'se-4', 'se-4', NULL, 47, 'East'),
(644715, '[bk-16+]->[bk-2-]', 'bk-2-', 'bk-2', NULL, 48, 'East'),
(644780, '[bk-11+]->[bk-18-]', 'bk-11', 'bk-11', NULL, 0, NULL),
(644781, '[bk-11+]->[bk-18-]', 'bk-11+', 'bk-11', NULL, 1, NULL),
(644782, '[bk-11+]->[bk-18-]', 'se-24', 'se-24', NULL, 2, 'West'),
(644783, '[bk-11+]->[bk-18-]', 'si-5', 'si-5', NULL, 3, 'West'),
(644784, '[bk-11+]->[bk-18-]', 'se-23', 'se-23', NULL, 4, 'West'),
(644785, '[bk-11+]->[bk-18-]', 'st-52', 'st-52', NULL, 5, 'West'),
(644786, '[bk-11+]->[bk-18-]', 'ct-23', 'ct-23', NULL, 6, 'West'),
(644787, '[bk-11+]->[bk-18-]', 'sw-8', 'sw-8', 'R', 7, 'South'),
(644788, '[bk-11+]->[bk-18-]', 'st-51', 'st-51', NULL, 8, 'West'),
(644789, '[bk-11+]->[bk-18-]', 'ct-22', 'ct-22', NULL, 9, 'West'),
(644790, '[bk-11+]->[bk-18-]', 'st-53', 'st-53', NULL, 10, 'North'),
(644791, '[bk-11+]->[bk-18-]', 'st-144', 'st-144', NULL, 11, 'North'),
(644792, '[bk-11+]->[bk-18-]', 'st-145', 'st-145', NULL, 12, 'North'),
(644793, '[bk-11+]->[bk-18-]', 'st-146', 'st-146', NULL, 13, 'North'),
(644794, '[bk-11+]->[bk-18-]', 'st-147', 'st-147', NULL, 14, 'North'),
(644795, '[bk-11+]->[bk-18-]', 'cr-1', 'cr-1', NULL, 15, 'North'),
(644796, '[bk-11+]->[bk-18-]', 'st-181', 'st-181', NULL, 16, 'North'),
(644797, '[bk-11+]->[bk-18-]', 'cr-3', 'cr-3', NULL, 17, 'North'),
(644798, '[bk-11+]->[bk-18-]', 'ct-42', 'ct-42', NULL, 18, 'North'),
(644799, '[bk-11+]->[bk-18-]', 'st-172', 'st-172', NULL, 19, 'East');  
INSERT INTO "jcs"."route_elements" VALUES
(644800, '[bk-11+]->[bk-18-]', 'st-171', 'st-171', NULL, 20, 'East'),
(644801, '[bk-11+]->[bk-18-]', 'st-170', 'st-170', NULL, 21, 'East'),
(644802, '[bk-11+]->[bk-18-]', 'st-169', 'st-169', NULL, 22, 'East'),
(644803, '[bk-11+]->[bk-18-]', 'st-168', 'st-168', NULL, 23, 'East'),
(644804, '[bk-11+]->[bk-18-]', 'st-167', 'st-167', NULL, 24, 'East'),
(644805, '[bk-11+]->[bk-18-]', 'sw-15', 'sw-15', 'G', 25, 'East'),
(644806, '[bk-11+]->[bk-18-]', 'st-156', 'st-156', NULL, 26, 'East'),
(644807, '[bk-11+]->[bk-18-]', 'sd-16', 'sd-16', NULL, 27, 'East'),
(644808, '[bk-11+]->[bk-18-]', 'st-151', 'st-151', NULL, 28, 'East'),
(644809, '[bk-11+]->[bk-18-]', 'se-57', 'se-57', NULL, 29, 'East'),
(644810, '[bk-11+]->[bk-18-]', 'bk-18-', 'bk-18', NULL, 30, 'East'),
(644934, '[bk-18+]->[bk-16-]', 'bk-18', 'bk-18', NULL, 0, NULL),
(644935, '[bk-18+]->[bk-16-]', 'bk-18+', 'bk-18', NULL, 1, NULL),
(644936, '[bk-18+]->[bk-16-]', 'se-56', 'se-56', NULL, 2, 'East'),
(644937, '[bk-18+]->[bk-16-]', 'si-11', 'si-11', NULL, 3, 'East'),
(644938, '[bk-18+]->[bk-16-]', 'se-58', 'se-58', NULL, 4, 'East'),
(644939, '[bk-18+]->[bk-16-]', 'sd-12', 'sd-12', NULL, 5, 'East'),
(644940, '[bk-18+]->[bk-16-]', 'st-163', 'st-163', NULL, 6, 'East'),
(644941, '[bk-18+]->[bk-16-]', 'ct-43', 'ct-43', NULL, 7, 'East'),
(644942, '[bk-18+]->[bk-16-]', 'st-56', 'st-56', NULL, 8, 'South'),
(644943, '[bk-18+]->[bk-16-]', 'ct-47', 'ct-47', NULL, 9, 'South'),
(644944, '[bk-18+]->[bk-16-]', 'st-164', 'st-164', NULL, 10, 'West'),
(644945, '[bk-18+]->[bk-16-]', 'sw-12', 'sw-12', 'G', 11, 'West'),
(644946, '[bk-18+]->[bk-16-]', 'st-98', 'st-98', NULL, 12, 'West'),
(644947, '[bk-18+]->[bk-16-]', 'st-99', 'st-99', NULL, 13, 'West'),
(644948, '[bk-18+]->[bk-16-]', 'st-100', 'st-100', NULL, 14, 'West'),
(644949, '[bk-18+]->[bk-16-]', 'sd-10', 'sd-10', NULL, 15, 'West'),
(644950, '[bk-18+]->[bk-16-]', 'st-101', 'st-101', NULL, 16, 'West'),
(644951, '[bk-18+]->[bk-16-]', 'st-102', 'st-102', NULL, 17, 'West'),
(644952, '[bk-18+]->[bk-16-]', 'st-103', 'st-103', NULL, 18, 'West'),
(644953, '[bk-18+]->[bk-16-]', 'se-53', 'se-53', NULL, 19, 'West'),
(644954, '[bk-18+]->[bk-16-]', 'bk-16-', 'bk-16', NULL, 20, 'West'),
(644955, '[bk-12+]->[bk-11-]', 'bk-12', 'bk-12', NULL, 0, NULL),
(644956, '[bk-12+]->[bk-11-]', 'bk-12+', 'bk-12', NULL, 1, NULL),
(644957, '[bk-12+]->[bk-11-]', 'se-39', 'se-39', NULL, 2, 'North'),
(644958, '[bk-12+]->[bk-11-]', 'st-54', 'st-54', NULL, 3, 'North'),
(644959, '[bk-12+]->[bk-11-]', 'se-40', 'se-40', NULL, 4, 'North'),
(644960, '[bk-12+]->[bk-11-]', 'ct-29', 'ct-29', NULL, 5, 'North'),
(644961, '[bk-12+]->[bk-11-]', 'st-58', 'st-58', NULL, 6, 'West'),
(644962, '[bk-12+]->[bk-11-]', 'st-6', 'st-6', NULL, 7, 'West'),
(644963, '[bk-12+]->[bk-11-]', 'st-29', 'st-29', NULL, 8, 'West'),
(644964, '[bk-12+]->[bk-11-]', 'sw-10', 'sw-10', 'G', 9, 'West'),
(644965, '[bk-12+]->[bk-11-]', 'st-55', 'st-55', NULL, 10, 'West'),
(644966, '[bk-12+]->[bk-11-]', 'sw-9', 'sw-9', 'R', 11, 'West'),
(644967, '[bk-12+]->[bk-11-]', 'ct-24', 'ct-24', NULL, 12, 'South'),
(644968, '[bk-12+]->[bk-11-]', 'st-61', 'st-61', NULL, 13, 'West'),
(644969, '[bk-12+]->[bk-11-]', 'st-60', 'st-60', NULL, 14, 'West'),
(644970, '[bk-12+]->[bk-11-]', 'se-28', 'se-28', NULL, 15, 'West'),
(644971, '[bk-12+]->[bk-11-]', 'sd-7', 'sd-7', NULL, 16, 'West'),
(644972, '[bk-12+]->[bk-11-]', 'st-49', 'st-49', NULL, 17, 'West'),
(644973, '[bk-12+]->[bk-11-]', 'se-26', 'se-26', NULL, 18, 'West'),
(644974, '[bk-12+]->[bk-11-]', 'bk-11-', 'bk-11', NULL, 19, 'West'),
(646589, '[bk-1-]->[bk-5+]', 'bk-1', 'bk-1', NULL, 0, NULL),
(646590, '[bk-1-]->[bk-5+]', 'bk-1-', 'bk-1', NULL, 1, NULL),
(646591, '[bk-1-]->[bk-5+]', 'se-20', 'se-20', NULL, 2, 'East'),
(646592, '[bk-1-]->[bk-5+]', 'st-28', 'st-28', NULL, 3, 'East'),
(646593, '[bk-1-]->[bk-5+]', 'st-19', 'st-19', NULL, 4, 'East'),
(646594, '[bk-1-]->[bk-5+]', 'sw-4', 'sw-4', 'R', 5, 'East'),
(646595, '[bk-1-]->[bk-5+]', 'si-14', 'si-14', NULL, 6, 'North'),
(646596, '[bk-1-]->[bk-5+]', 'ct-5', 'ct-5', NULL, 7, 'North'),
(646597, '[bk-1-]->[bk-5+]', 'se-5', 'se-5', NULL, 8, 'West');         
INSERT INTO "jcs"."route_elements" VALUES
(646598, '[bk-1-]->[bk-5+]', 'bk-5+', 'bk-5', NULL, 9, 'West'),
(646658, '[bk-6+]->[bk-1-]', 'bk-6', 'bk-6', NULL, 0, NULL),
(646659, '[bk-6+]->[bk-1-]', 'bk-6+', 'bk-6', NULL, 1, NULL),
(646660, '[bk-6+]->[bk-1-]', 'se-6', 'se-6', NULL, 2, 'East'),
(646661, '[bk-6+]->[bk-1-]', 'st-23', 'st-23', NULL, 3, 'East'),
(646662, '[bk-6+]->[bk-1-]', 'st-24', 'st-24', NULL, 4, 'East'),
(646663, '[bk-6+]->[bk-1-]', 'ct-4', 'ct-4', NULL, 5, 'East'),
(646664, '[bk-6+]->[bk-1-]', 'st-25', 'st-25', NULL, 6, 'South'),
(646665, '[bk-6+]->[bk-1-]', 'si-15', 'si-15', NULL, 7, 'South'),
(646666, '[bk-6+]->[bk-1-]', 'ct-3', 'ct-3', NULL, 8, 'South'),
(646667, '[bk-6+]->[bk-1-]', 'st-22', 'st-22', NULL, 9, 'West'),
(646668, '[bk-6+]->[bk-1-]', 'sw-4', 'sw-4', 'G', 10, 'West'),
(646669, '[bk-6+]->[bk-1-]', 'st-19', 'st-19', NULL, 11, 'West'),
(646670, '[bk-6+]->[bk-1-]', 'st-28', 'st-28', NULL, 12, 'West'),
(646671, '[bk-6+]->[bk-1-]', 'se-20', 'se-20', NULL, 13, 'West'),
(646672, '[bk-6+]->[bk-1-]', 'bk-1-', 'bk-1', NULL, 14, 'West'),
(647796, '[bk-13-]->[bk-12+]', 'bk-13', 'bk-13', NULL, 0, NULL),
(647797, '[bk-13-]->[bk-12+]', 'bk-13-', 'bk-13', NULL, 1, NULL),
(647798, '[bk-13-]->[bk-12+]', 'se-36', 'se-36', NULL, 2, 'East'),
(647799, '[bk-13-]->[bk-12+]', 'si-10', 'si-10', NULL, 3, 'East'),
(647800, '[bk-13-]->[bk-12+]', 'st-30', 'st-30', NULL, 4, 'East'),
(647801, '[bk-13-]->[bk-12+]', 'ct-31', 'ct-31', NULL, 5, 'East'),
(647802, '[bk-13-]->[bk-12+]', 'ct-30', 'ct-30', NULL, 6, 'South'),
(647803, '[bk-13-]->[bk-12+]', 'sw-9', 'sw-9', 'G', 7, 'East'),
(647804, '[bk-13-]->[bk-12+]', 'st-55', 'st-55', NULL, 8, 'East'),
(647805, '[bk-13-]->[bk-12+]', 'sw-10', 'sw-10', 'G', 9, 'East'),
(647806, '[bk-13-]->[bk-12+]', 'st-29', 'st-29', NULL, 10, 'East'),
(647807, '[bk-13-]->[bk-12+]', 'st-6', 'st-6', NULL, 11, 'East'),
(647808, '[bk-13-]->[bk-12+]', 'st-58', 'st-58', NULL, 12, 'East'),
(647809, '[bk-13-]->[bk-12+]', 'ct-29', 'ct-29', NULL, 13, 'East'),
(647810, '[bk-13-]->[bk-12+]', 'se-40', 'se-40', NULL, 14, 'South'),
(647811, '[bk-13-]->[bk-12+]', 'st-54', 'st-54', NULL, 15, 'South'),
(647812, '[bk-13-]->[bk-12+]', 'se-39', 'se-39', NULL, 16, 'South'),
(647813, '[bk-13-]->[bk-12+]', 'bk-12+', 'bk-12', NULL, 17, 'South'),
(648222, '[bk-12-]->[bk-3+]', 'bk-12', 'bk-12', NULL, 0, NULL),
(648223, '[bk-12-]->[bk-3+]', 'bk-12-', 'bk-12', NULL, 1, NULL),
(648224, '[bk-12-]->[bk-3+]', 'se-38', 'se-38', NULL, 2, 'South'),
(648225, '[bk-12-]->[bk-3+]', 'st-5', 'st-5', NULL, 3, 'South'),
(648226, '[bk-12-]->[bk-3+]', 'st-4', 'st-4', NULL, 4, 'South'),
(648227, '[bk-12-]->[bk-3+]', 'st-3', 'st-3', NULL, 5, 'South'),
(648228, '[bk-12-]->[bk-3+]', 'st-2', 'st-2', NULL, 6, 'South'),
(648229, '[bk-12-]->[bk-3+]', 'ct-1', 'ct-1', NULL, 7, 'South'),
(648230, '[bk-12-]->[bk-3+]', 'st-1', 'st-1', NULL, 8, 'West'),
(648231, '[bk-12-]->[bk-3+]', 'st-8', 'st-8', NULL, 9, 'West'),
(648232, '[bk-12-]->[bk-3+]', 'sw-2', 'sw-2', 'R', 10, 'West'),
(648233, '[bk-12-]->[bk-3+]', 'sw-1', 'sw-1', 'R', 11, 'North'),
(648234, '[bk-12-]->[bk-3+]', 'st-9', 'st-9', NULL, 12, 'West'),
(648235, '[bk-12-]->[bk-3+]', 'st-12', 'st-12', NULL, 13, 'West'),
(648236, '[bk-12-]->[bk-3+]', 'st-13', 'st-13', NULL, 14, 'West'),
(648237, '[bk-12-]->[bk-3+]', 'st-14', 'st-14', NULL, 15, 'West'),
(648238, '[bk-12-]->[bk-3+]', 'st-15', 'st-15', NULL, 16, 'West'),
(648239, '[bk-12-]->[bk-3+]', 'st-16', 'st-16', NULL, 17, 'West'),
(648240, '[bk-12-]->[bk-3+]', 'st-17', 'st-17', NULL, 18, 'West'),
(648241, '[bk-12-]->[bk-3+]', 'st-18', 'st-18', NULL, 19, 'West'),
(648242, '[bk-12-]->[bk-3+]', 'sd-1', 'sd-1', NULL, 20, 'West'),
(648243, '[bk-12-]->[bk-3+]', 'st-64', 'st-64', NULL, 21, 'West'),
(648244, '[bk-12-]->[bk-3+]', 'st-74', 'st-74', NULL, 22, 'West'),
(648245, '[bk-12-]->[bk-3+]', 'st-77', 'st-77', NULL, 23, 'West'),
(648246, '[bk-12-]->[bk-3+]', 'st-75', 'st-75', NULL, 24, 'West'),
(648247, '[bk-12-]->[bk-3+]', 'st-110', 'st-110', NULL, 25, 'West'),
(648248, '[bk-12-]->[bk-3+]', 'st-118', 'st-118', NULL, 26, 'West'),
(648249, '[bk-12-]->[bk-3+]', 'st-119', 'st-119', NULL, 27, 'West');         
INSERT INTO "jcs"."route_elements" VALUES
(648250, '[bk-12-]->[bk-3+]', 'st-76', 'st-76', NULL, 28, 'West'),
(648251, '[bk-12-]->[bk-3+]', 'st-120', 'st-120', NULL, 29, 'West'),
(648252, '[bk-12-]->[bk-3+]', 'st-78', 'st-78', NULL, 30, 'West'),
(648253, '[bk-12-]->[bk-3+]', 'st-121', 'st-121', NULL, 31, 'West'),
(648254, '[bk-12-]->[bk-3+]', 'st-79', 'st-79', NULL, 32, 'West'),
(648255, '[bk-12-]->[bk-3+]', 'ct-38', 'ct-38', NULL, 33, 'West'),
(648256, '[bk-12-]->[bk-3+]', 'st-57', 'st-57', NULL, 34, 'North'),
(648257, '[bk-12-]->[bk-3+]', 'st-113', 'st-113', NULL, 35, 'North'),
(648258, '[bk-12-]->[bk-3+]', 'st-112', 'st-112', NULL, 36, 'North'),
(648259, '[bk-12-]->[bk-3+]', 'st-111', 'st-111', NULL, 37, 'North'),
(648260, '[bk-12-]->[bk-3+]', 'se-18', 'se-18', NULL, 38, 'North'),
(648261, '[bk-12-]->[bk-3+]', 'bk-3+', 'bk-3', NULL, 39, 'North'),
(648904, '[bk-9+]->[bk-1+]', 'bk-9', 'bk-9', NULL, 0, NULL),
(648905, '[bk-9+]->[bk-1+]', 'bk-9+', 'bk-9', NULL, 1, NULL),
(648906, '[bk-9+]->[bk-1+]', 'se-30', 'se-30', NULL, 2, 'South'),
(648907, '[bk-9+]->[bk-1+]', 'si-6', 'si-6', NULL, 3, 'South'),
(648908, '[bk-9+]->[bk-1+]', 'se-29', 'se-29', NULL, 4, 'South'),
(648909, '[bk-9+]->[bk-1+]', 'ct-21', 'ct-21', NULL, 5, 'South'),
(648910, '[bk-9+]->[bk-1+]', 'st-47', 'st-47', NULL, 6, 'East'),
(648911, '[bk-9+]->[bk-1+]', 'sw-7', 'sw-7', 'G', 7, 'East'),
(648912, '[bk-9+]->[bk-1+]', 'st-39', 'st-39', NULL, 8, 'East'),
(648913, '[bk-9+]->[bk-1+]', 'sw-5', 'sw-5', 'G', 9, 'East'),
(648914, '[bk-9+]->[bk-1+]', 'ct-9', 'ct-9', NULL, 10, 'East'),
(648915, '[bk-9+]->[bk-1+]', 'ct-10', 'ct-10', NULL, 11, 'South'),
(648916, '[bk-9+]->[bk-1+]', 'ct-12', 'ct-12', NULL, 12, 'East'),
(648917, '[bk-9+]->[bk-1+]', 'ct-11', 'ct-11', NULL, 13, 'South'),
(648918, '[bk-9+]->[bk-1+]', 'ct-13', 'ct-13', NULL, 14, 'East'),
(648919, '[bk-9+]->[bk-1+]', 'ct-14', 'ct-14', NULL, 15, 'South'),
(648920, '[bk-9+]->[bk-1+]', 'ct-15', 'ct-15', NULL, 16, 'East'),
(648921, '[bk-9+]->[bk-1+]', 'ct-16', 'ct-16', NULL, 17, 'South'),
(648922, '[bk-9+]->[bk-1+]', 'st-35', 'st-35', NULL, 18, 'East'),
(648923, '[bk-9+]->[bk-1+]', 'si-9', 'si-9', NULL, 19, 'East'),
(648924, '[bk-9+]->[bk-1+]', 'se-21', 'se-21', NULL, 20, 'East'),
(648925, '[bk-9+]->[bk-1+]', 'bk-1+', 'bk-1', NULL, 21, 'East'),
(648970, '[bk-15+]->[bk-19-]', 'bk-15', 'bk-15', NULL, 0, NULL),
(648971, '[bk-15+]->[bk-19-]', 'bk-15+', 'bk-15', NULL, 1, NULL),
(648972, '[bk-15+]->[bk-19-]', 'se-46', 'se-46', NULL, 2, 'East'),
(648973, '[bk-15+]->[bk-19-]', 'se-45', 'se-45', NULL, 3, 'East'),
(648974, '[bk-15+]->[bk-19-]', 'st-89', 'st-89', NULL, 4, 'East'),
(648975, '[bk-15+]->[bk-19-]', 'ct-32', 'ct-32', NULL, 5, 'East'),
(648976, '[bk-15+]->[bk-19-]', 'sw-11', 'sw-11', 'R', 6, 'South'),
(648977, '[bk-15+]->[bk-19-]', 'st-158', 'st-158', NULL, 7, 'East'),
(648978, '[bk-15+]->[bk-19-]', 'st-157', 'st-157', NULL, 8, 'East'),
(648979, '[bk-15+]->[bk-19-]', 'ct-46', 'ct-46', NULL, 9, 'East'),
(648980, '[bk-15+]->[bk-19-]', 'st-159', 'st-159', NULL, 10, 'North'),
(648981, '[bk-15+]->[bk-19-]', 'st-160', 'st-160', NULL, 11, 'North'),
(648982, '[bk-15+]->[bk-19-]', 'st-161', 'st-161', NULL, 12, 'North'),
(648983, '[bk-15+]->[bk-19-]', 'st-162', 'st-162', NULL, 13, 'North'),
(648984, '[bk-15+]->[bk-19-]', 'ct-44', 'ct-44', NULL, 14, 'North'),
(648985, '[bk-15+]->[bk-19-]', 'st-165', 'st-165', NULL, 15, 'West'),
(648986, '[bk-15+]->[bk-19-]', 'st-166', 'st-166', NULL, 16, 'West'),
(648987, '[bk-15+]->[bk-19-]', 'sd-13', 'sd-13', NULL, 17, 'West'),
(648988, '[bk-15+]->[bk-19-]', 'st-154', 'st-154', NULL, 18, 'West'),
(648989, '[bk-15+]->[bk-19-]', 'st-153', 'st-153', NULL, 19, 'West'),
(648990, '[bk-15+]->[bk-19-]', 'st-152', 'st-152', NULL, 20, 'West'),
(648991, '[bk-15+]->[bk-19-]', 'se-59', 'se-59', NULL, 21, 'West'),
(648992, '[bk-15+]->[bk-19-]', 'bk-19-', 'bk-19', NULL, 22, 'West'),
(649053, '[bk-1-]->[bk-6+]', 'bk-1', 'bk-1', NULL, 0, NULL),
(649054, '[bk-1-]->[bk-6+]', 'bk-1-', 'bk-1', NULL, 1, NULL),
(649055, '[bk-1-]->[bk-6+]', 'se-20', 'se-20', NULL, 2, 'East'),
(649056, '[bk-1-]->[bk-6+]', 'st-28', 'st-28', NULL, 3, 'East');     
INSERT INTO "jcs"."route_elements" VALUES
(649057, '[bk-1-]->[bk-6+]', 'st-19', 'st-19', NULL, 4, 'East'),
(649058, '[bk-1-]->[bk-6+]', 'sw-4', 'sw-4', 'G', 5, 'East'),
(649059, '[bk-1-]->[bk-6+]', 'st-22', 'st-22', NULL, 6, 'East'),
(649060, '[bk-1-]->[bk-6+]', 'ct-3', 'ct-3', NULL, 7, 'East'),
(649061, '[bk-1-]->[bk-6+]', 'si-15', 'si-15', NULL, 8, 'North'),
(649062, '[bk-1-]->[bk-6+]', 'st-25', 'st-25', NULL, 9, 'North'),
(649063, '[bk-1-]->[bk-6+]', 'ct-4', 'ct-4', NULL, 10, 'North'),
(649064, '[bk-1-]->[bk-6+]', 'st-24', 'st-24', NULL, 11, 'West'),
(649065, '[bk-1-]->[bk-6+]', 'st-23', 'st-23', NULL, 12, 'West'),
(649066, '[bk-1-]->[bk-6+]', 'se-6', 'se-6', NULL, 13, 'West'),
(649067, '[bk-1-]->[bk-6+]', 'bk-6+', 'bk-6', NULL, 14, 'West'),
(649081, '[bk-9+]->[bk-7-]', 'bk-9', 'bk-9', NULL, 0, NULL),
(649082, '[bk-9+]->[bk-7-]', 'bk-9+', 'bk-9', NULL, 1, NULL),
(649083, '[bk-9+]->[bk-7-]', 'se-30', 'se-30', NULL, 2, 'South'),
(649084, '[bk-9+]->[bk-7-]', 'si-6', 'si-6', NULL, 3, 'South'),
(649085, '[bk-9+]->[bk-7-]', 'se-29', 'se-29', NULL, 4, 'South'),
(649086, '[bk-9+]->[bk-7-]', 'ct-21', 'ct-21', NULL, 5, 'South'),
(649087, '[bk-9+]->[bk-7-]', 'st-47', 'st-47', NULL, 6, 'East'),
(649088, '[bk-9+]->[bk-7-]', 'sw-7', 'sw-7', 'G', 7, 'East'),
(649089, '[bk-9+]->[bk-7-]', 'st-39', 'st-39', NULL, 8, 'East'),
(649090, '[bk-9+]->[bk-7-]', 'sw-5', 'sw-5', 'R', 9, 'East'),
(649091, '[bk-9+]->[bk-7-]', 'ct-6', 'ct-6', NULL, 10, 'North'),
(649092, '[bk-9+]->[bk-7-]', 'st-38', 'st-38', NULL, 11, 'East'),
(649093, '[bk-9+]->[bk-7-]', 'st-37', 'st-37', NULL, 12, 'East'),
(649094, '[bk-9+]->[bk-7-]', 'st-44', 'st-44', NULL, 13, 'East'),
(649095, '[bk-9+]->[bk-7-]', 'se-16', 'se-16', NULL, 14, 'East'),
(649096, '[bk-9+]->[bk-7-]', 'sd-4', 'sd-4', NULL, 15, 'East'),
(649097, '[bk-9+]->[bk-7-]', 'st-42', 'st-42', NULL, 16, 'East'),
(649098, '[bk-9+]->[bk-7-]', 'se-10', 'se-10', NULL, 17, 'East'),
(649099, '[bk-9+]->[bk-7-]', 'bk-7-', 'bk-7', NULL, 18, 'East'),
(649179, '[bk-5+]->[bk-1-]', 'bk-5', 'bk-5', NULL, 0, NULL),
(649180, '[bk-5+]->[bk-1-]', 'bk-5+', 'bk-5', NULL, 1, NULL),
(649181, '[bk-5+]->[bk-1-]', 'se-5', 'se-5', NULL, 2, 'East'),
(649182, '[bk-5+]->[bk-1-]', 'ct-5', 'ct-5', NULL, 3, 'East'),
(649183, '[bk-5+]->[bk-1-]', 'si-14', 'si-14', NULL, 4, 'South'),
(649184, '[bk-5+]->[bk-1-]', 'sw-4', 'sw-4', 'R', 5, 'South'),
(649185, '[bk-5+]->[bk-1-]', 'st-19', 'st-19', NULL, 6, 'West'),
(649186, '[bk-5+]->[bk-1-]', 'st-28', 'st-28', NULL, 7, 'West'),
(649187, '[bk-5+]->[bk-1-]', 'se-20', 'se-20', NULL, 8, 'West'),
(649188, '[bk-5+]->[bk-1-]', 'bk-1-', 'bk-1', NULL, 9, 'West'),
(649259, '[bk-1+]->[bk-9+]', 'bk-1', 'bk-1', NULL, 0, NULL),
(649260, '[bk-1+]->[bk-9+]', 'bk-1+', 'bk-1', NULL, 1, NULL),
(649261, '[bk-1+]->[bk-9+]', 'se-21', 'se-21', NULL, 2, 'West'),
(649262, '[bk-1+]->[bk-9+]', 'si-9', 'si-9', NULL, 3, 'West'),
(649263, '[bk-1+]->[bk-9+]', 'st-35', 'st-35', NULL, 4, 'West'),
(649264, '[bk-1+]->[bk-9+]', 'ct-16', 'ct-16', NULL, 5, 'West'),
(649265, '[bk-1+]->[bk-9+]', 'ct-15', 'ct-15', NULL, 6, 'North'),
(649266, '[bk-1+]->[bk-9+]', 'ct-14', 'ct-14', NULL, 7, 'West'),
(649267, '[bk-1+]->[bk-9+]', 'ct-13', 'ct-13', NULL, 8, 'North'),
(649268, '[bk-1+]->[bk-9+]', 'ct-11', 'ct-11', NULL, 9, 'West'),
(649269, '[bk-1+]->[bk-9+]', 'ct-12', 'ct-12', NULL, 10, 'North'),
(649270, '[bk-1+]->[bk-9+]', 'ct-10', 'ct-10', NULL, 11, 'West'),
(649271, '[bk-1+]->[bk-9+]', 'ct-9', 'ct-9', NULL, 12, 'North'),
(649272, '[bk-1+]->[bk-9+]', 'sw-5', 'sw-5', 'G', 13, 'West'),
(649273, '[bk-1+]->[bk-9+]', 'st-39', 'st-39', NULL, 14, 'West'),
(649274, '[bk-1+]->[bk-9+]', 'sw-7', 'sw-7', 'G', 15, 'West'),
(649275, '[bk-1+]->[bk-9+]', 'st-47', 'st-47', NULL, 16, 'West'),
(649276, '[bk-1+]->[bk-9+]', 'ct-21', 'ct-21', NULL, 17, 'West'),
(649277, '[bk-1+]->[bk-9+]', 'se-29', 'se-29', NULL, 18, 'North'),
(649278, '[bk-1+]->[bk-9+]', 'si-6', 'si-6', NULL, 19, 'North'),
(649279, '[bk-1+]->[bk-9+]', 'se-30', 'se-30', NULL, 20, 'North'),
(649280, '[bk-1+]->[bk-9+]', 'bk-9+', 'bk-9', NULL, 21, 'North'),
(649325, '[bk-9-]->[bk-18-]', 'bk-9', 'bk-9', NULL, 0, NULL);               
INSERT INTO "jcs"."route_elements" VALUES
(649326, '[bk-9-]->[bk-18-]', 'bk-9-', 'bk-9', NULL, 1, NULL),
(649327, '[bk-9-]->[bk-18-]', 'se-31', 'se-31', NULL, 2, 'North'),
(649328, '[bk-9-]->[bk-18-]', 'si-13', 'si-13', NULL, 3, 'North'),
(649329, '[bk-9-]->[bk-18-]', 'st-148', 'st-148', NULL, 4, 'North'),
(649330, '[bk-9-]->[bk-18-]', 'cr-2', 'cr-2', NULL, 5, 'North'),
(649331, '[bk-9-]->[bk-18-]', 'st-149', 'st-149', NULL, 6, 'North'),
(649332, '[bk-9-]->[bk-18-]', 'cr-4', 'cr-4', NULL, 7, 'North'),
(649333, '[bk-9-]->[bk-18-]', 'st-180', 'st-180', NULL, 8, 'North'),
(649334, '[bk-9-]->[bk-18-]', 'ct-45', 'ct-45', NULL, 9, 'North'),
(649335, '[bk-9-]->[bk-18-]', 'st-179', 'st-179', NULL, 10, 'East'),
(649336, '[bk-9-]->[bk-18-]', 'st-178', 'st-178', NULL, 11, 'East'),
(649337, '[bk-9-]->[bk-18-]', 'st-177', 'st-177', NULL, 12, 'East'),
(649338, '[bk-9-]->[bk-18-]', 'st-176', 'st-176', NULL, 13, 'East'),
(649339, '[bk-9-]->[bk-18-]', 'st-175', 'st-175', NULL, 14, 'East'),
(649340, '[bk-9-]->[bk-18-]', 'st-174', 'st-174', NULL, 15, 'East'),
(649341, '[bk-9-]->[bk-18-]', 'st-173', 'st-173', NULL, 16, 'East'),
(649342, '[bk-9-]->[bk-18-]', 'sw-16', 'sw-16', 'R', 17, 'East'),
(649343, '[bk-9-]->[bk-18-]', 'sw-15', 'sw-15', 'R', 18, 'South'),
(649344, '[bk-9-]->[bk-18-]', 'st-156', 'st-156', NULL, 19, 'East'),
(649345, '[bk-9-]->[bk-18-]', 'sd-16', 'sd-16', NULL, 20, 'East'),
(649346, '[bk-9-]->[bk-18-]', 'st-151', 'st-151', NULL, 21, 'East'),
(649347, '[bk-9-]->[bk-18-]', 'se-57', 'se-57', NULL, 22, 'East'),
(649348, '[bk-9-]->[bk-18-]', 'bk-18-', 'bk-18', NULL, 23, 'East'),
(649393, '[bk-8+]->[bk-4-]', 'bk-8', 'bk-8', NULL, 0, NULL),
(649394, '[bk-8+]->[bk-4-]', 'bk-8+', 'bk-8', NULL, 1, NULL),
(649395, '[bk-8+]->[bk-4-]', 'se-12', 'se-12', NULL, 2, 'East'),
(649396, '[bk-8+]->[bk-4-]', 'si-3', 'si-3', NULL, 3, 'East'),
(649397, '[bk-8+]->[bk-4-]', 'se-14', 'se-14', NULL, 4, 'East'),
(649398, '[bk-8+]->[bk-4-]', 'sw-6', 'sw-6', 'G', 5, 'East'),
(649399, '[bk-8+]->[bk-4-]', 'st-26', 'st-26', NULL, 6, 'East'),
(649400, '[bk-8+]->[bk-4-]', 'sd-3', 'sd-3', NULL, 7, 'East'),
(649401, '[bk-8+]->[bk-4-]', 'st-41', 'st-41', NULL, 8, 'East'),
(649402, '[bk-8+]->[bk-4-]', 'ct-8', 'ct-8', NULL, 9, 'East'),
(649403, '[bk-8+]->[bk-4-]', 'st-40', 'st-40', NULL, 10, 'South'),
(649404, '[bk-8+]->[bk-4-]', 'se-2', 'se-2', NULL, 11, 'South'),
(649405, '[bk-8+]->[bk-4-]', 'bk-4-', 'bk-4', NULL, 12, 'South'),
(649406, '[bk-14+]->[bk-19-]', 'bk-14', 'bk-14', NULL, 0, NULL),
(649407, '[bk-14+]->[bk-19-]', 'bk-14+', 'bk-14', NULL, 1, NULL),
(649408, '[bk-14+]->[bk-19-]', 'se-42', 'se-42', NULL, 2, 'East'),
(649409, '[bk-14+]->[bk-19-]', 'se-44', 'se-44', NULL, 3, 'East'),
(649410, '[bk-14+]->[bk-19-]', 'st-88', 'st-88', NULL, 4, 'East'),
(649411, '[bk-14+]->[bk-19-]', 'sw-11', 'sw-11', 'G', 5, 'East'),
(649412, '[bk-14+]->[bk-19-]', 'st-158', 'st-158', NULL, 6, 'East'),
(649413, '[bk-14+]->[bk-19-]', 'st-157', 'st-157', NULL, 7, 'East'),
(649414, '[bk-14+]->[bk-19-]', 'ct-46', 'ct-46', NULL, 8, 'East'),
(649415, '[bk-14+]->[bk-19-]', 'st-159', 'st-159', NULL, 9, 'North'),
(649416, '[bk-14+]->[bk-19-]', 'st-160', 'st-160', NULL, 10, 'North'),
(649417, '[bk-14+]->[bk-19-]', 'st-161', 'st-161', NULL, 11, 'North'),
(649418, '[bk-14+]->[bk-19-]', 'st-162', 'st-162', NULL, 12, 'North'),
(649419, '[bk-14+]->[bk-19-]', 'ct-44', 'ct-44', NULL, 13, 'North'),
(649420, '[bk-14+]->[bk-19-]', 'st-165', 'st-165', NULL, 14, 'West'),
(649421, '[bk-14+]->[bk-19-]', 'st-166', 'st-166', NULL, 15, 'West'),
(649422, '[bk-14+]->[bk-19-]', 'sd-13', 'sd-13', NULL, 16, 'West'),
(649423, '[bk-14+]->[bk-19-]', 'st-154', 'st-154', NULL, 17, 'West'),
(649424, '[bk-14+]->[bk-19-]', 'st-153', 'st-153', NULL, 18, 'West'),
(649425, '[bk-14+]->[bk-19-]', 'st-152', 'st-152', NULL, 19, 'West'),
(649426, '[bk-14+]->[bk-19-]', 'se-59', 'se-59', NULL, 20, 'West'),
(649427, '[bk-14+]->[bk-19-]', 'bk-19-', 'bk-19', NULL, 21, 'West'),
(649428, '[bk-18+]->[bk-17-]', 'bk-18', 'bk-18', NULL, 0, NULL),
(649429, '[bk-18+]->[bk-17-]', 'bk-18+', 'bk-18', NULL, 1, NULL),
(649430, '[bk-18+]->[bk-17-]', 'se-56', 'se-56', NULL, 2, 'East');     
INSERT INTO "jcs"."route_elements" VALUES
(649431, '[bk-18+]->[bk-17-]', 'si-11', 'si-11', NULL, 3, 'East'),
(649432, '[bk-18+]->[bk-17-]', 'se-58', 'se-58', NULL, 4, 'East'),
(649433, '[bk-18+]->[bk-17-]', 'sd-12', 'sd-12', NULL, 5, 'East'),
(649434, '[bk-18+]->[bk-17-]', 'st-163', 'st-163', NULL, 6, 'East'),
(649435, '[bk-18+]->[bk-17-]', 'ct-43', 'ct-43', NULL, 7, 'East'),
(649436, '[bk-18+]->[bk-17-]', 'st-56', 'st-56', NULL, 8, 'South'),
(649437, '[bk-18+]->[bk-17-]', 'ct-47', 'ct-47', NULL, 9, 'South'),
(649438, '[bk-18+]->[bk-17-]', 'st-164', 'st-164', NULL, 10, 'West'),
(649439, '[bk-18+]->[bk-17-]', 'sw-12', 'sw-12', 'R', 11, 'West'),
(649440, '[bk-18+]->[bk-17-]', 'ct-35', 'ct-35', NULL, 12, 'North'),
(649441, '[bk-18+]->[bk-17-]', 'st-109', 'st-109', NULL, 13, 'West'),
(649442, '[bk-18+]->[bk-17-]', 'st-108', 'st-108', NULL, 14, 'West'),
(649443, '[bk-18+]->[bk-17-]', 'st-107', 'st-107', NULL, 15, 'West'),
(649444, '[bk-18+]->[bk-17-]', 'sd-11', 'sd-11', NULL, 16, 'West'),
(649445, '[bk-18+]->[bk-17-]', 'st-106', 'st-106', NULL, 17, 'West'),
(649446, '[bk-18+]->[bk-17-]', 'st-105', 'st-105', NULL, 18, 'West'),
(649447, '[bk-18+]->[bk-17-]', 'st-104', 'st-104', NULL, 19, 'West'),
(649448, '[bk-18+]->[bk-17-]', 'se-52', 'se-52', NULL, 20, 'West'),
(649449, '[bk-18+]->[bk-17-]', 'bk-17-', 'bk-17', NULL, 21, 'West'),
(649524, '[bk-19+]->[bk-9-]', 'bk-19', 'bk-19', NULL, 0, NULL),
(649525, '[bk-19+]->[bk-9-]', 'bk-19+', 'bk-19', NULL, 1, NULL),
(649526, '[bk-19+]->[bk-9-]', 'se-60', 'se-60', NULL, 2, 'West'),
(649527, '[bk-19+]->[bk-9-]', 'si-12', 'si-12', NULL, 3, 'West'),
(649528, '[bk-19+]->[bk-9-]', 'sd-15', 'sd-15', NULL, 4, 'West'),
(649529, '[bk-19+]->[bk-9-]', 'sw-16', 'sw-16', 'G', 5, 'West'),
(649530, '[bk-19+]->[bk-9-]', 'st-173', 'st-173', NULL, 6, 'West'),
(649531, '[bk-19+]->[bk-9-]', 'st-174', 'st-174', NULL, 7, 'West'),
(649532, '[bk-19+]->[bk-9-]', 'st-175', 'st-175', NULL, 8, 'West'),
(649533, '[bk-19+]->[bk-9-]', 'st-176', 'st-176', NULL, 9, 'West'),
(649534, '[bk-19+]->[bk-9-]', 'st-177', 'st-177', NULL, 10, 'West'),
(649535, '[bk-19+]->[bk-9-]', 'st-178', 'st-178', NULL, 11, 'West'),
(649536, '[bk-19+]->[bk-9-]', 'st-179', 'st-179', NULL, 12, 'West'),
(649537, '[bk-19+]->[bk-9-]', 'ct-45', 'ct-45', NULL, 13, 'West'),
(649538, '[bk-19+]->[bk-9-]', 'st-180', 'st-180', NULL, 14, 'South'),
(649539, '[bk-19+]->[bk-9-]', 'cr-4', 'cr-4', NULL, 15, 'South'),
(649540, '[bk-19+]->[bk-9-]', 'st-149', 'st-149', NULL, 16, 'South'),
(649541, '[bk-19+]->[bk-9-]', 'cr-2', 'cr-2', NULL, 17, 'South'),
(649542, '[bk-19+]->[bk-9-]', 'st-148', 'st-148', NULL, 18, 'South'),
(649543, '[bk-19+]->[bk-9-]', 'si-13', 'si-13', NULL, 19, 'South'),
(649544, '[bk-19+]->[bk-9-]', 'se-31', 'se-31', NULL, 20, 'South'),
(649545, '[bk-19+]->[bk-9-]', 'bk-9-', 'bk-9', NULL, 21, 'South'),
(649676, '[bk-9+]->[bk-8-]', 'bk-9', 'bk-9', NULL, 0, NULL),
(649677, '[bk-9+]->[bk-8-]', 'bk-9+', 'bk-9', NULL, 1, NULL),
(649678, '[bk-9+]->[bk-8-]', 'se-30', 'se-30', NULL, 2, 'South'),
(649679, '[bk-9+]->[bk-8-]', 'si-6', 'si-6', NULL, 3, 'South'),
(649680, '[bk-9+]->[bk-8-]', 'se-29', 'se-29', NULL, 4, 'South'),
(649681, '[bk-9+]->[bk-8-]', 'ct-21', 'ct-21', NULL, 5, 'South'),
(649682, '[bk-9+]->[bk-8-]', 'st-47', 'st-47', NULL, 6, 'East'),
(649683, '[bk-9+]->[bk-8-]', 'sw-7', 'sw-7', 'R', 7, 'East'),
(649684, '[bk-9+]->[bk-8-]', 'ct-17', 'ct-17', NULL, 8, 'North'),
(649685, '[bk-9+]->[bk-8-]', 'ct-19', 'ct-19', NULL, 9, 'East'),
(649686, '[bk-9+]->[bk-8-]', 'ct-20', 'ct-20', NULL, 10, 'North'),
(649687, '[bk-9+]->[bk-8-]', 'st-46', 'st-46', NULL, 11, 'East'),
(649688, '[bk-9+]->[bk-8-]', 'st-36', 'st-36', NULL, 12, 'East'),
(649689, '[bk-9+]->[bk-8-]', 'st-27', 'st-27', NULL, 13, 'East'),
(649690, '[bk-9+]->[bk-8-]', 'st-45', 'st-45', NULL, 14, 'East'),
(649691, '[bk-9+]->[bk-8-]', 'se-11', 'se-11', NULL, 15, 'East'),
(649692, '[bk-9+]->[bk-8-]', 'sd-5', 'sd-5', NULL, 16, 'East'),
(649693, '[bk-9+]->[bk-8-]', 'st-43', 'st-43', NULL, 17, 'East'),
(649694, '[bk-9+]->[bk-8-]', 'se-17', 'se-17', NULL, 18, 'East'),
(649695, '[bk-9+]->[bk-8-]', 'bk-8-', 'bk-8', NULL, 19, 'East');              
INSERT INTO "jcs"."route_elements" VALUES
(649726, '[bk-17+]->[bk-2-]', 'bk-17', 'bk-17', NULL, 0, NULL),
(649727, '[bk-17+]->[bk-2-]', 'bk-17+', 'bk-17', NULL, 1, NULL),
(649728, '[bk-17+]->[bk-2-]', 'se-51', 'se-51', NULL, 2, 'West'),
(649729, '[bk-17+]->[bk-2-]', 'se-50', 'se-50', NULL, 3, 'West'),
(649730, '[bk-17+]->[bk-2-]', 'sw-13', 'sw-13', 'G', 4, 'West'),
(649731, '[bk-17+]->[bk-2-]', 'st-97', 'st-97', NULL, 5, 'West'),
(649732, '[bk-17+]->[bk-2-]', 'st-142', 'st-142', NULL, 6, 'West'),
(649733, '[bk-17+]->[bk-2-]', 'st-143', 'st-143', NULL, 7, 'West'),
(649734, '[bk-17+]->[bk-2-]', 'cr-3', 'cr-3', NULL, 8, 'West'),
(649735, '[bk-17+]->[bk-2-]', 'cr-4', 'cr-4', NULL, 9, 'West'),
(649736, '[bk-17+]->[bk-2-]', 'st-138', 'st-138', NULL, 10, 'West'),
(649737, '[bk-17+]->[bk-2-]', 'st-139', 'st-139', NULL, 11, 'West'),
(649738, '[bk-17+]->[bk-2-]', 'ct-34', 'ct-34', NULL, 12, 'West'),
(649739, '[bk-17+]->[bk-2-]', 'st-182', 'st-182', NULL, 13, 'South'),
(649740, '[bk-17+]->[bk-2-]', 'st-136', 'st-136', NULL, 14, 'South'),
(649741, '[bk-17+]->[bk-2-]', 'st-135', 'st-135', NULL, 15, 'South'),
(649742, '[bk-17+]->[bk-2-]', 'st-134', 'st-134', NULL, 16, 'South'),
(649743, '[bk-17+]->[bk-2-]', 'st-133', 'st-133', NULL, 17, 'South'),
(649744, '[bk-17+]->[bk-2-]', 'st-132', 'st-132', NULL, 18, 'South'),
(649745, '[bk-17+]->[bk-2-]', 'st-131', 'st-131', NULL, 19, 'South'),
(649746, '[bk-17+]->[bk-2-]', 'st-130', 'st-130', NULL, 20, 'South'),
(649747, '[bk-17+]->[bk-2-]', 'st-129', 'st-129', NULL, 21, 'South'),
(649748, '[bk-17+]->[bk-2-]', 'st-128', 'st-128', NULL, 22, 'South'),
(649749, '[bk-17+]->[bk-2-]', 'st-127', 'st-127', NULL, 23, 'South'),
(649750, '[bk-17+]->[bk-2-]', 'st-126', 'st-126', NULL, 24, 'South'),
(649751, '[bk-17+]->[bk-2-]', 'st-125', 'st-125', NULL, 25, 'South'),
(649752, '[bk-17+]->[bk-2-]', 'st-124', 'st-124', NULL, 26, 'South'),
(649753, '[bk-17+]->[bk-2-]', 'st-123', 'st-123', NULL, 27, 'South'),
(649754, '[bk-17+]->[bk-2-]', 'st-83', 'st-83', NULL, 28, 'South'),
(649755, '[bk-17+]->[bk-2-]', 'st-122', 'st-122', NULL, 29, 'South'),
(649756, '[bk-17+]->[bk-2-]', 'ct-39', 'ct-39', NULL, 30, 'South'),
(649757, '[bk-17+]->[bk-2-]', 'st-82', 'st-82', NULL, 31, 'East'),
(649758, '[bk-17+]->[bk-2-]', 'st-81', 'st-81', NULL, 32, 'East'),
(649759, '[bk-17+]->[bk-2-]', 'st-80', 'st-80', NULL, 33, 'East'),
(649760, '[bk-17+]->[bk-2-]', 'st-73', 'st-73', NULL, 34, 'East'),
(649761, '[bk-17+]->[bk-2-]', 'st-72', 'st-72', NULL, 35, 'East'),
(649762, '[bk-17+]->[bk-2-]', 'st-71', 'st-71', NULL, 36, 'East'),
(649763, '[bk-17+]->[bk-2-]', 'st-70', 'st-70', NULL, 37, 'East'),
(649764, '[bk-17+]->[bk-2-]', 'st-69', 'st-69', NULL, 38, 'East'),
(649765, '[bk-17+]->[bk-2-]', 'st-68', 'st-68', NULL, 39, 'East'),
(649766, '[bk-17+]->[bk-2-]', 'st-67', 'st-67', NULL, 40, 'East'),
(649767, '[bk-17+]->[bk-2-]', 'st-66', 'st-66', NULL, 41, 'East'),
(649768, '[bk-17+]->[bk-2-]', 'st-65', 'st-65', NULL, 42, 'East'),
(649769, '[bk-17+]->[bk-2-]', 'st-63', 'st-63', NULL, 43, 'East'),
(649770, '[bk-17+]->[bk-2-]', 'sd-2', 'sd-2', NULL, 44, 'East'),
(649771, '[bk-17+]->[bk-2-]', 'st-11', 'st-11', NULL, 45, 'East'),
(649772, '[bk-17+]->[bk-2-]', 'se-4', 'se-4', NULL, 46, 'East'),
(649773, '[bk-17+]->[bk-2-]', 'bk-2-', 'bk-2', NULL, 47, 'East'),
(649824, '[bk-2+]->[bk-12-]', 'bk-2', 'bk-2', NULL, 0, NULL),
(649825, '[bk-2+]->[bk-12-]', 'bk-2+', 'bk-2', NULL, 1, NULL),
(649826, '[bk-2+]->[bk-12-]', 'se-3', 'se-3', NULL, 2, 'East'),
(649827, '[bk-2+]->[bk-12-]', 'si-1', 'si-1', NULL, 3, 'East'),
(649828, '[bk-2+]->[bk-12-]', 'sd-14', 'sd-14', NULL, 4, 'East'),
(649829, '[bk-2+]->[bk-12-]', 'sw-2', 'sw-2', 'G', 5, 'East'),
(649830, '[bk-2+]->[bk-12-]', 'st-8', 'st-8', NULL, 6, 'East'),
(649831, '[bk-2+]->[bk-12-]', 'st-1', 'st-1', NULL, 7, 'East'),
(649832, '[bk-2+]->[bk-12-]', 'ct-1', 'ct-1', NULL, 8, 'East'),
(649833, '[bk-2+]->[bk-12-]', 'st-2', 'st-2', NULL, 9, 'North'),
(649834, '[bk-2+]->[bk-12-]', 'st-3', 'st-3', NULL, 10, 'North'),
(649835, '[bk-2+]->[bk-12-]', 'st-4', 'st-4', NULL, 11, 'North'),
(649836, '[bk-2+]->[bk-12-]', 'st-5', 'st-5', NULL, 12, 'North');              
INSERT INTO "jcs"."route_elements" VALUES
(649837, '[bk-2+]->[bk-12-]', 'se-38', 'se-38', NULL, 13, 'North'),
(649838, '[bk-2+]->[bk-12-]', 'bk-12-', 'bk-12', NULL, 14, 'North'),
(649839, '[bk-3-]->[bk-15-]', 'bk-3', 'bk-3', NULL, 0, NULL),
(649840, '[bk-3-]->[bk-15-]', 'bk-3-', 'bk-3', NULL, 1, NULL),
(649841, '[bk-3-]->[bk-15-]', 'se-19', 'se-19', NULL, 2, 'North'),
(649842, '[bk-3-]->[bk-15-]', 'se-54', 'se-54', NULL, 3, 'North'),
(649843, '[bk-3-]->[bk-15-]', 'st-114', 'st-114', NULL, 4, 'North'),
(649844, '[bk-3-]->[bk-15-]', 'st-115', 'st-115', NULL, 5, 'North'),
(649845, '[bk-3-]->[bk-15-]', 'st-116', 'st-116', NULL, 6, 'North'),
(649846, '[bk-3-]->[bk-15-]', 'st-117', 'st-117', NULL, 7, 'North'),
(649847, '[bk-3-]->[bk-15-]', 'ct-41', 'ct-41', NULL, 8, 'North'),
(649848, '[bk-3-]->[bk-15-]', 'st-137', 'st-137', NULL, 9, 'East'),
(649849, '[bk-3-]->[bk-15-]', 'cr-2', 'cr-2', NULL, 10, 'East'),
(649850, '[bk-3-]->[bk-15-]', 'cr-1', 'cr-1', NULL, 11, 'East'),
(649851, '[bk-3-]->[bk-15-]', 'st-140', 'st-140', NULL, 12, 'East'),
(649852, '[bk-3-]->[bk-15-]', 'st-141', 'st-141', NULL, 13, 'East'),
(649853, '[bk-3-]->[bk-15-]', 'st-96', 'st-96', NULL, 14, 'East'),
(649854, '[bk-3-]->[bk-15-]', 'sw-14', 'sw-14', 'G', 15, 'East'),
(649855, '[bk-3-]->[bk-15-]', 'st-95', 'st-95', NULL, 16, 'East'),
(649856, '[bk-3-]->[bk-15-]', 'st-92', 'st-92', NULL, 17, 'East'),
(649857, '[bk-3-]->[bk-15-]', 'st-91', 'st-91', NULL, 18, 'East'),
(649858, '[bk-3-]->[bk-15-]', 'sd-9', 'sd-9', NULL, 19, 'East'),
(649859, '[bk-3-]->[bk-15-]', 'st-87', 'st-87', NULL, 20, 'East'),
(649860, '[bk-3-]->[bk-15-]', 'st-86', 'st-86', NULL, 21, 'East'),
(649861, '[bk-3-]->[bk-15-]', 'se-47', 'se-47', NULL, 22, 'East'),
(649862, '[bk-3-]->[bk-15-]', 'bk-15-', 'bk-15', NULL, 23, 'East'),
(649863, '[bk-7+]->[bk-4-]', 'bk-7', 'bk-7', NULL, 0, NULL),
(649864, '[bk-7+]->[bk-4-]', 'bk-7+', 'bk-7', NULL, 1, NULL),
(649865, '[bk-7+]->[bk-4-]', 'se-9', 'se-9', NULL, 2, 'East'),
(649866, '[bk-7+]->[bk-4-]', 'si-2', 'si-2', NULL, 3, 'East'),
(649867, '[bk-7+]->[bk-4-]', 'se-13', 'se-13', NULL, 4, 'East'),
(649868, '[bk-7+]->[bk-4-]', 'ct-7', 'ct-7', NULL, 5, 'East'),
(649869, '[bk-7+]->[bk-4-]', 'sw-6', 'sw-6', 'R', 6, 'North'),
(649870, '[bk-7+]->[bk-4-]', 'st-26', 'st-26', NULL, 7, 'East'),
(649871, '[bk-7+]->[bk-4-]', 'sd-3', 'sd-3', NULL, 8, 'East'),
(649872, '[bk-7+]->[bk-4-]', 'st-41', 'st-41', NULL, 9, 'East'),
(649873, '[bk-7+]->[bk-4-]', 'ct-8', 'ct-8', NULL, 10, 'East'),
(649874, '[bk-7+]->[bk-4-]', 'st-40', 'st-40', NULL, 11, 'South'),
(649875, '[bk-7+]->[bk-4-]', 'se-2', 'se-2', NULL, 12, 'South'),
(649876, '[bk-7+]->[bk-4-]', 'bk-4-', 'bk-4', NULL, 13, 'South'),
(649877, '[bk-12+]->[bk-13-]', 'bk-12', 'bk-12', NULL, 0, NULL),
(649878, '[bk-12+]->[bk-13-]', 'bk-12+', 'bk-12', NULL, 1, NULL),
(649879, '[bk-12+]->[bk-13-]', 'se-39', 'se-39', NULL, 2, 'North'),
(649880, '[bk-12+]->[bk-13-]', 'st-54', 'st-54', NULL, 3, 'North'),
(649881, '[bk-12+]->[bk-13-]', 'se-40', 'se-40', NULL, 4, 'North'),
(649882, '[bk-12+]->[bk-13-]', 'ct-29', 'ct-29', NULL, 5, 'North'),
(649883, '[bk-12+]->[bk-13-]', 'st-58', 'st-58', NULL, 6, 'West'),
(649884, '[bk-12+]->[bk-13-]', 'st-6', 'st-6', NULL, 7, 'West'),
(649885, '[bk-12+]->[bk-13-]', 'st-29', 'st-29', NULL, 8, 'West'),
(649886, '[bk-12+]->[bk-13-]', 'sw-10', 'sw-10', 'G', 9, 'West'),
(649887, '[bk-12+]->[bk-13-]', 'st-55', 'st-55', NULL, 10, 'West'),
(649888, '[bk-12+]->[bk-13-]', 'sw-9', 'sw-9', 'G', 11, 'West'),
(649889, '[bk-12+]->[bk-13-]', 'ct-30', 'ct-30', NULL, 12, 'West'),
(649890, '[bk-12+]->[bk-13-]', 'ct-31', 'ct-31', NULL, 13, 'North'),
(649891, '[bk-12+]->[bk-13-]', 'st-30', 'st-30', NULL, 14, 'West'),
(649892, '[bk-12+]->[bk-13-]', 'si-10', 'si-10', NULL, 15, 'West'),
(649893, '[bk-12+]->[bk-13-]', 'se-36', 'se-36', NULL, 16, 'West'),
(649894, '[bk-12+]->[bk-13-]', 'bk-13-', 'bk-13', NULL, 17, 'West'),
(649979, '[bk-3-]->[bk-14-]', 'bk-3', 'bk-3', NULL, 0, NULL),
(649980, '[bk-3-]->[bk-14-]', 'bk-3-', 'bk-3', NULL, 1, NULL),
(649981, '[bk-3-]->[bk-14-]', 'se-19', 'se-19', NULL, 2, 'North'),
(649982, '[bk-3-]->[bk-14-]', 'se-54', 'se-54', NULL, 3, 'North');          
INSERT INTO "jcs"."route_elements" VALUES
(649983, '[bk-3-]->[bk-14-]', 'st-114', 'st-114', NULL, 4, 'North'),
(649984, '[bk-3-]->[bk-14-]', 'st-115', 'st-115', NULL, 5, 'North'),
(649985, '[bk-3-]->[bk-14-]', 'st-116', 'st-116', NULL, 6, 'North'),
(649986, '[bk-3-]->[bk-14-]', 'st-117', 'st-117', NULL, 7, 'North'),
(649987, '[bk-3-]->[bk-14-]', 'ct-41', 'ct-41', NULL, 8, 'North'),
(649988, '[bk-3-]->[bk-14-]', 'st-137', 'st-137', NULL, 9, 'East'),
(649989, '[bk-3-]->[bk-14-]', 'cr-2', 'cr-2', NULL, 10, 'East'),
(649990, '[bk-3-]->[bk-14-]', 'cr-1', 'cr-1', NULL, 11, 'East'),
(649991, '[bk-3-]->[bk-14-]', 'st-140', 'st-140', NULL, 12, 'East'),
(649992, '[bk-3-]->[bk-14-]', 'st-141', 'st-141', NULL, 13, 'East'),
(649993, '[bk-3-]->[bk-14-]', 'st-96', 'st-96', NULL, 14, 'East'),
(649994, '[bk-3-]->[bk-14-]', 'sw-14', 'sw-14', 'R', 15, 'East'),
(649995, '[bk-3-]->[bk-14-]', 'ct-36', 'ct-36', NULL, 16, 'South'),
(649996, '[bk-3-]->[bk-14-]', 'st-94', 'st-94', NULL, 17, 'East'),
(649997, '[bk-3-]->[bk-14-]', 'st-93', 'st-93', NULL, 18, 'East'),
(649998, '[bk-3-]->[bk-14-]', 'st-90', 'st-90', NULL, 19, 'East'),
(649999, '[bk-3-]->[bk-14-]', 'sd-8', 'sd-8', NULL, 20, 'East'),
(650000, '[bk-3-]->[bk-14-]', 'st-85', 'st-85', NULL, 21, 'East'),
(650001, '[bk-3-]->[bk-14-]', 'st-84', 'st-84', NULL, 22, 'East'),
(650002, '[bk-3-]->[bk-14-]', 'se-43', 'se-43', NULL, 23, 'East'),
(650003, '[bk-3-]->[bk-14-]', 'bk-14-', 'bk-14', NULL, 24, 'East'),
(650004, '[bk-4+]->[bk-3+]', 'bk-4', 'bk-4', NULL, 0, NULL),
(650005, '[bk-4+]->[bk-3+]', 'bk-4+', 'bk-4', NULL, 1, NULL),
(650006, '[bk-4+]->[bk-3+]', 'se-1', 'se-1', NULL, 2, 'South'),
(650007, '[bk-4+]->[bk-3+]', 'ct-2', 'ct-2', NULL, 3, 'South'),
(650008, '[bk-4+]->[bk-3+]', 'st-7', 'st-7', NULL, 4, 'West'),
(650009, '[bk-4+]->[bk-3+]', 'sw-1', 'sw-1', 'G', 5, 'West'),
(650010, '[bk-4+]->[bk-3+]', 'st-9', 'st-9', NULL, 6, 'West'),
(650011, '[bk-4+]->[bk-3+]', 'st-12', 'st-12', NULL, 7, 'West'),
(650012, '[bk-4+]->[bk-3+]', 'st-13', 'st-13', NULL, 8, 'West'),
(650013, '[bk-4+]->[bk-3+]', 'st-14', 'st-14', NULL, 9, 'West'),
(650014, '[bk-4+]->[bk-3+]', 'st-15', 'st-15', NULL, 10, 'West'),
(650015, '[bk-4+]->[bk-3+]', 'st-16', 'st-16', NULL, 11, 'West'),
(650016, '[bk-4+]->[bk-3+]', 'st-17', 'st-17', NULL, 12, 'West'),
(650017, '[bk-4+]->[bk-3+]', 'st-18', 'st-18', NULL, 13, 'West'),
(650018, '[bk-4+]->[bk-3+]', 'sd-1', 'sd-1', NULL, 14, 'West'),
(650019, '[bk-4+]->[bk-3+]', 'st-64', 'st-64', NULL, 15, 'West'),
(650020, '[bk-4+]->[bk-3+]', 'st-74', 'st-74', NULL, 16, 'West'),
(650021, '[bk-4+]->[bk-3+]', 'st-77', 'st-77', NULL, 17, 'West'),
(650022, '[bk-4+]->[bk-3+]', 'st-75', 'st-75', NULL, 18, 'West'),
(650023, '[bk-4+]->[bk-3+]', 'st-110', 'st-110', NULL, 19, 'West'),
(650024, '[bk-4+]->[bk-3+]', 'st-118', 'st-118', NULL, 20, 'West'),
(650025, '[bk-4+]->[bk-3+]', 'st-119', 'st-119', NULL, 21, 'West'),
(650026, '[bk-4+]->[bk-3+]', 'st-76', 'st-76', NULL, 22, 'West'),
(650027, '[bk-4+]->[bk-3+]', 'st-120', 'st-120', NULL, 23, 'West'),
(650028, '[bk-4+]->[bk-3+]', 'st-78', 'st-78', NULL, 24, 'West'),
(650029, '[bk-4+]->[bk-3+]', 'st-121', 'st-121', NULL, 25, 'West'),
(650030, '[bk-4+]->[bk-3+]', 'st-79', 'st-79', NULL, 26, 'West'),
(650031, '[bk-4+]->[bk-3+]', 'ct-38', 'ct-38', NULL, 27, 'West'),
(650032, '[bk-4+]->[bk-3+]', 'st-57', 'st-57', NULL, 28, 'North'),
(650033, '[bk-4+]->[bk-3+]', 'st-113', 'st-113', NULL, 29, 'North'),
(650034, '[bk-4+]->[bk-3+]', 'st-112', 'st-112', NULL, 30, 'North'),
(650035, '[bk-4+]->[bk-3+]', 'st-111', 'st-111', NULL, 31, 'North'),
(650036, '[bk-4+]->[bk-3+]', 'se-18', 'se-18', NULL, 32, 'North'),
(650037, '[bk-4+]->[bk-3+]', 'bk-3+', 'bk-3', NULL, 33, 'North');  
CREATE UNIQUE NULLS DISTINCT INDEX "jcs"."roel_pk_idx" ON "jcs"."route_elements"("id" NULLS FIRST);            
CREATE UNIQUE NULLS DISTINCT INDEX "jcs"."roel_rout_node_tile_un_idx" ON "jcs"."route_elements"("route_id" NULLS FIRST, "node_id" NULLS FIRST, "tile_id" NULLS FIRST);         
CREATE CACHED TABLE "jcs"."jcs_properties"(
    "p_key" CHARACTER VARYING(255) NOT NULL,
    "p_value" CHARACTER VARYING(255) NOT NULL
);      
ALTER TABLE "jcs"."jcs_properties" ADD CONSTRAINT "jcs"."prop_pk" PRIMARY KEY("p_key");        
-- 3 +/- SELECT COUNT(*) FROM jcs.jcs_properties;              
INSERT INTO "jcs"."jcs_properties" VALUES
('jcs.version', '1.0.0'),
('jcs.db.version', '1.0.0'),
('default.switchtime', '500');
CREATE UNIQUE NULLS DISTINCT INDEX "jcs"."prop_pk_idx" ON "jcs"."jcs_properties"("p_key" NULLS FIRST);         
CREATE CACHED TABLE "jcs"."jcs_version"(
    "db_version" CHARACTER VARYING(255) NOT NULL,
    "app_version" CHARACTER VARYING(255) NOT NULL
);
-- 1 +/- SELECT COUNT(*) FROM jcs.jcs_version; 
INSERT INTO "jcs"."jcs_version" VALUES
('0.0.4', '0.0.4');     
CREATE CACHED TABLE "jcs"."blocks"(
    "id" CHARACTER VARYING(255) SELECTIVITY 100 NOT NULL,
    "tile_id" CHARACTER VARYING(255) SELECTIVITY 100 NOT NULL,
    "description" CHARACTER VARYING(255) SELECTIVITY 100,
    "plus_sensor_id" INTEGER SELECTIVITY 100,
    "min_sensor_id" INTEGER SELECTIVITY 100,
    "plus_signal_id" CHARACTER VARYING(255) SELECTIVITY 63,
    "min_signal_id" CHARACTER VARYING(255) SELECTIVITY 15,
    "locomotive_id" BIGINT SELECTIVITY 47,
    "allow_non_commuter_only" BOOLEAN DEFAULT FALSE SELECTIVITY 10 NOT NULL,
    "status" CHARACTER VARYING(255) SELECTIVITY 26,
    "incoming_suffix" CHARACTER VARYING(255) SELECTIVITY 15,
    "min_wait_time" INTEGER DEFAULT 10 SELECTIVITY 15 NOT NULL,
    "max_wait_time" INTEGER SELECTIVITY 21,
    "random_wait" BOOLEAN DEFAULT FALSE SELECTIVITY 10 NOT NULL,
    "always_stop" BOOLEAN DEFAULT FALSE SELECTIVITY 10 NOT NULL,
    "allow_commuter_only" BOOLEAN DEFAULT FALSE SELECTIVITY 10 NOT NULL,
    "logical_direction" CHARACTER VARYING(255) SELECTIVITY 10,
    "allow_direction_change" BOOLEAN DEFAULT TRUE SELECTIVITY 10 NOT NULL
);           
ALTER TABLE "jcs"."blocks" ADD CONSTRAINT "jcs"."bloc_pk" PRIMARY KEY("id");   
-- 19 +/- SELECT COUNT(*) FROM jcs.blocks;     
INSERT INTO "jcs"."blocks" VALUES
('bk-1', 'bk-1', 'blok 1', 2003, 2004, '21', NULL, NULL, FALSE, 'Free', NULL, 10, NULL, FALSE, FALSE, TRUE, NULL, FALSE),
('bk-2', 'bk-2', 'blok 2', 2017, 1032, '22', NULL, NULL, TRUE, 'Free', NULL, 10, NULL, FALSE, FALSE, TRUE, NULL, TRUE),
('bk-3', 'bk-3', 'blok 3', 2018, 1018, NULL, NULL, 16416, TRUE, 'Occupied', '+', 10, NULL, FALSE, FALSE, TRUE, 'Forwards', TRUE),
('bk-4', 'bk-4', 'blok 4', 2020, 2023, NULL, NULL, NULL, TRUE, 'Free', NULL, 10, NULL, FALSE, FALSE, TRUE, NULL, TRUE),
('bk-5', 'bk-5', 'wpk-s5b', 2005, 2024, '43', NULL, NULL, FALSE, 'Free', NULL, 15, 45, TRUE, TRUE, TRUE, NULL, TRUE),
('bk-6', 'bk-6', 'wpk-s5a', 2007, 2025, '41', NULL, 61, FALSE, 'Occupied', '+', 15, 45, TRUE, TRUE, TRUE, 'Backwards', TRUE),
('bk-7', 'bk-7', 'mcs-s4', 1028, 1022, '31', NULL, NULL, TRUE, 'Free', NULL, 15, 20, FALSE, TRUE, FALSE, NULL, TRUE),
('bk-8', 'bk-8', 'msc-s3', 1027, 1020, '29', NULL, 16410, TRUE, 'Occupied', '-', 15, 20, FALSE, TRUE, FALSE, 'Forwards', TRUE),
('bk-9', 'bk-9', 'blok 9', 1005, 1002, '23', '17', NULL, TRUE, 'Free', NULL, 10, NULL, FALSE, FALSE, TRUE, NULL, FALSE),
('bk-10', 'bk-10', 'mcs-s2', 1030, 1024, '27', NULL, 16394, TRUE, 'Occupied', '-', 10, NULL, FALSE, TRUE, FALSE, 'Forwards', TRUE),
('bk-11', 'bk-11', 'mcs-s1', 1031, 1026, '25', NULL, 2, TRUE, 'Occupied', '-', 10, NULL, FALSE, TRUE, FALSE, 'Forwards', TRUE),
('bk-12', 'bk-12', 'blok 12', 2021, 2019, NULL, NULL, NULL, TRUE, 'Free', NULL, 10, NULL, FALSE, FALSE, TRUE, NULL, FALSE),
('bk-13', 'bk-13', 'stw-s1', 1015, 1014, NULL, '20', 16411, FALSE, 'Occupied', '-', 20, 40, TRUE, TRUE, TRUE, 'Backwards', TRUE),
('bk-14', 'bk-14', 'schaduw-s4', 2028, 1013, NULL, NULL, NULL, TRUE, 'Free', NULL, 10, 20, TRUE, TRUE, TRUE, 'Forwards', TRUE),
('bk-15', 'bk-15', 'schaduw-s3', 2027, 1012, NULL, NULL, 16421, TRUE, 'Occupied', '-', 10, 20, TRUE, TRUE, TRUE, 'Forwards', TRUE),
('bk-16', 'bk-16', 'schaduw-s2', 1010, 2026, NULL, NULL, 16395, TRUE, 'Occupied', '-', 10, 20, TRUE, TRUE, TRUE, 'Forwards', TRUE),
('bk-17', 'bk-17', 'schaduw-s1', 1009, 1008, NULL, NULL, NULL, TRUE, 'Free', NULL, 10, 20, TRUE, TRUE, TRUE, NULL, TRUE),
('bk-18', 'bk-18', 'blok 18', 1004, 1001, '16', NULL, NULL, TRUE, 'Free', NULL, 10, NULL, FALSE, FALSE, TRUE, NULL, TRUE),
('bk-19', 'bk-19', 'blok 19', 1006, 1007, '19', NULL, NULL, TRUE, 'Free', NULL, 10, NULL, FALSE, FALSE, TRUE, NULL, TRUE);     
CREATE UNIQUE NULLS DISTINCT INDEX "jcs"."bloc_pk_idx" ON "jcs"."blocks"("id" NULLS FIRST);    
CREATE UNIQUE NULLS DISTINCT INDEX "jcs"."bloc_tile_idx" ON "jcs"."blocks"("tile_id" NULLS FIRST);             
CREATE CACHED TABLE "jcs"."routes"(
    "id" CHARACTER VARYING(255) SELECTIVITY 100 NOT NULL,
    "from_tile_id" CHARACTER VARYING(255) SELECTIVITY 65 NOT NULL,
    "from_suffix" CHARACTER VARYING(255) SELECTIVITY 6 NOT NULL,
    "to_tile_id" CHARACTER VARYING(255) SELECTIVITY 65 NOT NULL,
    "to_suffix" CHARACTER VARYING(255) SELECTIVITY 6 NOT NULL,
    "route_color" CHARACTER VARYING(255) SELECTIVITY 3,
    "locked" BOOLEAN DEFAULT FALSE SELECTIVITY 6 NOT NULL,
    "status" CHARACTER VARYING(255) SELECTIVITY 3,
    "departure_signal_value" CHARACTER VARYING(255) SELECTIVITY 10
);  
ALTER TABLE "jcs"."routes" ADD CONSTRAINT "jcs"."rout_pk" PRIMARY KEY("id");   
-- 29 +/- SELECT COUNT(*) FROM jcs.routes;     
INSERT INTO "jcs"."routes" VALUES
('[bk-10+]->[bk-18-]', 'bk-10', '+', 'bk-18', '-', NULL, FALSE, NULL, 'Hp1'),
('[bk-6+]->[bk-1-]', 'bk-6', '+', 'bk-1', '-', NULL, FALSE, NULL, NULL),
('[bk-14+]->[bk-19-]', 'bk-14', '+', 'bk-19', '-', NULL, FALSE, NULL, NULL),
('[bk-15+]->[bk-19-]', 'bk-15', '+', 'bk-19', '-', NULL, FALSE, NULL, NULL),
('[bk-4+]->[bk-3+]', 'bk-4', '+', 'bk-3', '+', NULL, FALSE, NULL, NULL),
('[bk-12+]->[bk-11-]', 'bk-12', '+', 'bk-11', '-', NULL, FALSE, NULL, NULL),
('[bk-12+]->[bk-10-]', 'bk-12', '+', 'bk-10', '-', NULL, FALSE, NULL, NULL),
('[bk-7+]->[bk-4-]', 'bk-7', '+', 'bk-4', '-', NULL, FALSE, NULL, 'Hp2'),
('[bk-12+]->[bk-13-]', 'bk-12', '+', 'bk-13', '-', NULL, FALSE, NULL, NULL),
('[bk-11+]->[bk-18-]', 'bk-11', '+', 'bk-18', '-', NULL, FALSE, NULL, 'Hp2'),
('[bk-3-]->[bk-14-]', 'bk-3', '-', 'bk-14', '-', NULL, FALSE, NULL, NULL),
('[bk-16+]->[bk-2-]', 'bk-16', '+', 'bk-2', '-', NULL, FALSE, NULL, NULL),
('[bk-1-]->[bk-5+]', 'bk-1', '-', 'bk-5', '+', NULL, FALSE, NULL, NULL),
('[bk-9-]->[bk-18-]', 'bk-9', '-', 'bk-18', '-', NULL, FALSE, NULL, 'Hp2'),
('[bk-1-]->[bk-6+]', 'bk-1', '-', 'bk-6', '+', NULL, FALSE, NULL, NULL),
('[bk-5+]->[bk-1-]', 'bk-5', '+', 'bk-1', '-', NULL, FALSE, NULL, NULL),
('[bk-8+]->[bk-4-]', 'bk-8', '+', 'bk-4', '-', NULL, FALSE, NULL, 'Hp1'),
('[bk-19+]->[bk-9-]', 'bk-19', '+', 'bk-9', '-', NULL, FALSE, NULL, NULL),
('[bk-3-]->[bk-15-]', 'bk-3', '-', 'bk-15', '-', NULL, FALSE, NULL, NULL),
('[bk-13-]->[bk-12+]', 'bk-13', '-', 'bk-12', '+', NULL, FALSE, NULL, 'Hp1'),
('[bk-9+]->[bk-1+]', 'bk-9', '+', 'bk-1', '+', NULL, FALSE, NULL, 'Hp1'),
('[bk-18+]->[bk-16-]', 'bk-18', '+', 'bk-16', '-', NULL, FALSE, NULL, NULL),
('[bk-18+]->[bk-17-]', 'bk-18', '+', 'bk-17', '-', NULL, FALSE, NULL, NULL),
('[bk-2+]->[bk-12-]', 'bk-2', '+', 'bk-12', '-', NULL, FALSE, NULL, 'Hp1'),
('[bk-9+]->[bk-8-]', 'bk-9', '+', 'bk-8', '-', NULL, FALSE, NULL, 'Hp2'),
('[bk-17+]->[bk-2-]', 'bk-17', '+', 'bk-2', '-', NULL, FALSE, NULL, NULL),
('[bk-9+]->[bk-7-]', 'bk-9', '+', 'bk-7', '-', NULL, FALSE, NULL, 'Hp2'),
('[bk-1+]->[bk-9+]', 'bk-1', '+', 'bk-9', '+', NULL, FALSE, NULL, 'Hp1'),
('[bk-12-]->[bk-3+]', 'bk-12', '-', 'bk-3', '+', NULL, FALSE, NULL, NULL);      
CREATE UNIQUE NULLS DISTINCT INDEX "jcs"."rout_pk_idx" ON "jcs"."routes"("id" NULLS FIRST);    
CREATE UNIQUE NULLS DISTINCT INDEX "jcs"."rout_from_to_un_idx" ON "jcs"."routes"("from_tile_id" NULLS FIRST, "from_suffix" NULLS FIRST, "to_tile_id" NULLS FIRST, "to_suffix" NULLS FIRST);    
ALTER TABLE "jcs"."tiles" ADD CONSTRAINT "jcs"."tile_acce_sens_arc_ck" CHECK((("accessory_id" IS NOT NULL)
    AND ("sensor_id" IS NULL))
    OR (("accessory_id" IS NULL)
    AND (("sensor_id" IS NOT NULL)
    OR ("sensor_id" IS NULL)))) NOCHECK;         
ALTER TABLE "jcs"."sensors" ADD CONSTRAINT "jcs"."sens_deid_coid_un" UNIQUE NULLS DISTINCT ("device_id", "contact_id", "bus_nr", "command_station_id");        
ALTER TABLE "jcs"."route_elements" ADD CONSTRAINT "jcs"."roel_rout_node_tile_un" UNIQUE NULLS DISTINCT ("route_id", "node_id", "tile_id");     
ALTER TABLE "jcs"."blocks" ADD CONSTRAINT "jcs"."bloc_tile_un" UNIQUE NULLS DISTINCT ("tile_id");              
ALTER TABLE "jcs"."accessories" ADD CONSTRAINT "jcs"."acce_address_un" UNIQUE NULLS DISTINCT ("protocol", "address", "command_station_id");    
ALTER TABLE "jcs"."tiles" ADD CONSTRAINT "jcs"."tile_x_y_un" UNIQUE NULLS DISTINCT ("x", "y"); 
ALTER TABLE "jcs"."locomotive_functions" ADD CONSTRAINT "jcs"."lofu_loid_fnum_un" UNIQUE NULLS DISTINCT ("locomotive_id", "f_number");         
ALTER TABLE "jcs"."routes" ADD CONSTRAINT "jcs"."rout_from_to_un" UNIQUE NULLS DISTINCT ("from_tile_id", "from_suffix", "to_tile_id", "to_suffix");            
ALTER TABLE "jcs"."blocks" ADD CONSTRAINT "jcs"."blck_sens_plus_fk" FOREIGN KEY("plus_sensor_id") REFERENCES "jcs"."sensors"("id") NOCHECK;    
ALTER TABLE "jcs"."routes" ADD CONSTRAINT "jcs"."rout_tile_to_fk" FOREIGN KEY("to_tile_id") REFERENCES "jcs"."tiles"("id") NOCHECK;            
ALTER TABLE "jcs"."blocks" ADD CONSTRAINT "jcs"."blck_tile_fk" FOREIGN KEY("tile_id") REFERENCES "jcs"."tiles"("id") NOCHECK;  
ALTER TABLE "jcs"."accessories" ADD CONSTRAINT "jcs"."acce_cost_fk" FOREIGN KEY("command_station_id") REFERENCES "jcs"."command_stations"("id") NOCHECK;       
ALTER TABLE "jcs"."locomotive_functions" ADD CONSTRAINT "jcs"."lofu_loco_fk" FOREIGN KEY("locomotive_id") REFERENCES "jcs"."locomotives"("id") NOCHECK;        
ALTER TABLE "jcs"."station_blocks" ADD CONSTRAINT "jcs"."blck_stbl_fk" FOREIGN KEY("block_id") REFERENCES "jcs"."blocks"("id") NOCHECK;        
ALTER TABLE "jcs"."blocks" ADD CONSTRAINT "jcs"."blck_acce_sig_plus_fk" FOREIGN KEY("plus_signal_id") REFERENCES "jcs"."accessories"("id") NOCHECK;            
ALTER TABLE "jcs"."route_elements" ADD CONSTRAINT "jcs"."roel_tile_fk" FOREIGN KEY("tile_id") REFERENCES "jcs"."tiles"("id") NOCHECK;          
ALTER TABLE "jcs"."routes" ADD CONSTRAINT "jcs"."rout_tile_from_fk" FOREIGN KEY("from_tile_id") REFERENCES "jcs"."tiles"("id") NOCHECK;        
ALTER TABLE "jcs"."locomotives" ADD CONSTRAINT "jcs"."loco_cost_fk" FOREIGN KEY("command_station_id") REFERENCES "jcs"."command_stations"("id") NOCHECK;       
ALTER TABLE "jcs"."blocks" ADD CONSTRAINT "jcs"."blck_sens_min_fk" FOREIGN KEY("min_sensor_id") REFERENCES "jcs"."sensors"("id") NOCHECK;      
ALTER TABLE "jcs"."station_blocks" ADD CONSTRAINT "jcs"."stat_stbl_fk" FOREIGN KEY("station_id") REFERENCES "jcs"."stations"("id") NOCHECK;    
ALTER TABLE "jcs"."route_elements" ADD CONSTRAINT "jcs"."roel_rout_fk" FOREIGN KEY("route_id") REFERENCES "jcs"."routes"("id") NOCHECK;        
ALTER TABLE "jcs"."blocks" ADD CONSTRAINT "jcs"."blck_acce_sig_min_fk" FOREIGN KEY("min_signal_id") REFERENCES "jcs"."accessories"("id") NOCHECK;              
ALTER TABLE "jcs"."blocks" ADD CONSTRAINT "jcs"."blck_loco_fk" FOREIGN KEY("locomotive_id") REFERENCES "jcs"."locomotives"("id") NOCHECK;      
ALTER TABLE "jcs"."tiles" ADD CONSTRAINT "jcs"."tile_acc_fk" FOREIGN KEY("accessory_id") REFERENCES "jcs"."accessories"("id") NOCHECK;         
ALTER TABLE "jcs"."tiles" ADD CONSTRAINT "jcs"."tile_sens_fk" FOREIGN KEY("sensor_id") REFERENCES "jcs"."sensors"("id") NOCHECK;               
